# gsimlt_path=b1,smlt_path=b1,imt=PGA,investigation_time=475.0
lon,lat,iml
-79.0017,0.407533,0.0228531
-79.0017,-0.590714,0.0228686
-79.0015,1.40578,0.0228458
-79.0014,-1.58896,0.0228925
-79.0009,2.40403,0.0228468
-79.0007,-2.58721,0.0229248
-79,3.40227,0.0228563
-78.9998,-3.58546,0.0229684
-78.9988,4.40052,0.0228748
-78.9986,-4.5837,0.0230189
-78.9973,5.39877,0.0229027
-78.997,-5.58195,0.0230793
-78.9955,6.39701,0.0229429
-78.9951,-6.5802,0.0231532
-78.9934,7.39526,0.0229916
-78.993,-7.57844,0.0232391
-78.9909,8.39351,0.0230521
-78.9905,-8.57669,0.0233379
-78.9882,9.39176,0.023128
-78.9877,-9.57494,0.023451
-78.9851,10.39,0.0232182
-78.9845,-10.5732,0.0235819
-78.9817,11.3882,0.0233242
-78.981,-11.5714,0.0237278
-78.978,12.3865,0.0234481
-78.9772,-12.5697,0.0238914
-78.9739,13.3847,0.0233072
-78.9731,-13.5679,0.0240772
-78.9686,-14.5662,0.0242906
-78.9638,-15.5644,0.0245405
-78.9586,-16.5627,0.0248256
-78.953,-17.5609,0.0251503
-78.947,-18.5592,0.025519
-78.9406,-19.5574,0.0259379
-78.9339,-20.5557,0.0264141
-78.9267,-21.5539,0.026969
-78.9191,-22.5521,0.0275741
-78.9111,-23.5504,0.0282551
-78.9026,-24.5486,0.0290212
-78.8936,-25.5469,0.0298848
-78.8841,-26.5451,0.0308795
-78.8742,-27.5434,0.0320152
-78.8637,-28.5416,0.0333164
-78.8526,-29.5399,0.0348477
-78.841,-30.5381,0.0366844
-78.8288,-31.5364,0.0387333
-78.816,-32.5346,0.0409954
-78.8025,-33.5329,0.0436378
-78.7883,-34.5311,0.0467824
-78.7734,-35.5294,0.0507028
-78.7578,-36.5276,0.0551318
-78.0035,0.407533,0.0229386
-78.0034,-0.590714,0.0229539
-78.0029,1.40578,0.0229308
-78.0027,-1.58896,0.0229769
-78.0017,2.40403,0.022931
-78.0015,-2.58721,0.0230082
-78,3.40227,0.0229401
-77.9996,-3.58546,0.0230535
-77.9976,4.40052,0.0229596
-77.9971,-4.5837,0.0231052
-77.9946,5.39877,0.0229938
-77.994,-5.58195,0.0231729
-77.991,6.39701,0.0230405
-77.9903,-6.5802,0.0232543
-77.9868,7.39526,0.0231077
-77.9859,-7.57844,0.0233611
-77.9819,8.39351,0.0231946
-77.9809,-8.57669,0.0234891
-77.9764,9.39176,0.0233139
-77.9753,-9.57494,0.0236493
-77.9702,10.39,0.0234665
-77.969,-10.5732,0.0238436
-77.9634,11.3882,0.0236539
-77.9621,-11.5714,0.0240818
-77.9559,12.3865,0.0238818
-77.9545,-12.5697,0.0243811
-77.9478,13.3847,0.0238885
-77.9462,-13.5679,0.0247434
-77.9372,-14.5662,0.0251806
-77.9275,-15.5644,0.025707
-77.9171,-16.5627,0.0263435
-77.9059,-17.5609,0.0271328
-77.894,-18.5592,0.0280214
-77.8813,-19.5574,0.0290664
-77.8678,-20.5557,0.030311
-77.8534,-21.5539,0.0318058
-77.8382,-22.5521,0.0335978
-77.8221,-23.5504,0.0358656
-77.8052,-24.5486,0.0385941
-77.7872,-25.5469,0.0417032
-77.7683,-26.5451,0.0455277
-77.7484,-27.5434,0.0505666
-77.7274,-28.5416,0.0567178
-77.7053,-29.5399,0.0643934
-77.6821,-30.5381,0.0769903
-77.6576,-31.5364,0.0944257
-77.632,-32.5346,0.119996
-77.605,-33.5329,0.159032
-77.5767,-34.5311,0.218991
-77.5469,-35.5294,0.307483
-77.5156,-36.5276,0.385611
-77.4828,-37.5259,0.00787364
-77.0052,0.407533,0.022942
-77.0051,-0.590714,0.0229596
-77.0044,1.40578,0.0229332
-77.0041,-1.58896,0.0229815
-77.0026,2.40403,0.0229319
-77.0022,-2.58721,0.0230114
-77,3.40227,0.0229401
-76.9994,-3.58546,0.0230541
-76.9964,4.40052,0.0229613
-76.9957,-4.5837,0.0231064
-76.9919,5.39877,0.023002
-76.991,-5.58195,0.0231827
-76.9865,6.39701,0.0230618
-76.9854,-6.5802,0.0232847
-76.9801,7.39526,0.0231609
-76.9789,-7.57844,0.0234245
-76.9728,8.39351,0.023299
-76.9714,-8.57669,0.0236103
-76.9646,9.39176,0.0234869
-76.963,-9.57494,0.0238464
-76.9553,10.39,0.0237325
-76.9535,-10.5732,0.0241576
-76.9451,11.3882,0.0240575
-76.9431,-11.5714,0.0245614
-76.9339,12.3865,0.0244721
-76.9317,-12.5697,0.0250734
-76.9217,13.3847,0.0247252
-76.9193,-13.5679,0.0257183
-76.9058,-14.5662,0.0265526
-76.8913,-15.5644,0.0275723
-76.8757,-16.5627,0.0287872
-76.8589,-17.5609,0.0302795
-76.841,-18.5592,0.0321304
-76.8219,-19.5574,0.0344721
-76.8017,-20.5557,0.0375666
-76.7801,-21.5539,0.04113
-76.7573,-22.5521,0.0456735
-76.7332,-23.5504,0.0519681
-76.7077,-24.5486,0.0597483
-76.6808,-25.5469,0.0717614
-76.6524,-26.5451,0.0904632
-76.6225,-27.5434,0.119749
-76.5911,-28.5416,0.166708
-76.5579,-29.5399,0.241205
-76.5231,-30.5381,0.332089
-76.4865,-31.5364,0.352678
-76.4479,-32.5346,0.274608
-76.4075,-33.5329,0.180823
-76.365,-34.5311,0.121223
-76.3203,-35.5294,0.0855063
-76.2734,-36.5276,0.0638141
-76.2241,-37.5259,0.00802137
-76.0069,0.407533,0.0229497
-76.0068,-0.590714,0.0229661
-76.0058,1.40578,0.0229367
-76.0055,-1.58896,0.0229926
-76.0035,2.40403,0.0229331
-76.0029,-2.58721,0.0230343
-76,3.40227,0.0229401
-75.9992,-3.58546,0.0231026
-75.9952,4.40052,0.0229635
-75.9942,-4.5837,0.0232116
-75.9892,5.39877,0.0230115
-75.988,-5.58195,0.0233742
-75.982,6.39701,0.0231007
-75.9805,-6.5802,0.0235888
-75.9735,7.39526,0.0232396
-75.9718,-7.57844,0.0238337
-75.9638,8.39351,0.0234416
-75.9619,-8.57669,0.024084
-75.9528,9.39176,0.0237218
-75.9506,-9.57494,0.0243735
-75.9405,10.39,0.0241103
-75.9381,-10.5732,0.0247667
-75.9268,11.3882,0.0246246
-75.9242,-11.5714,0.0253231
-75.9119,12.3865,0.0252954
-75.909,-12.5697,0.026096
-75.8955,13.3847,0.0259231
-75.8924,-13.5679,0.0271741
-75.8778,14.383,0.00875572
-75.8744,-14.5662,0.0284886
-75.855,-15.5644,0.0301599
-75.8342,-16.5627,0.0323029
-75.8119,-17.5609,0.0351271
-75.788,-18.5592,0.0388419
-75.7626,-19.5574,0.0433917
-75.7356,-20.5557,0.0496678
-75.7069,-21.5539,0.0581329
-75.6765,-22.5521,0.0709607
-75.6443,-23.5504,0.0925227
-75.6103,-24.5486,0.127956
-75.5744,-25.5469,0.187664
-75.5366,-26.5451,0.278417
-75.4967,-27.5434,0.331869
-75.4547,-28.5416,0.268983
-75.4106,-29.5399,0.172777
-75.3641,-30.5381,0.111844
-75.3153,-31.5364,0.0768266
-75.2639,-32.5346,0.0573951
-75.21,-33.5329,0.0457681
-75.1533,-34.5311,0.0383182
-75.0938,-35.5294,0.0333751
-75.0312,-36.5276,0.0308405
-75.0086,0.407533,0.0229764
-75.0085,-0.590714,0.02304
-75.0073,1.40578,0.0229505
-75.0068,-1.58896,0.0231906
-75.0044,2.40403,0.0229365
-75.0037,-2.58721,0.0235556
-75,3.40227,0.0229405
-74.999,-3.58546,0.0244084
-74.994,4.40052,0.0229689
-74.9928,-4.5837,0.0262968
-74.9865,5.39877,0.0230271
-74.985,-5.58195,0.029806
-74.9775,6.39701,0.0231467
-74.9757,-6.5802,0.0344076
-74.9669,7.39526,0.0233373
-74.9655,-37.5259,0.00802034
-74.9648,-7.57844,0.0377004
-74.9547,8.39351,0.0236188
-74.9523,-8.57669,0.0372895
-74.941,9.39176,0.024028
-74.9383,-9.57494,0.034034
-74.9256,10.39,0.024593
-74.9226,-10.5732,0.0307468
-74.9085,11.3882,0.0253558
-74.9052,-11.5714,0.0289796
-74.8898,12.3865,0.0264069
-74.8862,-12.5697,0.0287017
-74.8694,13.3847,0.027533
-74.8655,-13.5679,0.0295005
-74.8473,14.383,0.00868697
-74.843,-14.5662,0.0312071
-74.8188,-15.5644,0.0337854
-74.7928,-16.5627,0.0375679
-74.7648,-17.5609,0.0422593
-74.735,-18.5592,0.0488324
-74.7032,-19.5574,0.0581045
-74.6694,-20.5557,0.0729354
-74.6336,-21.5539,0.0988094
-74.5956,-22.5521,0.143843
-74.5554,-23.5504,0.218622
-74.5129,-24.5486,0.304944
-74.468,-25.5469,0.282418
-74.4207,-26.5451,0.181685
-74.3709,-27.5434,0.112855
-74.3184,-28.5416,0.0748517
-74.2632,-29.5399,0.0549149
-74.2051,-30.5381,0.0430647
-74.1441,-31.5364,0.0355527
-74.0799,-32.5346,0.0310779
-74.0125,-33.5329,0.0294605
-74.0104,0.407533,0.0232594
-74.0102,-0.590714,0.0237158
-74.0087,1.40578,0.0230547
-74.0082,-1.58896,0.0247223
-74.0052,2.40403,0.0229697
-74.0044,-2.58721,0.0269963
-73.9999,3.40227,0.0229489
-73.9988,-3.58546,0.0320288
-73.9928,4.40052,0.0229743
-73.9913,-4.5837,0.0433391
-73.9838,5.39877,0.0230504
-73.982,-5.58195,0.0651049
-73.973,6.39701,0.0232043
-73.9708,-6.5802,0.0967957
-73.9603,7.39526,0.0234539
-73.9578,-7.57844,0.12224
-73.9457,8.39351,0.0238389
-73.9428,-8.57669,0.118293
-73.9416,-34.5311,0.0310064
-73.9292,9.39176,0.0243994
-73.9259,-9.57494,0.0894174
-73.9107,10.39,0.025185
-73.9071,-10.5732,0.0608281
-73.8903,11.3882,0.0262928
-73.8863,-11.5714,0.0436809
-73.8678,12.3865,0.0277677
-73.8672,-35.5294,0.0366602
-73.8635,-12.5697,0.0360593
-73.8433,13.3847,0.0294304
-73.8386,-13.5679,0.0340585
-73.8168,14.383,0.00870844
-73.8117,-14.5662,0.035369
-73.789,-36.5276,0.0481027
-73.7826,-15.5644,0.0390411
-73.7513,-16.5627,0.0445048
-73.7178,-17.5609,0.0529842
-73.7069,-37.5259,0.0080217
-73.682,-18.5592,0.064769
-73.6439,-19.5574,0.0876343
-73.6033,-20.5557,0.128169
-73.5603,-21.5539,0.200846
-73.5147,-22.5521,0.28897
-73.4664,-23.5504,0.264815
-73.4155,-24.5486,0.1656
-73.3616,-25.5469,0.100886
-73.3049,-26.5451,0.0656208
-73.2451,-27.5434,0.0489867
-73.1821,-28.5416,0.0386596
-73.1159,-29.5399,0.0320934
-73.0462,-30.5381,0.0288768
-73.0121,0.407533,0.0240661
-73.0119,-0.590714,0.0256313
-73.0102,1.40578,0.0233453
-73.0096,-1.58896,0.0286286
-73.0061,2.40403,0.0230568
-73.0051,-2.58721,0.0340032
-72.9999,3.40227,0.0229699
-72.9986,-3.58546,0.0436405
-72.9916,4.40052,0.0229827
-72.9899,-4.5837,0.060933
-72.9811,5.39877,0.023075
-72.979,-5.58195,0.0893767
-72.9729,-31.5364,0.0288096
-72.9685,6.39701,0.0232678
-72.9659,-6.5802,0.125839
-72.9537,7.39526,0.0235893
-72.9507,-7.57844,0.15199
-72.9366,8.39351,0.0240976
-72.9333,-8.57669,0.144821
-72.9174,9.39176,0.0248388
-72.9136,-9.57494,0.109322
-72.8959,-32.5346,0.0325636
-72.8958,10.39,0.0259006
-72.8916,-10.5732,0.0736945
-72.872,11.3882,0.027416
-72.8673,-11.5714,0.0512072
-72.8458,12.3865,0.0293458
-72.8407,-12.5697,0.0409495
-72.8172,13.3847,0.0317673
-72.815,-33.5329,0.0417763
-72.8117,-13.5679,0.0383057
-72.7862,14.383,0.00873838
-72.7803,-14.5662,0.040255
-72.7463,-15.5644,0.0455273
-72.73,-34.5311,0.0608719
-72.7099,-16.5627,0.0547777
-72.6708,-17.5609,0.069424
-72.6406,-35.5294,0.117581
-72.629,-18.5592,0.0985013
-72.5845,-19.5574,0.151951
-72.5468,-36.5276,0.313608
-72.5372,-20.5557,0.239374
-72.487,-21.5539,0.283731
-72.4483,-37.5259,0.00787156
-72.4338,-22.5521,0.19279
-72.3775,-23.5504,0.11234
-72.318,-24.5486,0.0700497
-72.2552,-25.5469,0.0501756
-72.189,-26.5451,0.0386561
-72.1193,-27.5434,0.0315621
-72.0458,-28.5416,0.028134
-72.0138,0.407533,0.0241441
-72.0136,-0.590714,0.0258145
-72.0116,1.40578,0.0233641
-72.011,-1.58896,0.0288447
-72.007,2.40403,0.023059
-72.0059,-2.58721,0.0338723
-71.9999,3.40227,0.0229671
-71.9984,-3.58546,0.0420947
-71.9904,4.40052,0.0229846
-71.9884,-4.5837,0.0555917
-71.9784,5.39877,0.0231025
-71.976,-5.58195,0.0757765
-71.9685,-29.5399,0.0281348
-71.964,6.39701,0.023343
-71.9611,-6.5802,0.098165
-71.9471,7.39526,0.0237519
-71.9437,-7.57844,0.109117
-71.9276,8.39351,0.0243956
-71.9237,-8.57669,0.0966843
-71.9055,9.39176,0.0253509
-71.9012,-9.57494,0.0702509
-71.8872,-30.5381,0.0322858
-71.8809,10.39,0.0267827
-71.8761,-10.5732,0.0486261
-71.8537,11.3882,0.0286704
-71.8484,-11.5714,0.0385845
-71.8237,12.3865,0.0312365
-71.818,-12.5697,0.0366107
-71.8017,-31.5364,0.0425553
-71.7911,13.3847,0.0346736
-71.7848,-13.5679,0.0391413
-71.7557,14.383,0.00876856
-71.7489,-14.5662,0.0446698
-71.7119,-32.5346,0.0648278
-71.7101,-15.5644,0.0542815
-71.6684,-16.5627,0.0698697
-71.6237,-17.5609,0.102033
-71.6175,-33.5329,0.140975
-71.576,-18.5592,0.161769
-71.5252,-19.5574,0.253548
-71.5183,-34.5311,0.367043
-71.4711,-20.5557,0.254109
-71.4141,-35.5294,0.203234
-71.4137,-21.5539,0.154546
-71.3529,-22.5521,0.0890054
-71.3046,-36.5276,0.0781006
-71.2886,-23.5504,0.0579749
-71.2206,-24.5486,0.0425351
-71.1896,-37.5259,0.0080205
-71.1489,-25.5469,0.0333588
-71.0732,-26.5451,0.0284701
-71.0688,-38.5241,0.005
-71.0155,0.407533,0.0232913
-71.0153,-0.590714,0.0237514
-71.0131,1.40578,0.0230679
-71.0123,-1.58896,0.0246379
-71.0079,2.40403,0.022971
-71.0066,-2.58721,0.0262702
-70.9999,3.40227,0.0229459
-70.9982,-3.58546,0.0290275
-70.9935,-27.5434,0.027183
-70.9892,4.40052,0.022986
-70.987,-4.5837,0.0333473
-70.9758,5.39877,0.023133
-70.973,-5.58195,0.0387526
-70.9595,6.39701,0.023427
-70.9562,-6.5802,0.0426207
-70.9404,7.39526,0.0239338
-70.9366,-7.57844,0.0425582
-70.9185,8.39351,0.0247338
-70.9142,-8.57669,0.0388669
-70.9095,-28.5416,0.0300273
-70.8937,9.39176,0.0259434
-70.8889,-9.57494,0.0351473
-70.866,10.39,0.0277334
-70.8606,-10.5732,0.0345325
-70.8354,11.3882,0.0301237
-70.8294,-11.5714,0.0360441
-70.8212,-29.5399,0.03872
-70.8017,12.3865,0.0334794
-70.7952,-12.5697,0.0389432
-70.765,13.3847,0.0383123
-70.7579,-13.5679,0.0437407
-70.7282,-30.5381,0.0579703
-70.7251,14.383,0.008798
-70.7175,-14.5662,0.0523903
-70.6739,-15.5644,0.0664931
-70.6305,-31.5364,0.119354
-70.627,-16.5627,0.0976167
-70.5767,-17.5609,0.158003
-70.5279,-32.5346,0.335809
-70.523,-18.5592,0.250159
-70.4658,-19.5574,0.239193
-70.42,-33.5329,0.207661
-70.405,-20.5557,0.139528
-70.3404,-21.5539,0.079538
-70.3066,-34.5311,0.0763063
-70.272,-22.5521,0.0528249
-70.1997,-23.5504,0.0388621
-70.1875,-35.5294,0.0434513
-70.1232,-24.5486,0.0308078
-70.0624,-36.5276,0.0318629
-70.0425,-25.5469,0.0270965
-70.0173,0.407533,0.0230261
-70.017,-0.590714,0.0230725
-70.0145,1.40578,0.0229845
-70.0137,-1.58896,0.0231487
-70.0087,2.40403,0.0229489
-70.0073,-2.58721,0.0233419
-69.9999,3.40227,0.0229403
-69.998,-3.58546,0.0237387
-69.988,4.40052,0.0229914
-69.9855,-4.5837,0.0243936
-69.9731,5.39877,0.0231696
-69.97,-5.58195,0.0252622
-69.9573,-26.5451,0.0273986
-69.955,6.39701,0.0235195
-69.9513,-6.5802,0.0263747
-69.9338,7.39526,0.0241359
-69.931,-37.5259,0.00801995
-69.9296,-7.57844,0.0283695
-69.9095,8.39351,0.0251139
-69.9047,-8.57669,0.0325655
-69.8819,9.39176,0.0266477
-69.8765,-9.57494,0.0395189
-69.8676,-27.5434,0.0326212
-69.8512,10.39,0.028789
-69.8451,-10.5732,0.0461322
-69.8171,11.3882,0.0318058
-69.8105,-11.5714,0.0492283
-69.7929,-38.5241,0.005
-69.7797,12.3865,0.0362713
-69.7732,-28.5416,0.0457111
-69.7724,-12.5697,0.0501876
-69.7389,13.3847,0.0423769
-69.731,-13.5679,0.0537503
-69.6946,14.383,0.00882605
-69.6861,-14.5662,0.0635041
-69.6738,-29.5399,0.0803461
-69.6376,-15.5644,0.0885904
-69.5855,-16.5627,0.143687
-69.5693,-30.5381,0.218895
-69.5297,-17.5609,0.235109
-69.47,-18.5592,0.240282
-69.4594,-31.5364,0.300267
-69.4065,-19.5574,0.139188
-69.3438,-32.5346,0.0974797
-69.3389,-20.5557,0.0776217
-69.2672,-21.5539,0.0509071
-69.2225,-33.5329,0.048201
-69.1912,-22.5521,0.03729
-69.1107,-23.5504,0.0296144
-69.0949,-34.5311,0.0329264
-69.0258,-24.5486,0.0264625
-69.019,0.407533,0.0230294
-69.0187,-0.590714,0.0230424
-69.016,1.40578,0.0229918
-69.0151,-1.58896,0.0230365
-69.0096,2.40403,0.0229517
-69.0081,-2.58721,0.0230364
-68.9999,3.40227,0.0229401
-68.9978,-3.58546,0.023081
-68.9868,4.40052,0.0229989
-68.9841,-4.5837,0.0232374
-68.9704,5.39877,0.0232066
-68.967,-5.58195,0.0236483
-68.961,-35.5294,0.0308669
-68.9505,6.39701,0.0236221
-68.9465,-6.5802,0.0245699
-68.9361,-25.5469,0.0277703
-68.9272,7.39526,0.0243592
-68.9225,-7.57844,0.026445
-68.9004,8.39351,0.0255349
-68.8951,-8.57669,0.0294939
-68.8701,9.39176,0.0274017
-68.8642,-9.57494,0.0335094
-68.8415,-26.5451,0.0347693
-68.8363,10.39,0.0299837
-68.8297,-10.5732,0.0376636
-68.8202,-36.5276,0.0428015
-68.7988,11.3882,0.0337533
-68.7915,-11.5714,0.0415987
-68.7576,12.3865,0.0394483
-68.7497,-12.5697,0.047008
-68.7418,-27.5434,0.0522711
-68.7128,13.3847,0.047348
-68.7041,-13.5679,0.0568294
-68.6724,-37.5259,0.00802177
-68.6641,14.383,0.00885403
-68.6547,-14.5662,0.0767238
-68.6369,-28.5416,0.107316
-68.6014,-15.5644,0.121084
-68.5441,-16.5627,0.208597
-68.5264,-29.5399,0.320135
-68.517,-38.5241,0.005
-68.4826,-17.5609,0.250345
-68.417,-18.5592,0.151676
-68.4103,-30.5381,0.175601
-68.3471,-19.5574,0.0815615
-68.2882,-31.5364,0.063892
-68.2728,-20.5557,0.0518893
-68.1939,-21.5539,0.0372885
-68.1598,-32.5346,0.0379418
-68.1103,-22.5521,0.0292949
-68.025,-33.5329,0.0296219
-68.0218,-23.5504,0.0261261
-68.0207,0.407533,0.0230467
-68.0204,-0.590714,0.0230586
-68.0174,1.40578,0.0230045
-68.0164,-1.58896,0.0230441
-68.0105,2.40403,0.0229557
-68.0088,-2.58721,0.0230282
-67.9999,3.40227,0.0229401
-67.9975,-3.58546,0.0230533
-67.9856,4.40052,0.0230073
-67.9826,-4.5837,0.0231842
-67.9677,5.39877,0.0232467
-67.964,-5.58195,0.0235274
-67.946,6.39701,0.0237374
-67.9416,-6.5802,0.0242126
-67.9283,-24.5486,0.0277855
-67.9206,7.39526,0.024604
-67.9155,-7.57844,0.0254024
-67.8914,8.39351,0.0260182
-67.8856,-8.57669,0.0273141
-67.8833,-34.5311,0.0345383
-67.8583,9.39176,0.0282061
-67.8518,-9.57494,0.0299522
-67.8297,-25.5469,0.0357351
-67.8214,10.39,0.0313288
-67.8142,-10.5732,0.0337082
-67.7805,11.3882,0.0360997
-67.7726,-11.5714,0.0395648
-67.7356,12.3865,0.0430149
-67.7344,-35.5294,0.0605052
-67.7269,-12.5697,0.0485521
-67.7256,-26.5451,0.0558263
-67.6866,13.3847,0.0536383
-67.6772,-13.5679,0.0637391
-67.6335,14.383,0.00888378
-67.6233,-14.5662,0.0981278
-67.616,-27.5434,0.127483
-67.578,-36.5276,0.224289
-67.5651,-15.5644,0.169506
-67.5026,-16.5627,0.2524
-67.5006,-28.5416,0.339215
-67.4356,-17.5609,0.177359
-67.4138,-37.5259,0.00787241
-67.3791,-29.5399,0.12596
-67.364,-18.5592,0.0925152
-67.2878,-19.5574,0.0554599
-67.2513,-30.5381,0.0526795
-67.2412,-38.5241,0.005
-67.2067,-20.5557,0.03874
-67.1206,-21.5539,0.0297127
-67.117,-31.5364,0.0330536
-67.0294,-22.5521,0.0259797
-67.0225,0.407533,0.0230664
-67.0221,-0.590714,0.0230778
-67.0189,1.40578,0.0230213
-67.0178,-1.58896,0.023057
-67.0114,2.40403,0.0229603
-67.0096,-2.58721,0.0230314
-66.9999,3.40227,0.0229402
-66.9973,-3.58546,0.0230529
-66.9844,4.40052,0.0230168
-66.9812,-4.5837,0.0231912
-66.9758,-32.5346,0.0291743
-66.965,5.39877,0.0232929
-66.961,-5.58195,0.023554
-66.9415,6.39701,0.0238614
-66.9368,-6.5802,0.0242593
-66.9329,-23.5504,0.0273126
-66.914,7.39526,0.0248697
-66.9085,-7.57844,0.0254685
-66.8823,8.39351,0.0265633
-66.8761,-8.57669,0.0275068
-66.8465,9.39176,0.029088
-66.8395,-9.57494,0.0304893
-66.8309,-24.5486,0.0351695
-66.8275,-33.5329,0.0400661
-66.8065,10.39,0.0328376
-66.7987,-10.5732,0.0351671
-66.7622,11.3882,0.0387392
-66.7536,-11.5714,0.0424749
-66.7233,-25.5469,0.0558224
-66.7136,12.3865,0.0472685
-66.7042,-12.5697,0.054566
-66.6716,-34.5311,0.0891868
-66.6605,13.3847,0.0606275
-66.6503,-13.5679,0.0775976
-66.6098,-26.5451,0.133271
-66.603,14.383,0.00890584
-66.5919,-14.5662,0.129967
-66.5289,-15.5644,0.225363
-66.5079,-35.5294,0.387861
-66.4902,-27.5434,0.328617
-66.4612,-16.5627,0.216419
-66.3886,-17.5609,0.113511
-66.3642,-28.5416,0.108322
-66.3358,-36.5276,0.098697
-66.3111,-18.5592,0.062208
-66.2317,-29.5399,0.0473261
-66.2284,-19.5574,0.0417991
-66.1551,-37.5259,0.00801965
-66.1406,-20.5557,0.0309946
-66.0923,-30.5381,0.0309165
-66.0473,-21.5539,0.0261272
-66.0242,0.407533,0.0231497
-66.0238,-0.590714,0.0231708
-66.0203,1.40578,0.0230713
-66.0192,-1.58896,0.0231257
-66.0122,2.40403,0.0229788
-66.0103,-2.58721,0.023064
-65.9999,3.40227,0.0229435
-65.9971,-3.58546,0.0230646
-65.9832,4.40052,0.0230274
-65.9797,-4.5837,0.0232101
-65.9653,-38.5241,0.005
-65.9623,5.39877,0.0233394
-65.958,-5.58195,0.0236187
-65.9485,-22.5521,0.0265027
-65.9458,-31.5364,0.0295351
-65.937,6.39701,0.0239944
-65.9319,-6.5802,0.0244358
-65.9073,7.39526,0.0251585
-65.9014,-7.57844,0.0258746
-65.8733,8.39351,0.027145
-65.8665,-8.57669,0.0282903
-65.844,-23.5504,0.0333477
-65.8347,9.39176,0.0300636
-65.8271,-9.57494,0.0318908
-65.7918,-32.5346,0.0447957
-65.7916,10.39,0.0345765
-65.7832,-10.5732,0.0377369
-65.7439,11.3882,0.0415815
-65.7347,-11.5714,0.0465456
-65.7335,-24.5486,0.052523
-65.6916,12.3865,0.052572
-65.6814,-12.5697,0.061886
-65.6344,13.3847,0.0699222
-65.6299,-33.5329,0.124578
-65.6234,-13.5679,0.0968518
-65.6169,-25.5469,0.122093
-65.5724,14.383,0.00892226
-65.5605,-14.5662,0.173407
-65.4939,-26.5451,0.324148
-65.4927,-15.5644,0.24456
-65.4599,-34.5311,0.320087
-65.4197,-16.5627,0.150413
-65.3644,-27.5434,0.106712
-65.3416,-17.5609,0.0763468
-65.2813,-35.5294,0.0655027
-65.2581,-18.5592,0.0471912
-65.2279,-28.5416,0.0459299
-65.1691,-19.5574,0.0334361
-65.0936,-36.5276,0.0336173
-65.0844,-29.5399,0.0300715
-65.0745,-20.5557,0.0268538
-65.0259,0.407533,0.0247279
-65.0255,-0.590714,0.0252047
-65.0218,1.40578,0.0238526
-65.0205,-1.58896,0.0247778
-65.0131,2.40403,0.0232352
-65.011,-2.58721,0.0240132
-64.9999,3.40227,0.0229995
-64.9969,-3.58546,0.0235307
-64.982,4.40052,0.0230492
-64.9783,-4.5837,0.0234566
-64.974,-21.5539,0.0256747
-64.9596,5.39877,0.0233923
-64.955,-5.58195,0.0238571
-64.9334,-30.5381,0.0296187
-64.9325,6.39701,0.0241372
-64.927,-6.5802,0.0250681
-64.9007,7.39526,0.0254697
-64.8965,-37.5259,0.00801948
-64.8944,-7.57844,0.0280205
-64.8676,-22.5521,0.030893
-64.8642,8.39351,0.0277435
-64.857,-8.57669,0.0340082
-64.8229,9.39176,0.0311339
-64.8148,-9.57494,0.0432325
-64.7767,10.39,0.0365906
-64.7746,-31.5364,0.0473523
-64.7677,-10.5732,0.0538001
-64.755,-23.5504,0.0466556
-64.7256,11.3882,0.0448319
-64.7157,-11.5714,0.0650833
-64.6894,-38.5241,0.005
-64.6695,12.3865,0.0582721
-64.6587,-12.5697,0.0837918
-64.6361,-24.5486,0.101351
-64.6083,13.3847,0.0819475
-64.6078,-32.5346,0.152034
-64.5965,-13.5679,0.131542
-64.5419,14.383,0.0089334
-64.5291,-14.5662,0.22447
-64.5105,-25.5469,0.314487
-64.4564,-15.5644,0.205753
-64.4324,-33.5329,0.236405
-64.3783,-16.5627,0.102515
-64.3781,-26.5451,0.118426
-64.2945,-17.5609,0.0563915
-64.2482,-34.5311,0.0550033
-64.2385,-27.5434,0.047518
-64.2051,-18.5592,0.037846
-64.1097,-19.5574,0.0284799
-64.0916,-28.5416,0.0300902
-64.0547,-35.5294,0.0313599
-64.0276,0.407533,0.031427
-64.0272,-0.590714,0.0349788
-64.0232,1.40578,0.0268286
-64.0219,-1.58896,0.0342264
-64.014,2.40403,0.024093
-64.0118,-2.58721,0.0324208
-64.0083,-20.5557,0.0252638
-63.9999,3.40227,0.0231701
-63.9967,-3.58546,0.0310735
-63.9808,4.40052,0.0230834
-63.9768,-4.5837,0.0286253
-63.9569,5.39877,0.0234474
-63.952,-5.58195,0.0265556
-63.937,-29.5399,0.0290872
-63.928,6.39701,0.0242899
-63.9222,-6.5802,0.0274254
-63.9007,-21.5539,0.0283514
-63.8941,7.39526,0.0258114
-63.8873,-7.57844,0.035764
-63.8552,8.39351,0.0283861
-63.8515,-36.5276,0.0387725
-63.8475,-8.57669,0.0634056
-63.8111,9.39176,0.0323068
-63.8024,-9.57494,0.125961
-63.7867,-22.5521,0.0404789
-63.7744,-30.5381,0.046722
-63.7618,10.39,0.038764
-63.7522,-10.5732,0.201487
-63.7073,11.3882,0.0486959
-63.6968,-11.5714,0.206502
-63.6661,-23.5504,0.0777909
-63.6475,12.3865,0.0649549
-63.6379,-37.5259,0.00797203
-63.6359,-12.5697,0.181143
-63.6034,-31.5364,0.155635
-63.5822,13.3847,0.095689
-63.5696,-13.5679,0.211556
-63.5387,-24.5486,0.26011
-63.5113,14.383,0.00893898
-63.4977,-14.5662,0.259818
-63.4238,-32.5346,0.211753
-63.4202,-15.5644,0.150451
-63.4135,-38.5241,0.005
-63.4041,-25.5469,0.15078
-63.3368,-16.5627,0.0728943
-63.2622,-26.5451,0.0526943
-63.2475,-17.5609,0.0445563
-63.2349,-33.5329,0.0509787
-63.1521,-18.5592,0.0314769
-63.1127,-27.5434,0.0311816
-63.0504,-19.5574,0.0257452
-63.0366,-34.5311,0.0303215
-63.0294,0.407533,0.036345
-63.0289,-0.590714,0.0423014
-63.0247,1.40578,0.0294021
-63.0233,-1.58896,0.0465372
-63.0149,2.40403,0.0251356
-63.0125,-2.58721,0.0574165
-62.9998,3.40227,0.0234827
-62.9965,-3.58546,0.0652899
-62.9796,4.40052,0.0231757
-62.9754,-4.5837,0.0506632
-62.9553,-28.5416,0.0282047
-62.9542,5.39877,0.0235231
-62.949,-5.58195,0.0343727
-62.9422,-20.5557,0.0262162
-62.9235,6.39701,0.0244542
-62.9173,-6.5802,0.0295206
-62.8875,7.39526,0.0261944
-62.8803,-7.57844,0.0386842
-62.8461,8.39351,0.0290732
-62.8379,-8.57669,0.0879083
-62.8282,-35.5294,0.0412102
-62.8275,-21.5539,0.0345363
-62.7993,9.39176,0.0335981
-62.7901,-9.57494,0.272752
-62.7897,-29.5399,0.043389
-62.747,10.39,0.041068
-62.7368,-10.5732,0.56367
-62.7059,-22.5521,0.0592502
-62.689,11.3882,0.0532717
-62.6778,-11.5714,0.471358
-62.6255,12.3865,0.0746165
-62.6154,-30.5381,0.135564
-62.6132,-12.5697,0.275152
-62.6093,-36.5276,0.161517
-62.5772,-23.5504,0.176127
-62.5561,13.3847,0.109708
-62.5427,-13.5679,0.26231
-62.4808,14.383,0.00893816
-62.4663,-14.5662,0.226063
-62.4412,-24.5486,0.217338
-62.4323,-31.5364,0.226715
-62.3839,-15.5644,0.106808
-62.3793,-37.5259,0.0078952
-62.2977,-25.5469,0.0630469
-62.2954,-16.5627,0.0561721
-62.2397,-32.5346,0.0513186
-62.2005,-17.5609,0.0368371
-62.1464,-26.5451,0.0371443
-62.1376,-38.5241,0.005
-62.0991,-18.5592,0.0276198
-62.0374,-33.5329,0.0298832
-62.0311,0.407533,0.0478763
-62.0306,-0.590714,0.0565499
-62.0261,1.40578,0.0381297
-62.0246,-1.58896,0.0613247
-62.0157,2.40403,0.0306948
-62.0132,-2.58721,0.0660659
-61.9998,3.40227,0.0264359
-61.9963,-3.58546,0.0662373
-61.991,-19.5574,0.0250863
-61.9869,-27.5434,0.0333724
-61.9784,4.40052,0.0242856
-61.9739,-4.5837,0.0470331
-61.9515,5.39877,0.0238589
-61.946,-5.58195,0.031432
-61.919,6.39701,0.0246704
-61.9124,-6.5802,0.0275027
-61.8837,-39.5223,0.005
-61.8809,7.39526,0.0266132
-61.8761,-20.5557,0.0300505
-61.8733,-7.57844,0.0323399
-61.837,8.39351,0.0298177
-61.8284,-8.57669,0.0575006
-61.8249,-34.5311,0.0410133
-61.819,-28.5416,0.0429426
-61.7875,9.39176,0.0350701
-61.7777,-9.57494,0.104053
-61.7542,-21.5539,0.0485721
-61.7321,10.39,0.043639
-61.7213,-10.5732,0.140348
-61.6708,11.3882,0.0580725
-61.6589,-11.5714,0.129526
-61.6423,-29.5399,0.106927
-61.625,-22.5521,0.123882
-61.6034,12.3865,0.0851188
-61.6016,-35.5294,0.170946
-61.5904,-12.5697,0.163887
-61.53,13.3847,0.120645
-61.5158,-13.5679,0.243358
-61.4883,-23.5504,0.367277
-61.4565,-30.5381,0.287772
-61.4503,14.383,0.00893098
-61.435,-14.5662,0.168182
-61.3671,-36.5276,0.128602
-61.3477,-15.5644,0.0781941
-61.3438,-24.5486,0.109204
-61.2611,-31.5364,0.0558555
-61.2539,-16.5627,0.0454759
-61.1913,-25.5469,0.0615301
-61.1534,-17.5609,0.0313527
-61.1206,-37.5259,0.00801942
-61.0557,-32.5346,0.0300071
-61.0461,-18.5592,0.0254229
-61.0328,0.407533,0.0627518
-61.0323,-0.590714,0.0754944
-61.0305,-26.5451,0.0743203
-61.0276,1.40578,0.0542019
-61.026,-1.58896,0.0815078
-61.0166,2.40403,0.0486196
-61.014,-2.58721,0.0688129
-60.9998,3.40227,0.0379565
-60.9961,-3.58546,0.0484255
-60.9772,4.40052,0.0285063
-60.9725,-4.5837,0.0338348
-60.9488,5.39877,0.024873
-60.943,-5.58195,0.0270373
-60.9317,-19.5574,0.0264984
-60.9145,6.39701,0.0249888
-60.9076,-6.5802,0.0261342
-60.8742,7.39526,0.0270541
-60.8662,-7.57844,0.0288457
-60.8617,-38.5241,0.005
-60.8611,-27.5434,0.0825256
-60.8399,-33.5329,0.0385247
-60.828,8.39351,0.0306174
-60.8189,-8.57669,0.0354691
-60.81,-20.5557,0.038022
-60.7757,9.39176,0.0367135
-60.7654,-9.57494,0.0489207
-60.7172,10.39,0.0465483
-60.7058,-10.5732,0.0676988
-60.6827,-28.5416,0.108176
-60.6809,-21.5539,0.082115
-60.6525,11.3882,0.0635456
-60.6399,-11.5714,0.0955901
-60.6132,-34.5311,0.149816
-60.5897,-39.5223,0.005
-60.5814,12.3865,0.0974183
-60.5676,-12.5697,0.166817
-60.5441,-22.5521,0.379901
-60.5039,13.3847,0.125847
-60.4949,-29.5399,0.378671
-60.4889,-13.5679,0.233898
-60.4197,14.383,0.00891861
-60.4036,-14.5662,0.124699
-60.3993,-23.5504,0.281783
-60.3751,-35.5294,0.136133
-60.3115,-15.5644,0.0607134
-60.2975,-30.5381,0.0672314
-60.2464,-24.5486,0.113128
-60.2125,-16.5627,0.0383038
-60.1249,-36.5276,0.0362146
-60.1064,-17.5609,0.0278405
-60.0899,-31.5364,0.031242
-60.0849,-25.5469,0.0900308
-60.0346,0.407533,0.0846975
-60.034,-0.590714,0.104704
-60.0291,1.40578,0.073446
-60.0274,-1.58896,0.129406
-60.0175,2.40403,0.0632313
-60.0147,-2.58721,0.143995
-59.9998,3.40227,0.0451127
-59.9959,-3.58546,0.101039
-59.9931,-18.5592,0.0249078
-59.976,4.40052,0.0306626
-59.971,-4.5837,0.0512491
-59.9461,5.39877,0.0252833
-59.94,-5.58195,0.0306052
-59.9147,-26.5451,0.0853526
-59.91,6.39701,0.0252007
-59.9027,-6.5802,0.0269577
-59.8723,-19.5574,0.0299251
-59.8717,-32.5346,0.0345015
-59.8676,7.39526,0.0274842
-59.862,-37.5259,0.00801943
-59.8592,-7.57844,0.0298103
-59.8189,8.39351,0.0314756
-59.8093,-8.57669,0.0402755
-59.7639,9.39176,0.0384497
-59.7531,-9.57494,0.067654
-59.7439,-20.5557,0.0487448
-59.7353,-27.5434,0.0978388
-59.7023,10.39,0.0499527
-59.6903,-10.5732,0.111914
-59.6424,-33.5329,0.111537
-59.6342,11.3882,0.070964
-59.6209,-11.5714,0.156941
-59.6076,-21.5539,0.137359
-59.5859,-38.5241,0.005
-59.5594,12.3865,0.109722
-59.5464,-28.5416,0.331499
-59.5449,-12.5697,0.2315
-59.4777,13.3847,0.122942
-59.4632,-22.5521,0.339693
-59.462,-13.5679,0.213396
-59.4015,-34.5311,0.173176
-59.3892,14.383,0.00890069
-59.3722,-14.5662,0.0947718
-59.3476,-29.5399,0.100496
-59.3104,-23.5504,0.129855
-59.2956,-39.5223,0.005
-59.2752,-15.5644,0.0501828
-59.171,-16.5627,0.0335744
-59.149,-24.5486,0.166076
-59.1485,-35.5294,0.0383739
-59.1385,-30.5381,0.0357972
-59.0594,-17.5609,0.0394775
-59.0363,0.407533,0.0897233
-59.0357,-0.590714,0.110733
-59.0305,1.40578,0.0725251
-59.0288,-1.58896,0.13805
-59.0184,2.40403,0.0566856
-59.0154,-2.58721,0.151415
-58.9998,3.40227,0.0387404
-58.9957,-3.58546,0.0979566
-58.9785,-25.5469,0.239319
-58.9748,4.40052,0.0276193
-58.9696,-4.5837,0.0465944
-58.9434,5.39877,0.0245476
-58.9401,-18.5592,0.045101
-58.937,-5.58195,0.028525
-58.9187,-31.5364,0.0320372
-58.9055,6.39701,0.0252867
-58.8978,-6.5802,0.0265968
-58.8827,-36.5276,0.0354899
-58.861,7.39526,0.0279285
-58.8521,-7.57844,0.0297848
-58.813,-19.5574,0.0489024
-58.8099,8.39351,0.0323955
-58.7998,-8.57669,0.053534
-58.7988,-26.5451,0.293144
-58.7521,9.39176,0.0402409
-58.7407,-9.57494,0.167263
-58.6877,-32.5346,0.0772085
-58.6874,10.39,0.0537694
-58.6778,-20.5557,0.0857967
-58.6748,-10.5732,0.244342
-58.6159,11.3882,0.0796259
-58.6094,-27.5434,0.479063
-58.6034,-37.5259,0.00787993
-58.602,-11.5714,0.375462
-58.5373,12.3865,0.120108
-58.5343,-21.5539,0.334523
-58.5221,-12.5697,0.481671
-58.4516,13.3847,0.113281
-58.4449,-33.5329,0.271725
-58.4351,-13.5679,0.267012
-58.4101,-28.5416,0.312554
-58.3823,-22.5521,0.234826
-58.3586,14.383,0.00887728
-58.3408,-14.5662,0.101219
-58.31,-38.5241,0.005
-58.239,-15.5644,0.0478351
-58.2215,-23.5504,0.229557
-58.2002,-29.5399,0.0613796
-58.1899,-34.5311,0.0431434
-58.1296,-16.5627,0.135342
-58.0515,-24.5486,0.260631
-58.038,0.407533,0.0352133
-58.0374,-0.590714,0.0389177
-58.032,1.40578,0.0318097
-58.0301,-1.58896,0.0428451
-58.0192,2.40403,0.0287697
-58.0162,-2.58721,0.0434584
-58.0123,-17.5609,0.182379
-58.0016,-39.5223,0.005
-57.9998,3.40227,0.0257492
-57.9955,-3.58546,0.0348569
-57.9795,-30.5381,0.0427078
-57.9736,4.40052,0.0239396
-57.9681,-4.5837,0.0268547
-57.9407,5.39877,0.023987
-57.934,-5.58195,0.0249643
-57.9219,-35.5294,0.0324379
-57.901,6.39701,0.0254298
-57.893,-6.5802,0.0263379
-57.8871,-18.5592,0.264917
-57.8721,-25.5469,0.178356
-57.8544,7.39526,0.0284032
-57.8451,-7.57844,0.031607
-57.8008,8.39351,0.0333821
-57.7902,-8.57669,0.170611
-57.7536,-19.5574,0.248374
-57.7475,-31.5364,0.0634049
-57.7402,9.39176,0.0421952
-57.7284,-9.57494,0.608184
-57.683,-26.5451,0.29205
-57.6725,10.39,0.0577237
-57.6593,-10.5732,2.13
-57.6405,-36.5276,0.120084
-57.6117,-20.5557,0.356044
-57.5976,11.3882,0.0891302
-57.583,-11.5714,2.13
-57.5153,12.3865,0.127037
-57.5037,-32.5346,0.38135
-57.4994,-12.5697,2.13
-57.4836,-27.5434,1.19816
-57.461,-21.5539,0.553072
-57.4255,13.3847,0.100115
-57.4082,-13.5679,2.13
-57.3448,-37.5259,0.0080235
-57.3281,14.383,0.00884688
-57.3094,-14.5662,0.240877
-57.3014,-22.5521,0.166166
-57.2737,-28.5416,0.196198
-57.2474,-33.5329,0.0545291
-57.2027,-15.5644,0.224856
-57.1326,-23.5504,0.11149
-57.0881,-16.5627,0.561998
-57.0529,-29.5399,0.0658393
-57.0397,0.407533,0.0237918
-57.0391,-0.590714,0.0243232
-57.0341,-38.5241,0.005
-57.0334,1.40578,0.0234979
-57.0315,-1.58896,0.0254909
-57.0201,2.40403,0.0232256
-57.0169,-2.58721,0.0263754
-56.9998,3.40227,0.023042
-56.9953,-3.58546,0.0253856
-56.9782,-34.5311,0.0309481
-56.9724,4.40052,0.0231871
-56.9667,-4.5837,0.0242393
-56.9653,-17.5609,0.786794
-56.9541,-24.5486,0.0779846
-56.938,5.39877,0.0239371
-56.931,-5.58195,0.0245451
-56.8965,6.39701,0.0256433
-56.8881,-6.5802,0.0266458
-56.8478,7.39526,0.0289043
-56.838,-7.57844,0.0367985
-56.8341,-18.5592,1.10215
-56.8206,-30.5381,0.0506726
-56.7918,8.39351,0.0344848
-56.7807,-8.57669,0.32412
-56.7657,-25.5469,0.102766
-56.7284,9.39176,0.0443303
-56.716,-9.57494,2.13
-56.7076,-39.5223,0.005
-56.6954,-35.5294,0.0772129
-56.6943,-19.5574,2.06923
-56.6577,10.39,0.062125
-56.6438,-10.5732,2.13
-56.5793,11.3882,0.100019
-56.5763,-31.5364,0.250062
-56.5671,-26.5451,0.741458
-56.5641,-11.5714,2.13
-56.5456,-20.5557,1.16614
-56.4933,12.3865,0.128269
-56.4766,-12.5697,2.13
-56.3994,13.3847,0.0857402
-56.3983,-36.5276,0.174323
-56.3878,-21.5539,0.292081
-56.3813,-13.5679,2.13
-56.3578,-27.5434,0.413341
-56.3196,-32.5346,0.100083
-56.2976,14.383,0.00881896
-56.278,-14.5662,0.354539
-56.2206,-22.5521,0.104741
-56.1665,-15.5644,0.313233
-56.1374,-28.5416,0.0822688
-56.0862,-37.5259,0.00803321
-56.0499,-33.5329,0.0406131
-56.0467,-16.5627,0.779292
-56.0436,-23.5504,0.0516975
-56.0415,0.407533,0.0237626
-56.0408,-0.590714,0.0259668
-56.0349,1.40578,0.023272
-56.0329,-1.58896,0.0322643
-56.021,2.40403,0.0230462
-56.0176,-2.58721,0.0385331
-55.9998,3.40227,0.0229412
-55.9951,-3.58546,0.0330034
-55.9713,4.40052,0.0231689
-55.9652,-4.5837,0.0264427
-55.9353,5.39877,0.0240131
-55.9279,-5.58195,0.0251036
-55.9183,-17.5609,0.68897
-55.9055,-29.5399,0.0383217
-55.892,6.39701,0.0258895
-55.8832,-6.5802,0.0280122
-55.8567,-24.5486,0.0419745
-55.8412,7.39526,0.0294367
-55.831,-7.57844,0.0385823
-55.7827,8.39351,0.0356838
-55.7811,-18.5592,0.932083
-55.7712,-8.57669,0.315026
-55.7665,-34.5311,0.0596193
-55.7582,-38.5241,0.005
-55.7166,9.39176,0.0467071
-55.7037,-9.57494,0.528909
-55.6616,-30.5381,0.105756
-55.6594,-25.5469,0.104073
-55.6428,10.39,0.067479
-55.6349,-19.5574,1.02482
-55.6284,-10.5732,2.13
-55.561,11.3882,0.110466
-55.5451,-11.5714,2.13
-55.4795,-20.5557,0.827762
-55.4712,12.3865,0.123356
-55.4688,-35.5294,0.355399
-55.4539,-12.5697,2.13
-55.4513,-26.5451,0.353144
-55.4136,-39.5223,0.005
-55.4052,-31.5364,0.273391
-55.3733,13.3847,0.0735197
-55.3544,-13.5679,0.765865
-55.3145,-21.5539,0.134484
-55.267,14.383,0.00879058
-55.2466,-14.5662,0.173883
-55.232,-27.5434,0.0670477
-55.1561,-36.5276,0.0397975
-55.1397,-22.5521,0.0721141
-55.1356,-32.5346,0.0698097
-55.1303,-15.5644,0.190238
-55.0432,0.407533,0.0238954
-55.0425,-0.590714,0.026786
-55.0363,1.40578,0.0233021
-55.0342,-1.58896,0.0347383
-55.0218,2.40403,0.023054
-55.0184,-2.58721,0.0408049
-55.0052,-16.5627,0.427113
-55.0011,-28.5416,0.0323821
-54.9998,3.40227,0.0229407
-54.9949,-3.58546,0.0326771
-54.9701,4.40052,0.0231867
-54.9638,-4.5837,0.0258113
-54.9547,-23.5504,0.0569892
-54.9326,5.39877,0.0241007
-54.9249,-5.58195,0.0253655
-54.8875,6.39701,0.0261553
-54.8784,-6.5802,0.0311942
-54.8712,-17.5609,0.397123
-54.8524,-33.5329,0.0452181
-54.8345,7.39526,0.0299987
-54.8275,-37.5259,0.00856315
-54.824,-7.57844,0.0514286
-54.7737,8.39351,0.0369908
-54.7616,-8.57669,0.0900692
-54.7593,-24.5486,0.0630862
-54.7582,-29.5399,0.0501152
-54.7281,-18.5592,0.265183
-54.7048,9.39176,0.0494071
-54.6913,-9.57494,0.236657
-54.6279,10.39,0.0745107
-54.6129,-10.5732,0.333845
-54.5756,-19.5574,0.306585
-54.5549,-34.5311,0.291325
-54.553,-25.5469,0.250189
-54.5427,11.3882,0.119851
-54.5262,-11.5714,0.439507
-54.5026,-30.5381,0.370032
-54.4823,-38.5241,0.005
-54.4492,12.3865,0.113982
-54.4311,-12.5697,0.392705
-54.4134,-20.5557,0.340858
-54.3472,13.3847,0.0629338
-54.3354,-26.5451,0.0836535
-54.3275,-13.5679,0.179366
-54.2423,-35.5294,0.0552984
-54.2412,-21.5539,0.167724
-54.2365,14.383,0.00876081
-54.234,-31.5364,0.0568875
-54.2152,-14.5662,0.101083
-54.1196,-39.5223,0.005
-54.1062,-27.5434,0.0315246
-54.094,-15.5644,0.23688
-54.0588,-22.5521,0.09658
-54.0449,0.407533,0.0235718
-54.0442,-0.590714,0.0242988
-54.0378,1.40578,0.0233001
-54.0356,-1.58896,0.0259985
-54.0227,2.40403,0.0230769
-54.0191,-2.58721,0.0268302
-53.9998,3.40227,0.0230084
-53.9947,-3.58546,0.0250489
-53.9689,4.40052,0.0233452
-53.9638,-16.5627,0.374124
-53.9623,-4.5837,0.0239862
-53.9516,-32.5346,0.0328741
-53.93,5.39877,0.0243083
-53.9219,-5.58195,0.025245
-53.9139,-36.5276,0.0444839
-53.883,6.39701,0.0264743
-53.8735,-6.5802,0.0297273
-53.8658,-23.5504,0.0840536
-53.8648,-28.5416,0.0345306
-53.8279,7.39526,0.0305947
-53.8242,-17.5609,0.162948
-53.8169,-7.57844,0.039809
-53.7646,8.39351,0.0383292
-53.7521,-8.57669,0.0560592
-53.693,9.39176,0.0524515
-53.679,-9.57494,0.0824897
-53.6751,-18.5592,0.102647
-53.6618,-24.5486,0.159825
-53.6549,-33.5329,0.10144
-53.613,10.39,0.081699
-53.6108,-29.5399,0.142742
-53.5974,-10.5732,0.158838
-53.5689,-37.5259,0.0154811
-53.5244,11.3882,0.12724
-53.5162,-19.5574,0.292046
-53.5072,-11.5714,0.308891
-53.4466,-25.5469,0.330983
-53.4272,12.3865,0.102586
-53.4084,-12.5697,0.189138
-53.3472,-20.5557,0.102464
-53.3437,-30.5381,0.0952491
-53.3432,-34.5311,0.104998
-53.3211,13.3847,0.0555737
-53.3006,-13.5679,0.123447
-53.2196,-26.5451,0.0523974
-53.2064,-38.5241,0.005
-53.2059,14.383,0.0087307
-53.1838,-14.5662,0.254916
-53.1679,-21.5539,0.106313
-53.0628,-31.5364,0.0327509
-53.0578,-15.5644,0.56112
-53.0466,0.407533,0.0235449
-53.0459,-0.590714,0.0237092
-53.0392,1.40578,0.0233645
-53.037,-1.58896,0.0237312
-53.0236,2.40403,0.0234796
-53.0198,-2.58721,0.023516
-53.0157,-35.5294,0.0451134
-52.9998,3.40227,0.0249532
-52.9945,-3.58546,0.0235346
-52.9804,-27.5434,0.0457897
-52.9779,-22.5521,0.15292
-52.9677,4.40052,0.0274474
-52.9609,-4.5837,0.0255648
-52.9273,5.39877,0.0275079
-52.9223,-16.5627,0.374473
-52.9189,-5.58195,0.0348415
-52.8785,6.39701,0.027698
-52.8686,-6.5802,0.0480391
-52.8255,-39.5223,0.005
-52.8213,7.39526,0.031341
-52.8099,-7.57844,0.0563736
-52.7772,-17.5609,0.178726
-52.7769,-23.5504,0.151112
-52.7676,-32.5346,0.0502083
-52.7556,8.39351,0.0396942
-52.7426,-8.57669,0.0634794
-52.7285,-28.5416,0.1164
-52.6812,9.39176,0.0554926
-52.6717,-36.5276,0.277704
-52.6666,-9.57494,0.114922
-52.6221,-18.5592,0.134778
-52.5981,10.39,0.089772
-52.5819,-10.5732,0.299573
-52.5644,-24.5486,0.450626
-52.5061,11.3882,0.131037
-52.4883,-11.5714,0.411733
-52.4635,-29.5399,0.632803
-52.4574,-33.5329,0.311541
-52.4569,-19.5574,0.237878
-52.4051,12.3865,0.0896972
-52.3856,-12.5697,0.214178
-52.3402,-25.5469,0.193914
-52.3103,-37.5259,0.0207428
-52.2949,13.3847,0.0490745
-52.2811,-20.5557,0.0931353
-52.2737,-13.5679,0.275928
-52.1847,-30.5381,0.10557
-52.1754,14.383,0.00869863
-52.1524,-14.5662,0.687136
-52.1315,-34.5311,0.0406013
-52.1037,-26.5451,0.0537955
-52.0946,-21.5539,0.258001
-52.0484,0.407533,0.0271054
-52.0476,-0.590714,0.0380851
-52.0407,1.40578,0.0237861
-52.0383,-1.58896,0.0453808
-52.0245,2.40403,0.0250747
-52.0216,-15.5644,0.786794
-52.0206,-2.58721,0.0423336
-51.9997,3.40227,0.0329083
-51.9943,-3.58546,0.0420033
-51.9665,4.40052,0.0445495
-51.9594,-4.5837,0.0537559
-51.9306,-38.5241,0.005
-51.9246,5.39877,0.0380759
-51.9159,-5.58195,0.0933396
-51.897,-22.5521,0.891606
-51.8916,-31.5364,0.0504426
-51.8809,-16.5627,1.10215
-51.874,6.39701,0.0305215
-51.8638,-6.5802,0.199493
-51.8545,-27.5434,0.111994
-51.8147,7.39526,0.0322816
-51.8028,-7.57844,0.264381
-51.7891,-35.5294,0.0575404
-51.7465,8.39351,0.0411631
-51.733,-8.57669,0.22481
-51.7301,-17.5609,0.763523
-51.6879,-23.5504,1.10608
-51.6694,9.39176,0.0587778
-51.6543,-9.57494,0.217778
-51.5922,-28.5416,1.53176
-51.5836,-32.5346,0.203958
-51.5832,10.39,0.0988661
-51.5691,-18.5592,0.341282
-51.5664,-10.5732,0.33169
-51.5315,-39.5223,0.005
-51.4878,11.3882,0.130265
-51.4693,-11.5714,0.391321
-51.467,-24.5486,1.04668
-51.4295,-36.5276,0.336843
-51.3975,-19.5574,0.158277
-51.3831,12.3865,0.0785348
-51.3629,-12.5697,0.279182
-51.3161,-29.5399,1.07321
-51.2688,13.3847,0.043728
-51.2599,-33.5329,0.0575135
-51.2468,-13.5679,0.821436
-51.2338,-25.5469,0.116075
-51.215,-20.5557,0.127731
-51.1449,14.383,0.00868606
-51.121,-14.5662,1.10215
-51.0517,-37.5259,0.0133383
-51.0501,0.407533,0.0581084
-51.0493,-0.590714,0.103098
-51.0421,1.40578,0.0273192
-51.0397,-1.58896,0.165505
-51.0257,-30.5381,0.133351
-51.0253,2.40403,0.0256528
-51.0213,-21.5539,0.326454
-51.0213,-2.58721,0.154666
-50.9997,3.40227,0.0330062
-50.9941,-3.58546,0.14935
-50.9878,-26.5451,0.0653343
-50.9853,-15.5644,0.786794
-50.9653,4.40052,0.0400449
-50.958,-4.5837,0.164165
-50.9219,5.39877,0.0327078
-50.9198,-34.5311,0.0325552
-50.9129,-5.58195,0.285671
-50.8695,6.39701,0.0290033
-50.8589,-6.5802,0.428824
-50.8394,-16.5627,0.719454
-50.8161,-22.5521,0.709188
-50.8081,7.39526,0.0327272
-50.7958,-7.57844,0.660822
-50.7375,8.39351,0.0427018
-50.7287,-27.5434,0.21826
-50.7235,-8.57669,1.16937
-50.7204,-31.5364,0.100991
-50.6831,-17.5609,0.253275
-50.6576,9.39176,0.062363
-50.6547,-38.5241,0.005
-50.6419,-9.57494,1.47991
-50.599,-23.5504,2.13
-50.5683,10.39,0.107937
-50.5626,-35.5294,0.261467
-50.5509,-10.5732,1.4918
-50.5161,-18.5592,0.32411
-50.4696,11.3882,0.125131
-50.4559,-28.5416,1.22584
-50.4504,-11.5714,1.73166
-50.3996,-32.5346,0.197633
-50.3696,-24.5486,1.52788
-50.3611,12.3865,0.068378
-50.3401,-12.5697,1.90965
-50.3381,-19.5574,0.129809
-50.2427,13.3847,0.039434
-50.2375,-39.5223,0.005
-50.2199,-13.5679,1.53719
-50.1873,-36.5276,0.0443904
-50.1687,-29.5399,0.162502
-50.1489,-20.5557,0.181522
-50.1274,-25.5469,0.16573
-50.1143,14.383,0.00878627
-50.0897,-14.5662,1.10215
-50.0624,-33.5329,0.0335446
-50.0518,0.407533,0.122455
-50.051,-0.590714,0.264448
-50.0436,1.40578,0.0391118
-50.0411,-1.58896,0.287634
-50.0262,2.40403,0.0260634
-50.022,-2.58721,0.314878
-49.9997,3.40227,0.0284613
-49.9939,-3.58546,0.379025
-49.9641,4.40052,0.0286069
-49.9565,-4.5837,0.185185
-49.9491,-15.5644,0.626138
-49.9481,-21.5539,0.41831
-49.9192,5.39877,0.026711
-49.9099,-5.58195,0.182648
-49.872,-26.5451,0.0832907
-49.8667,-30.5381,0.178875
-49.865,6.39701,0.0278984
-49.854,-6.5802,0.20479
-49.8014,7.39526,0.0333067
-49.798,-16.5627,0.270196
-49.793,-37.5259,0.00833955
-49.7888,-7.57844,0.228577
-49.7353,-22.5521,0.860827
-49.7284,8.39351,0.044366
-49.714,-8.57669,0.398131
-49.7082,-34.5311,0.0695816
-49.6458,9.39176,0.0665395
-49.6361,-17.5609,0.125308
-49.6296,-9.57494,0.930617
-49.6029,-27.5434,0.644637
-49.5535,10.39,0.116317
-49.5492,-31.5364,1.13507
-49.5354,-10.5732,2.13
-49.5101,-23.5504,2.13
-49.4631,-18.5592,0.308388
-49.4513,11.3882,0.116897
-49.4314,-11.5714,2.13
-49.3788,-38.5241,0.005
-49.339,12.3865,0.060725
-49.336,-35.5294,0.0968346
-49.3195,-28.5416,0.625317
-49.3173,-12.5697,2.13
-49.2788,-19.5574,0.448999
-49.2721,-24.5486,0.323869
-49.2166,13.3847,0.0356809
-49.2155,-32.5346,0.0971086
-49.193,-13.5679,1.53719
-49.0838,14.383,0.00877484
-49.0828,-20.5557,0.613045
-49.0583,-14.5662,0.786794
-49.0536,0.407533,0.13762
-49.0527,-0.590714,0.340783
-49.045,1.40578,0.0417564
-49.0424,-1.58896,0.328087
-49.0271,2.40403,0.0328883
-49.0228,-2.58721,0.345402
-49.0214,-29.5399,0.142978
-49.021,-25.5469,0.152591
-48.9997,3.40227,0.0437385
-48.9937,-3.58546,0.363591
-48.9629,4.40052,0.0355048
-48.9551,-4.5837,0.144293
-48.9451,-36.5276,0.0315501
-48.9435,-39.5223,0.005
-48.9165,5.39877,0.0275185
-48.9128,-15.5644,0.290336
-48.9069,-5.58195,0.0666075
-48.8748,-21.5539,1.10215
-48.8649,-33.5329,0.041351
-48.8605,6.39701,0.0281741
-48.8492,-6.5802,0.0633613
-48.7948,7.39526,0.0340926
-48.7817,-7.57844,0.0787988
-48.7565,-16.5627,0.100142
-48.7561,-26.5451,0.244376
-48.7194,8.39351,0.0461733
-48.7078,-30.5381,0.181779
-48.7044,-8.57669,0.150935
-48.6544,-22.5521,2.13
-48.634,9.39176,0.0720185
-48.6172,-9.57494,0.999063
-48.589,-17.5609,0.269543
-48.5386,10.39,0.124011
-48.5344,-37.5259,0.00787286
-48.52,-10.5732,2.13
-48.4965,-34.5311,0.386621
-48.4771,-27.5434,1.07957
-48.433,11.3882,0.107195
-48.4212,-23.5504,1.34838
-48.4125,-11.5714,2.13
-48.4101,-18.5592,1.43522
-48.3781,-31.5364,0.429509
-48.317,12.3865,0.0546912
-48.2946,-12.5697,2.13
-48.2194,-19.5574,1.53719
-48.1905,13.3847,0.0325505
-48.1832,-28.5416,0.167759
-48.1747,-24.5486,0.265834
-48.1661,-13.5679,1.10215
-48.1095,-35.5294,0.0345141
-48.1029,-38.5241,0.005
-48.0553,0.407533,0.0595228
-48.0544,-0.590714,0.088838
-48.0532,14.383,0.0087667
-48.0465,1.40578,0.0295654
-48.0438,-1.58896,0.101126
-48.0315,-32.5346,0.0518176
-48.028,2.40403,0.0344935
-48.0269,-14.5662,0.786794
-48.0235,-2.58721,0.0910889
-48.0167,-20.5557,0.786794
-47.9997,3.40227,0.0437153
-47.9935,-3.58546,0.084368
-47.9617,4.40052,0.0327783
-47.9536,-4.5837,0.0498741
-47.9146,-25.5469,0.19785
-47.9138,5.39877,0.0265313
-47.9039,-5.58195,0.0922549
-47.8766,-15.5644,0.242438
-47.874,-29.5399,0.0619277
-47.856,6.39701,0.0283733
-47.8443,-6.5802,0.111966
-47.8015,-21.5539,1.53719
-47.7882,7.39526,0.0349321
-47.7747,-7.57844,0.0711844
-47.7151,-16.5627,0.16537
-47.7103,8.39351,0.0481806
-47.7029,-36.5276,0.0743426
-47.6949,-8.57669,0.0832432
-47.6674,-33.5329,0.0932059
-47.6403,-26.5451,0.351106
-47.6222,9.39176,0.0777495
-47.6049,-9.57494,0.263318
-47.5735,-22.5521,2.13
-47.5488,-30.5381,0.333899
-47.542,-17.5609,1.04299
-47.5237,10.39,0.130071
-47.5045,-10.5732,1.9847
-47.4147,11.3882,0.0963013
-47.3935,-11.5714,2.13
-47.3571,-18.5592,2.13
-47.3513,-27.5434,0.217244
-47.3322,-23.5504,0.819281
-47.295,12.3865,0.0491929
-47.2848,-34.5311,0.0658266
-47.2758,-37.5259,0.00802156
-47.2718,-12.5697,2.13
-47.2069,-31.5364,0.0579067
-47.1644,13.3847,0.030073
-47.1601,-19.5574,1.10215
-47.1392,-13.5679,1.03302
-47.0773,-24.5486,0.529968
-47.057,0.407533,0.0256395
-47.0561,-0.590714,0.0296519
-47.0479,1.40578,0.0242537
-47.0469,-28.5416,0.0807775
-47.0452,-1.58896,0.0317449
-47.0288,2.40403,0.0256484
-47.0242,-2.58721,0.0281996
-47.0227,14.383,0.00876182
-46.9997,3.40227,0.0269529
-46.9955,-14.5662,0.298093
-46.9933,-3.58546,0.0269359
-46.9605,4.40052,0.02524
-46.9522,-4.5837,0.038573
-46.9506,-20.5557,0.786794
-46.9111,5.39877,0.0252171
-46.9009,-5.58195,0.0607931
-46.8829,-35.5294,0.0351399
-46.8515,6.39701,0.0286057
-46.8475,-32.5346,0.0383128
-46.8404,-15.5644,0.104226
-46.8394,-6.5802,0.0590768
-46.827,-38.5241,0.005
-46.8082,-25.5469,1.26815
-46.7816,7.39526,0.0358299
-46.7676,-7.57844,0.0485995
-46.7282,-21.5539,2.13
-46.7267,-29.5399,0.0955685
-46.7013,8.39351,0.0503782
-46.6854,-8.57669,0.0609384
-46.6736,-16.5627,0.110111
-46.6104,9.39176,0.0837506
-46.5925,-9.57494,0.126649
-46.5244,-26.5451,2.13
-46.5088,10.39,0.133571
-46.495,-17.5609,0.723029
-46.4926,-22.5521,2.13
-46.489,-10.5732,0.28349
-46.4699,-33.5329,0.337444
-46.4607,-36.5276,0.332925
-46.3964,11.3882,0.0858261
-46.3898,-30.5381,0.15636
-46.3746,-11.5714,0.26714
-46.3041,-18.5592,1.3749
-46.2729,12.3865,0.0445616
-46.2491,-12.5697,0.3178
-46.2433,-23.5504,1.52121
-46.2254,-27.5434,0.397328
-46.1383,13.3847,0.0280543
-46.1123,-13.5679,0.30523
-46.1007,-19.5574,1.10215
-46.0731,-34.5311,0.0316676
-46.0587,0.407533,0.0238378
-46.0578,-0.590714,0.0239172
-46.0494,1.40578,0.0235642
-46.0465,-1.58896,0.0237056
-46.0357,-31.5364,0.0293373
-46.0297,2.40403,0.0232447
-46.025,-2.58721,0.023314
-46.0172,-37.5259,0.00802043
-45.9997,3.40227,0.0230766
-45.9931,-3.58546,0.0236324
-45.9922,14.383,0.00876073
-45.9799,-24.5486,0.786794
-45.9641,-14.5662,0.193499
-45.9593,4.40052,0.0234486
-45.9507,-4.5837,0.0266282
-45.9106,-28.5416,0.112372
-45.9084,5.39877,0.025048
-45.8979,-5.58195,0.03035
-45.8845,-20.5557,1.10215
-45.847,6.39701,0.0289365
-45.8346,-6.5802,0.0332184
-45.8041,-15.5644,0.311298
-45.775,7.39526,0.0367888
-45.7606,-7.57844,0.0408241
-45.7018,-25.5469,2.13
-45.6922,8.39351,0.0527845
-45.6758,-8.57669,0.0618698
-45.6635,-32.5346,0.091613
-45.6564,-35.5294,0.103437
-45.6549,-21.5539,2.13
-45.6322,-16.5627,0.628303
-45.5986,9.39176,0.0904597
-45.5802,-9.57494,0.133786
-45.5793,-29.5399,0.226893
-45.5511,-38.5241,0.005
-45.4939,10.39,0.133876
-45.4735,-10.5732,0.206461
-45.4479,-17.5609,1.00929
-45.4117,-22.5521,2.13
-45.4086,-26.5451,2.13
-45.3781,11.3882,0.0767593
-45.3556,-11.5714,0.0955417
-45.2724,-33.5329,0.0606538
-45.2511,-18.5592,0.925341
-45.2509,12.3865,0.0407667
-45.2309,-30.5381,0.0490679
-45.2263,-12.5697,0.240317
-45.2185,-36.5276,0.0496672
-45.1544,-23.5504,1.10215
-45.1122,13.3847,0.0263711
-45.0996,-27.5434,0.439361
-45.0854,-13.5679,0.607044
-45.0605,0.407533,0.0239516
-45.0595,-0.590714,0.0238851
-45.0508,1.40578,0.0236464
-45.0479,-1.58896,0.0235598
-45.0414,-19.5574,0.786794
-45.0306,2.40403,0.0231912
-45.0257,-2.58721,0.0231839
-44.9997,3.40227,0.0229437
-44.9928,-3.58546,0.0230933
-44.9616,14.383,0.0087639
-44.9581,4.40052,0.023397
-44.9493,-4.5837,0.0238656
-44.9327,-14.5662,0.786794
-44.9057,5.39877,0.0251604
-44.8949,-5.58195,0.0261221
-44.8825,-24.5486,1.10215
-44.8645,-31.5364,0.0347118
-44.8615,-34.5311,0.0366517
-44.8425,6.39701,0.0292986
-44.8297,-6.5802,0.0310636
-44.8184,-20.5557,1.53719
-44.7743,-28.5416,0.0943031
-44.7684,7.39526,0.0377908
-44.7679,-15.5644,1.53719
-44.7585,-37.5259,0.0080216
-44.7535,-7.57844,0.0415717
-44.6831,8.39351,0.0551116
-44.6663,-8.57669,0.0653774
-44.5954,-25.5469,2.13
-44.5907,-16.5627,2.13
-44.5868,9.39176,0.097853
-44.5816,-21.5539,2.13
-44.5678,-9.57494,0.149126
-44.4795,-32.5346,0.349509
-44.479,10.39,0.130928
-44.458,-10.5732,0.187901
-44.432,-29.5399,0.221198
-44.4298,-35.5294,0.239149
-44.4009,-17.5609,2.13
-44.3598,11.3882,0.0682181
-44.3367,-11.5714,0.101895
-44.3308,-22.5521,1.8821
-44.2927,-26.5451,2.13
-44.2753,-38.5241,0.005
-44.2289,12.3865,0.0375188
-44.2036,-12.5697,0.35808
-44.1981,-18.5592,1.53719
-44.086,13.3847,0.0250362
-44.0749,-33.5329,0.0312742
-44.0719,-30.5381,0.0315671
-44.0655,-23.5504,1.10215
-44.0622,0.407533,0.0271986
-44.0612,-0.590714,0.0252447
-44.0585,-13.5679,0.786794
-44.0523,1.40578,0.0257397
-44.0493,-1.58896,0.0238117
-44.0315,2.40403,0.0237041
-44.0264,-2.58721,0.0232643
-43.9997,3.40227,0.0229932
-43.9926,-3.58546,0.0232359
-43.982,-19.5574,0.786794
-43.9763,-36.5276,0.0306917
-43.9738,-27.5434,0.315928
-43.9569,4.40052,0.0234227
-43.9478,-4.5837,0.0240478
-43.9311,14.383,0.00877049
-43.903,5.39877,0.025289
-43.9013,-14.5662,0.627867
-43.8919,-5.58195,0.0263213
-43.838,6.39701,0.0296747
-43.8249,-6.5802,0.0315103
-43.785,-24.5486,1.52152
-43.7617,7.39526,0.0387557
-43.7522,-20.5557,1.53719
-43.7465,-7.57844,0.0428721
-43.7316,-15.5644,2.13
-43.6933,-31.5364,0.0738334
-43.6741,8.39351,0.0576001
-43.6568,-8.57669,0.0704339
-43.6498,-34.5311,0.106951
-43.638,-28.5416,0.125343
-43.575,9.39176,0.105481
-43.5555,-9.57494,0.165386
-43.5493,-16.5627,2.13
-43.5084,-21.5539,2.13
-43.4999,-37.5259,0.0078739
-43.489,-25.5469,2.13
-43.4642,10.39,0.125271
-43.4425,-10.5732,0.166515
-43.3539,-17.5609,2.13
-43.3415,11.3882,0.0616578
-43.3177,-11.5714,0.0690029
-43.2954,-32.5346,0.0680002
-43.2846,-29.5399,0.0814049
-43.2499,-22.5521,0.729077
-43.2068,12.3865,0.0344988
-43.2032,-35.5294,0.0460045
-43.1808,-12.5697,0.16662
-43.1769,-26.5451,0.242333
-43.1451,-18.5592,1.10215
-43.0639,0.407533,0.0483047
-43.0629,-0.590714,0.0328391
-43.0599,13.3847,0.0241012
-43.0537,1.40578,0.0391265
-43.0507,-1.58896,0.0820157
-43.0323,2.40403,0.0274981
-43.0316,-13.5679,0.173462
-43.0272,-2.58721,0.121545
-42.9997,3.40227,0.02346
-42.9994,-38.5241,0.005
-42.9924,-3.58546,0.159815
-42.9765,-23.5504,0.639775
-42.9557,4.40052,0.0234748
-42.9464,-4.5837,0.150954
-42.9227,-19.5574,0.666486
-42.9129,-30.5381,0.04724
-42.9005,14.383,0.00878019
-42.9003,5.39877,0.0254196
-42.8889,-5.58195,0.12226
-42.8774,-33.5329,0.034503
-42.8699,-14.5662,0.324907
-42.848,-27.5434,0.118597
-42.8335,6.39701,0.0300645
-42.82,-6.5802,0.0328757
-42.7551,7.39526,0.0397674
-42.7395,-7.57844,0.0456341
-42.7341,-36.5276,0.0614695
-42.6954,-15.5644,1.22777
-42.6876,-24.5486,1.35757
-42.6861,-20.5557,0.880349
-42.665,8.39351,0.0602657
-42.6472,-8.57669,0.0880436
-42.5631,9.39176,0.112507
-42.5432,-9.57494,0.243711
-42.5221,-31.5364,0.364279
-42.5078,-16.5627,2.13
-42.5017,-28.5416,0.545707
-42.4493,10.39,0.117805
-42.4381,-34.5311,0.256916
-42.4351,-21.5539,1.01137
-42.4271,-10.5732,0.19255
-42.3826,-25.5469,0.437564
-42.3232,11.3882,0.0564221
-42.3068,-17.5609,0.953959
-42.2988,-11.5714,0.0792233
-42.2413,-37.5259,0.0080216
-42.1848,12.3865,0.0320625
-42.1691,-22.5521,0.410575
-42.1581,-12.5697,0.0598638
-42.1372,-29.5399,0.083327
-42.1114,-32.5346,0.033188
-42.0921,-18.5592,0.271463
-42.0657,0.407533,0.0656798
-42.0646,-0.590714,0.0391631
-42.061,-26.5451,0.0823533
-42.0552,1.40578,0.0584579
-42.052,-1.58896,0.189812
-42.0338,13.3847,0.0235014
-42.0332,2.40403,0.0356882
-42.0279,-2.58721,0.449024
-42.0047,-13.5679,0.0889693
-41.9997,3.40227,0.024707
-41.9922,-3.58546,0.786794
-41.9767,-35.5294,0.0305298
-41.9545,4.40052,0.0235642
-41.9449,-4.5837,0.779565
-41.8976,5.39877,0.0255573
-41.8876,-23.5504,0.950551
-41.8859,-5.58195,0.249397
-41.87,14.383,0.00870319
-41.8633,-19.5574,0.315895
-41.8385,-14.5662,0.201567
-41.829,6.39701,0.0304687
-41.8151,-6.5802,0.043207
-41.7539,-30.5381,0.0598986
-41.7485,7.39526,0.0408312
-41.7324,-7.57844,0.0734662
-41.7235,-38.5241,0.005
-41.7222,-27.5434,0.0945193
-41.6799,-33.5329,0.0822731
-41.6592,-15.5644,1.71117
-41.656,8.39351,0.063118
-41.6377,-8.57669,0.233745
-41.62,-20.5557,0.277364
-41.5902,-24.5486,2.13
-41.5513,9.39176,0.119446
-41.5308,-9.57494,0.73105
-41.4919,-36.5276,0.395165
-41.4664,-16.5627,2.13
-41.4344,10.39,0.109492
-41.4116,-10.5732,0.402032
-41.3654,-28.5416,0.13335
-41.3618,-21.5539,0.781877
-41.351,-31.5364,0.103879
-41.3049,11.3882,0.0517168
-41.2798,-11.5714,0.216286
-41.2762,-25.5469,0.291564
-41.2598,-17.5609,0.510846
-41.2264,-34.5311,0.0498497
-41.1628,12.3865,0.0300411
-41.1353,-12.5697,0.201061
-41.0882,-22.5521,0.738485
-41.0674,0.407533,0.0471448
-41.0663,-0.590714,0.0399222
-41.0566,1.40578,0.0626095
-41.0534,-1.58896,0.312617
-41.0391,-18.5592,0.0902787
-41.0341,2.40403,0.0368096
-41.0287,-2.58721,0.645338
-41.0077,13.3847,0.0232449
-40.9996,3.40227,0.0246141
-40.992,-3.58546,0.786794
-40.9899,-29.5399,0.0331676
-40.9827,-37.5259,0.00802043
-40.9778,-13.5679,0.354594
-40.9533,4.40052,0.0235723
-40.9452,-26.5451,0.0673858
-40.9435,-4.5837,0.786794
-40.9274,-32.5346,0.0307257
-40.8949,5.39877,0.0256953
-40.8829,-5.58195,0.343435
-40.8395,14.383,0.00868952
-40.8245,6.39701,0.0308873
-40.8103,-6.5802,0.165176
-40.8071,-14.5662,0.830391
-40.804,-19.5574,0.101324
-40.7987,-23.5504,1.53719
-40.7501,-35.5294,0.0562651
-40.7419,7.39526,0.0419492
-40.7254,-7.57844,0.162083
-40.6469,8.39351,0.0664159
-40.6282,-8.57669,1.24888
-40.6229,-15.5644,2.13
-40.5963,-27.5434,0.179739
-40.595,-30.5381,0.166821
-40.5539,-20.5557,2.09969
-40.5395,9.39176,0.125861
-40.5185,-9.57494,2.13
-40.4928,-24.5486,2.13
-40.4824,-33.5329,0.361102
-40.4476,-38.5241,0.005
-40.4249,-16.5627,2.13
-40.4195,10.39,0.100628
-40.3961,-10.5732,0.559816
-40.2885,-21.5539,2.13
-40.2866,11.3882,0.0473415
-40.2609,-11.5714,0.355363
-40.2497,-36.5276,0.0570181
-40.229,-28.5416,0.0472028
-40.2128,-17.5609,0.27358
-40.1798,-31.5364,0.03991
-40.1699,-25.5469,0.288226
-40.1407,12.3865,0.0283474
-40.1125,-12.5697,0.487855
-40.0691,0.407533,0.0277421
-40.068,-0.590714,0.0401579
-40.0581,1.40578,0.0303205
-40.0548,-1.58896,0.318198
-40.035,2.40403,0.026279
-40.0294,-2.58721,0.786794
-40.0148,-34.5311,0.0299345
-40.0073,-22.5521,0.786794
-39.9996,3.40227,0.0233342
-39.9918,-3.58546,0.786794
-39.9861,-18.5592,0.0445202
-39.9816,13.3847,0.023308
-39.9521,4.40052,0.023544
-39.9509,-13.5679,0.779661
-39.942,-4.5837,0.786794
-39.8922,5.39877,0.0258467
-39.8799,-5.58195,1.10215
-39.8425,-29.5399,0.0361083
-39.8293,-26.5451,0.048176
-39.82,6.39701,0.031321
-39.8089,14.383,0.00871613
-39.8054,-6.5802,0.418334
-39.7757,-14.5662,0.589196
-39.7446,-19.5574,0.119975
-39.7434,-32.5346,0.0554686
-39.7353,7.39526,0.0431247
-39.724,-37.5259,0.00802156
-39.7183,-7.57844,0.302439
-39.7098,-23.5504,1.65787
-39.6379,8.39351,0.0705835
-39.6186,-8.57669,2.13
-39.5867,-15.5644,1.44462
-39.5277,9.39176,0.131259
-39.5236,-35.5294,0.363936
-39.5061,-9.57494,2.13
-39.4878,-20.5557,2.13
-39.4705,-27.5434,0.301958
-39.436,-30.5381,0.231115
-39.4046,10.39,0.0913663
-39.3953,-24.5486,0.569046
-39.3835,-16.5627,0.474594
-39.3806,-10.5732,1.44985
-39.2849,-33.5329,0.064664
-39.2683,11.3882,0.0437125
-39.2419,-11.5714,0.340473
-39.2152,-21.5539,1.53719
-39.1717,-38.5241,0.005
-39.1658,-17.5609,0.127834
-39.1187,12.3865,0.026927
-39.0927,-28.5416,0.0301798
-39.0898,-12.5697,0.797452
-39.0708,0.407533,0.0243179
-39.0697,-0.590714,0.0280044
-39.0635,-25.5469,0.133729
-39.0596,1.40578,0.0240199
-39.0561,-1.58896,0.308272
-39.0358,2.40403,0.0233694
-39.0301,-2.58721,0.786794
-39.0086,-31.5364,0.0286151
-39.0075,-36.5276,0.0304963
-38.9996,3.40227,0.0229626
-38.9916,-3.58546,0.786794
-38.9555,13.3847,0.0237037
-38.9509,4.40052,0.0235533
-38.9406,-4.5837,0.786794
-38.9332,-18.5592,0.0291466
-38.9264,-22.5521,0.601572
-38.924,-13.5679,0.596054
-38.8895,5.39877,0.0260035
-38.8769,-5.58195,1.10215
-38.8155,6.39701,0.0317699
-38.8031,-34.5311,0.0442365
-38.8005,-6.5802,1.53719
-38.7784,14.383,0.0087461
-38.7443,-14.5662,0.215203
-38.7286,7.39526,0.0443629
-38.7135,-26.5451,0.0594995
-38.7113,-7.57844,1.46773
-38.6952,-29.5399,0.0688223
-38.6853,-19.5574,0.0909905
-38.6288,8.39351,0.075081
-38.6208,-23.5504,0.302043
-38.6091,-8.57669,2.13
-38.5594,-32.5346,0.253127
-38.5505,-15.5644,0.280958
-38.5159,9.39176,0.135118
-38.4938,-9.57494,2.13
-38.4654,-37.5259,0.00787285
-38.4217,-20.5557,0.307784
-38.3897,10.39,0.0830881
-38.3651,-10.5732,0.718914
-38.3447,-27.5434,0.089785
-38.342,-16.5627,0.0908876
-38.2979,-24.5486,0.124277
-38.297,-35.5294,0.0728613
-38.277,-30.5381,0.0594952
-38.2501,11.3882,0.0406035
-38.2229,-11.5714,0.590702
-38.1419,-21.5539,0.237227
-38.1187,-17.5609,0.0307017
-38.0967,12.3865,0.0256831
-38.0873,-33.5329,0.0319577
-38.0726,0.407533,0.0242443
-38.0714,-0.590714,0.0245158
-38.067,-12.5697,0.786794
-38.061,1.40578,0.0238578
-38.0575,-1.58896,0.165324
-38.0367,2.40403,0.0232725
-38.0309,-2.58721,0.335701
-37.9996,3.40227,0.0229408
-37.9914,-3.58546,0.786794
-37.9571,-25.5469,0.0285266
-37.9564,-28.5416,0.0280723
-37.9497,4.40052,0.0235812
-37.9391,-4.5837,0.786794
-37.9294,13.3847,0.0244438
-37.8971,-13.5679,0.295724
-37.8869,5.39877,0.0261632
-37.8802,-18.5592,0.0331572
-37.8739,-5.58195,1.10215
-37.8455,-22.5521,0.165951
-37.8374,-31.5364,0.0377336
-37.811,6.39701,0.0322347
-37.7957,-6.5802,1.3765
-37.7653,-36.5276,0.0533882
-37.7478,14.383,0.00877625
-37.722,7.39526,0.0456688
-37.713,-14.5662,0.107478
-37.7043,-7.57844,0.977327
-37.6259,-19.5574,0.138341
-37.6198,8.39351,0.079544
-37.5996,-8.57669,2.13
-37.5976,-26.5451,0.150838
-37.5914,-34.5311,0.186784
-37.5478,-29.5399,0.26819
-37.5319,-23.5504,0.272671
-37.5142,-15.5644,0.243083
-37.5041,9.39176,0.136997
-37.4814,-9.57494,2.13
-37.3754,-32.5346,0.12853
-37.3748,10.39,0.0757751
-37.3556,-20.5557,0.103576
-37.3496,-10.5732,1.38456
-37.3006,-16.5627,0.0579522
-37.2318,11.3882,0.0378814
-37.2189,-27.5434,0.0437365
-37.2068,-37.5259,0.00802099
-37.204,-11.5714,0.241468
-37.2005,-24.5486,0.0395253
-37.1181,-30.5381,0.0326983
-37.0747,12.3865,0.0247634
-37.0743,0.407533,0.0243418
-37.0731,-0.590714,0.0243248
-37.0717,-17.5609,0.027139
-37.0704,-35.5294,0.032032
-37.0687,-21.5539,0.0318747
-37.0625,1.40578,0.0240118
-37.0589,-1.58896,0.0464042
-37.0443,-12.5697,0.173818
-37.0376,2.40403,0.0233686
-37.0316,-2.58721,0.316499
-36.9996,3.40227,0.0229594
-36.9912,-3.58546,0.786794
-36.9485,4.40052,0.0236145
-36.9377,-4.5837,0.786794
-36.9033,13.3847,0.0255195
-36.8898,-33.5329,0.0334936
-36.8842,5.39877,0.02633
-36.8709,-5.58195,1.10215
-36.8702,-13.5679,0.0748768
-36.8507,-25.5469,0.0334088
-36.8272,-18.5592,0.0535048
-36.8201,-28.5416,0.0387147
-36.8065,6.39701,0.032716
-36.7908,-6.5802,1.53719
-36.7646,-22.5521,0.0449499
-36.7173,14.383,0.00880533
-36.7154,7.39526,0.0470949
-36.6972,-7.57844,2.13
-36.6816,-14.5662,0.0628219
-36.6662,-31.5364,0.0879819
-36.6107,8.39351,0.0842964
-36.59,-8.57669,2.13
-36.5666,-19.5574,0.488781
-36.5231,-36.5276,0.371457
-36.4923,9.39176,0.136656
-36.4818,-26.5451,0.313297
-36.478,-15.5644,0.23341
-36.4691,-9.57494,2.13
-36.443,-23.5504,0.215329
-36.4005,-29.5399,0.156478
-36.3797,-34.5311,0.139834
-36.36,10.39,0.0686903
-36.3341,-10.5732,1.74353
-36.2895,-20.5557,0.0894273
-36.2591,-16.5627,0.0466611
-36.2135,11.3882,0.0352823
-36.1913,-32.5346,0.0420934
-36.185,-11.5714,0.181961
-36.1031,-24.5486,0.0294306
-36.0931,-27.5434,0.0313084
-36.076,0.407533,0.0255295
-36.0748,-0.590714,0.0244726
-36.0639,1.40578,0.0274678
-36.0602,-1.58896,0.0267983
-36.0526,12.3865,0.0240842
-36.0384,2.40403,0.0252902
-36.0323,-2.58721,0.305881
-36.0247,-17.5609,0.0261472
-36.0215,-12.5697,0.0351387
-35.9996,3.40227,0.0232478
-35.9954,-21.5539,0.0265692
-35.991,-3.58546,0.786794
-35.9591,-30.5381,0.0290436
-35.9482,-37.5259,0.00802018
-35.9473,4.40052,0.0236584
-35.9362,-4.5837,0.786794
-35.8815,5.39877,0.0265019
-35.8771,13.3847,0.0270432
-35.8679,-5.58195,1.10215
-35.8439,-35.5294,0.0392418
-35.8433,-13.5679,0.0310204
-35.802,6.39701,0.0332143
-35.7859,-6.5802,1.53719
-35.7742,-18.5592,0.0483378
-35.7443,-25.5469,0.0503071
-35.7088,7.39526,0.0486173
-35.6923,-33.5329,0.0754883
-35.6902,-7.57844,2.13
-35.6868,14.383,0.00883316
-35.6838,-28.5416,0.0991899
-35.6838,-22.5521,0.067182
-35.6502,-14.5662,0.0785181
-35.6017,8.39351,0.0895393
-35.5805,-8.57669,2.13
-35.5072,-19.5574,0.368563
-35.495,-31.5364,0.35986
-35.4805,9.39176,0.13414
-35.4567,-9.57494,2.13
-35.4417,-15.5644,0.180396
-35.3659,-26.5451,0.107607
-35.3541,-23.5504,0.0912125
-35.3451,10.39,0.062983
-35.3187,-10.5732,0.354282
-35.2809,-36.5276,0.0665802
-35.2531,-29.5399,0.0604736
-35.2234,-20.5557,0.0473295
-35.2177,-16.5627,0.0390895
-35.1952,11.3882,0.0330737
-35.1681,-34.5311,0.04009
-35.1661,-11.5714,0.0893574
-35.0777,0.407533,0.032111
-35.0765,-0.590714,0.0251594
-35.0654,1.40578,0.0472902
-35.0616,-1.58896,0.0240966
-35.0393,2.40403,0.0330943
-35.0331,-2.58721,0.262773
-35.0306,12.3865,0.0236449
-35.0073,-32.5346,0.02901
-35.0056,-24.5486,0.0262558
-34.9996,3.40227,0.0241852
-34.9988,-12.5697,0.0249529
-34.9908,-3.58546,0.604153
-34.9776,-17.5609,0.0250549
-34.9673,-27.5434,0.0407061
-34.9461,4.40052,0.0237215
-34.9348,-4.5837,0.786794
-34.9221,-21.5539,0.0274296
-34.8788,5.39877,0.026679
-34.8649,-5.58195,1.10215
-34.851,13.3847,0.0288274
-34.8164,-13.5679,0.0335411
-34.8001,-30.5381,0.0439307
-34.7975,6.39701,0.0337449
-34.7811,-6.5802,1.53719
-34.7212,-18.5592,0.0528648
-34.7022,7.39526,0.050246
-34.6896,-37.5259,0.0080219
-34.6831,-7.57844,0.837924
-34.6562,14.383,0.00886098
-34.6379,-25.5469,0.101402
-34.6188,-14.5662,0.102362
-34.6173,-35.5294,0.146986
-34.6029,-22.5521,0.133198
-34.5926,8.39351,0.0952145
-34.571,-8.57669,2.13
-34.5475,-28.5416,0.694437
-34.4948,-33.5329,0.374611
-34.4687,9.39176,0.129761
-34.4479,-19.5574,0.209327
-34.4444,-9.57494,1.99409
-34.4055,-15.5644,0.128828
-34.3302,10.39,0.0584931
-34.3239,-31.5364,0.0816755
-34.3032,-10.5732,0.175423
-34.2651,-23.5504,0.0515185
-34.2501,-26.5451,0.051687
-34.1769,11.3882,0.0312255
-34.1762,-16.5627,0.0334038
-34.1573,-20.5557,0.0326683
-34.1471,-11.5714,0.0322613
-34.1058,-29.5399,0.048117
-34.0795,0.407533,0.0373287
-34.0782,-0.590714,0.0255929
-34.0668,1.40578,0.0614227
-34.063,-1.58896,0.0240585
-34.0402,2.40403,0.0357371
-34.0388,-36.5276,0.0310261
-34.0338,-2.58721,0.112096
-34.0086,12.3865,0.0234346
-33.9996,3.40227,0.0241775
-33.9906,-3.58546,0.312239
-33.976,-12.5697,0.024038
-33.9564,-34.5311,0.0305096
-33.9449,4.40052,0.023747
-33.9333,-4.5837,0.598099
-33.9306,-17.5609,0.0259795
-33.9082,-24.5486,0.0287738
-33.8761,5.39877,0.0268589
-33.8619,-5.58195,0.606403
-33.8488,-21.5539,0.0322347
-33.8414,-27.5434,0.0430179
-33.8249,13.3847,0.0310284
-33.8233,-32.5346,0.0400306
-33.793,6.39701,0.0343028
-33.7895,-13.5679,0.0371819
-33.7762,-6.5802,0.434301
-33.6955,7.39526,0.0519929
-33.6761,-7.57844,0.239186
-33.6682,-18.5592,0.0717336
-33.6411,-30.5381,0.108116
-33.5874,-14.5662,0.135802
-33.5836,8.39351,0.101322
-33.5614,-8.57669,0.548155
-33.5315,-25.5469,0.283566
-33.522,-22.5521,0.279582
-33.4569,9.39176,0.123999
-33.432,-9.57494,0.326633
-33.4309,-37.5259,0.00787176
-33.4112,-28.5416,0.232499
-33.3908,-35.5294,0.158478
-33.3885,-19.5574,0.116795
-33.3693,-15.5644,0.0929917
-33.3153,10.39,0.0544618
-33.2973,-33.5329,0.0701514
-33.2877,-10.5732,0.065699
-33.1762,-23.5504,0.0356545
-33.1586,11.3882,0.0296201
-33.1527,-31.5364,0.0365311
-33.1348,-16.5627,0.029552
-33.1342,-26.5451,0.0328253
-33.1282,-11.5714,0.0285882
-33.0911,-20.5557,0.0276545
-33.0812,0.407533,0.0277673
-33.0799,-0.590714,0.0248453
-33.0683,1.40578,0.0312838
-33.0643,-1.58896,0.0240648
-33.0411,2.40403,0.026297
-33.0345,-2.58721,0.025874
-32.9996,3.40227,0.0232408
-32.9904,-3.58546,0.161032
-32.9865,12.3865,0.0234616
-32.9584,-29.5399,0.0304241
-32.9533,-12.5697,0.0244176
-32.9437,4.40052,0.0237514
-32.9319,-4.5837,0.167329
-32.8836,-17.5609,0.028459
-32.8734,5.39877,0.0270338
-32.8589,-5.58195,0.165574
-32.8108,-24.5486,0.037832
-32.7988,13.3847,0.0337336
-32.7966,-36.5276,0.0466545
-32.7885,6.39701,0.0348846
-32.7755,-21.5539,0.0418959
-32.7713,-6.5802,0.118149
-32.7626,-13.5679,0.0414039
-32.7447,-34.5311,0.0567742
-32.7156,-27.5434,0.0597504
-32.6889,7.39526,0.0537322
-32.6691,-7.57844,0.0738575
-32.6393,-32.5346,0.112497
-32.6152,-18.5592,0.111365
-32.5745,8.39351,0.107137
-32.556,-14.5662,0.180358
-32.5519,-8.57669,0.228678
-32.4822,-30.5381,0.340342
-32.4451,9.39176,0.117377
-32.4411,-22.5521,0.207622
-32.4251,-25.5469,0.186703
-32.4197,-9.57494,0.154437
-32.333,-15.5644,0.0697884
-32.3292,-19.5574,0.0711576
-32.3004,10.39,0.0506325
-32.2749,-28.5416,0.0578215
-32.2722,-10.5732,0.0482652
-32.1642,-35.5294,0.040222
-32.1403,11.3882,0.028239
-32.1092,-11.5714,0.0269718
-32.0998,-33.5329,0.0327505
-32.0933,-16.5627,0.0268936
-32.0873,-23.5504,0.0282435
-32.0829,0.407533,0.0247544
-32.0816,-0.590714,0.0246194
-32.0697,1.40578,0.0243651
-32.0657,-1.58896,0.0240691
-32.0419,2.40403,0.0234851
-32.0353,-2.58721,0.0236598
-32.025,-20.5557,0.0254264
-32.0184,-26.5451,0.0269793
-31.9996,3.40227,0.022959
-31.9902,-3.58546,0.0266594
-31.9815,-31.5364,0.028693
-31.9645,12.3865,0.0237212
-31.9425,4.40052,0.0237754
-31.9305,-12.5697,0.0251184
-31.9304,-4.5837,0.0304267
-31.8707,5.39877,0.0272092
-31.8559,-5.58195,0.0309798
-31.8365,-17.5609,0.0323152
-31.811,-29.5399,0.0401031
-31.784,6.39701,0.0354916
-31.7727,13.3847,0.0372041
-31.7665,-6.5802,0.0393403
-31.7357,-13.5679,0.0466643
-31.7134,-24.5486,0.0580203
-31.7022,-21.5539,0.0595695
-31.6823,7.39526,0.0554777
-31.662,-7.57844,0.0671074
-31.5898,-27.5434,0.165803
-31.5655,8.39351,0.112745
-31.5622,-18.5592,0.184832
-31.5544,-36.5276,0.291462
-31.5424,-8.57669,0.178406
-31.5331,-34.5311,0.336642
-31.5246,-14.5662,0.225181
-31.4553,-32.5346,0.295533
-31.4333,9.39176,0.110392
-31.4073,-9.57494,0.120053
-31.3602,-22.5521,0.0948271
-31.3232,-30.5381,0.0799073
-31.3187,-25.5469,0.0714978
-31.2968,-15.5644,0.0561035
-31.2855,10.39,0.0471308
-31.2698,-19.5574,0.050545
-31.2567,-10.5732,0.0441808
-31.1385,-28.5416,0.0335224
-31.122,11.3882,0.0270032
-31.0903,-11.5714,0.0258117
-31.0847,0.407533,0.0246625
-31.0833,-0.590714,0.0246257
-31.0712,1.40578,0.0241264
-31.0671,-1.58896,0.0240439
-31.0519,-16.5627,0.0251027
-31.0428,2.40403,0.0233198
-31.036,-2.58721,0.0232875
-30.9996,3.40227,0.0228566
-30.9984,-23.5504,0.0258505
-30.99,-3.58546,0.0230844
-30.9589,-20.5557,0.0256088
-30.9425,12.3865,0.024097
-30.9413,4.40052,0.0236958
-30.9376,-35.5294,0.0315222
-30.929,-4.5837,0.0243774
-30.9077,-12.5697,0.0259956
-30.9025,-26.5451,0.0296122
-30.9023,-33.5329,0.0324752
-30.868,5.39877,0.0272842
-30.8529,-5.58195,0.0287891
-30.8103,-31.5364,0.0411693
-30.7895,-17.5609,0.0382373
-30.7795,6.39701,0.0360423
-30.7616,-6.5802,0.0399427
-30.7466,13.3847,0.0410389
-30.7088,-13.5679,0.0536307
-30.6757,7.39526,0.0572783
-30.6637,-29.5399,0.0866901
-30.655,-7.57844,0.0704539
-30.629,-21.5539,0.103222
-30.616,-24.5486,0.121147
-30.5564,8.39351,0.118381
-30.5328,-8.57669,0.187753
-30.5092,-18.5592,0.263866
-30.4932,-14.5662,0.238551
-30.464,-27.5434,0.2866
-30.4215,9.39176,0.10331
-30.395,-9.57494,0.107827
-30.3214,-34.5311,0.0844061
-30.3122,-36.5276,0.0820274
-30.2793,-22.5521,0.0544819
-30.2713,-32.5346,0.059123
-30.2706,10.39,0.0438084
-30.2605,-15.5644,0.0461956
-30.2412,-10.5732,0.0408761
-30.2123,-25.5469,0.0409701
-30.2105,-19.5574,0.0383168
-30.1642,-30.5381,0.0360795
-30.1037,11.3882,0.0238361
-30.0864,0.407533,0.0224224
-30.085,-0.590714,0.022356
-30.0726,1.40578,0.0215582
-30.0713,-11.5714,0.0222544
-30.0685,-1.58896,0.0213717
-30.0437,2.40403,0.0199443
-30.0367,-2.58721,0.0196661
-30.0104,-16.5627,0.0195404
-30.0022,-28.5416,0.0214349
