"latitude","longitude","year","month","day","magnitude","depth","hour","minute"
-58.000,-15.300,1744,9,24,2.8,0.00,15,0
-40.330,-20.310,1767,8,1,3.5,0.00,23,0
-47.940,-25.010,1789,5,9,3.7,0.00,0,0
-51.300,-30.040,1811,1,1,3.5,0.00,23,0
-34.870,-8.080,1811,10,28,3.8,0.00,22,30
-44.880,-21.980,1824,1,1,3.2,0.00,0,0
-45.720,-20.820,1832,1,1,3.5,0.00,0,0
-45.390,-21.840,1839,7,16,3.0,0.00,2,0
-44.750,-21.030,1840,1,1,3.0,0.00,0,0
-35.460,-5.200,1854,1,10,3.7,0.00,10,0
-43.480,-19.950,1855,7,25,3.5,0.00,9,0
-45.200,-22.600,1861,7,31,4.4,0.00,4,0
-45.250,-21.930,1863,4,9,3.6,0.00,2,45
-44.300,-2.530,1864,11,23,3.2,0.00,14,30
-44.350,-3.400,1871,4,5,3.7,0.00,4,30
-47.500,-23.500,1874,10,30,3.6,0.00,12,30
-57.820,-16.570,1876,6,27,3.0,0.00,21,30
-56.100,-15.600,1879,3,1,3.5,0.00,0,0
-35.500,-6.000,1879,7,24,4.3,0.00,20,25
-46.580,-21.790,1882,10,21,3.0,0.00,0,0
-43.690,-22.660,1886,5,9,4.3,0.00,18,15
-48.510,-25.520,1887,8,27,3.0,0.00,11,20
-38.700,-4.190,1888,5,1,3.0,0.00,7,30
-58.000,-34.500,1888,6,5,5.0,0.00,0,20
-49.060,-26.930,1898,2,25,3.9,0.00,4,0
-46.550,-18.600,1899,5,1,3.5,0.00,0,0
-39.600,-13.030,1899,12,1,3.5,0.00,0,0
-44.750,-21.030,1901,4,5,3.3,0.00,8,0
-44.750,-21.030,1901,6,2,3.0,0.00,2,0
-44.750,-21.030,1901,9,4,3.0,0.00,21,0
-38.970,-4.380,1903,2,10,3.9,0.00,0,0
-38.970,-4.380,1903,2,12,3.9,0.00,0,0
-38.970,-4.380,1903,2,14,4.1,0.00,0,0
-38.970,-4.380,1903,2,15,4.1,0.00,0,0
-38.970,-4.380,1903,2,16,4.1,0.00,0,0
-57.640,-19.000,1906,10,25,4.2,0.00,2,52
-43.800,-20.950,1906,12,4,3.2,0.00,11,0
-44.420,-2.410,1909,12,23,3.0,0.00,0,0
-38.690,-12.890,1911,3,15,3.3,0.00,23,55
-38.670,-12.920,1911,3,22,4.4,0.00,18,0
-38.890,-13.200,1912,4,19,3.7,0.00,8,0
-46.790,-24.180,1915,2,2,3.2,0.00,0,0
-38.630,-12.670,1915,11,6,4.0,0.00,18,30
-41.500,-21.600,1917,5,5,4.5,0.00,7,50
-38.654,-12.475,1917,11,7,4.4,0.00,23,25
-46.620,-23.530,1918,1,1,3.0,0.00,0,0
-38.620,-12.450,1918,1,12,3.7,0.00,11,0
-44.750,-21.030,1919,6,5,3.2,0.00,4,20
-46.850,-17.300,1919,9,1,2.8,0.00,0,0
-38.642,-12.656,1919,11,23,4.4,0.00,4,20
-38.920,-3.870,1919,11,24,4.5,0.00,6,0
-44.750,-21.030,1920,1,31,4.1,0.00,11,10
-47.040,-22.170,1922,1,27,5.1,0.00,6,50
-35.960,-8.280,1924,1,1,3.0,0.00,0,0
-38.460,-6.040,1927,1,1,3.0,0.00,3,0
-37.760,-4.560,1928,4,15,4.0,0.00,21,59
-39.360,-5.420,1928,6,8,3.6,0.00,21,30
-60.000,-29.600,1935,1,2,3.0,0.00,1,12
-44.750,-21.030,1935,10,21,3.7,0.00,10,40
-48.000,-29.000,1939,6,28,5.5,0.00,11,32
-54.500,-16.100,1941,4,11,4.4,0.00,12,5
-40.840,-3.100,1942,1,1,3.0,0.00,18,30
-46.710,-21.310,1946,2,19,3.0,0.00,4,0
-47.700,-25.100,1946,7,18,4.6,0.00,7,15
-48.480,-1.440,1946,10,7,2.8,0.00,20,25
-46.580,-21.790,1947,1,1,3.0,0.00,0,0
-57.900,-21.700,1947,12,15,3.5,0.00,19,5
-58.000,-30.500,1948,1,21,5.5,0.00,16,47
-49.970,-15.070,1948,5,1,3.0,0.00,0,0
-36.240,-5.690,1949,12,31,3.9,0.00,0,0
-46.710,-21.820,1950,2,27,3.9,0.00,11,58
-35.610,-5.900,1950,4,7,3.0,0.00,15,0
-51.840,3.830,1951,4,24,4.7,0.00,0,0
-36.490,-9.930,1954,1,1,3.0,0.00,0,0
-57.350,-12.520,1955,1,31,6.2,0.00,5,3
-36.750,-19.840,1955,3,1,6.1,0.00,1,46
-57.410,-11.540,1959,2,5,3.5,0.00,13,50
-48.690,-21.260,1959,5,25,3.2,0.00,23,8
-48.690,-21.260,1959,5,27,3.2,0.00,17,5
-48.690,-21.260,1959,5,29,3.2,0.00,6,55
-43.230,-22.930,1962,1,17,3.2,0.00,2,27
-36.240,-5.690,1963,8,27,3.7,0.00,0,0
-36.240,-5.690,1963,9,3,3.7,0.00,0,0
-36.240,-5.690,1963,10,2,3.9,0.00,0,0
-35.960,-8.280,1964,1,19,3.5,0.00,0,0
-56.690,-18.060,1964,2,13,5.4,5.00,11,21
-45.590,-20.510,1964,3,21,3.0,0.00,0,0
-35.960,-8.280,1964,6,16,3.5,0.00,0,0
-59.620,2.640,1964,6,19,4.5,0.00,3,56
-44.720,-19.940,1965,8,12,3.3,0.00,0,0
-60.120,2.680,1965,8,15,4.9,0.00,19,36
-46.000,-20.800,1966,11,15,3.2,0.00,8,0
-35.980,-8.200,1967,1,21,3.8,0.00,18,59
-45.000,-23.300,1967,3,23,4.1,0.00,21,12
-43.120,-22.850,1967,8,5,3.6,0.00,9,56
-38.441,-6.088,1968,1,13,3.9,0.00,1,55
-38.440,-6.090,1968,1,18,3.5,0.00,10,40
-38.440,-6.110,1968,2,4,3.2,0.00,0,0
-38.440,-6.090,1968,2,15,4.1,0.00,13,20
-38.440,-6.090,1968,2,23,4.6,0.00,14,23
-39.580,-6.920,1968,3,1,3.0,0.00,0,0
-38.460,-6.040,1968,3,18,3.7,0.00,0,0
-72.890,-8.900,1968,8,27,4.9,26.00,5,17
-60.880,-26.870,1968,10,15,5.0,20.00,19,54
-48.480,-1.320,1970,1,12,4.5,0.00,4,43
-36.210,-7.960,1970,1,29,3.9,0.00,0,0
-36.210,-7.960,1970,1,30,3.5,0.00,0,0
-73.380,-8.290,1970,3,29,4.3,25.00,8,27
-49.100,-13.500,1970,8,14,3.0,0.00,4,59
-35.530,-6.930,1970,11,1,3.9,0.00,0,0
-49.100,-13.500,1970,11,20,3.6,0.00,23,55
-44.750,-20.280,1970,12,1,3.4,0.00,0,0
-48.900,-25.100,1971,2,11,3.0,0.00,0,0
-48.800,-25.250,1971,3,1,3.7,0.00,0,0
-48.900,-25.100,1971,5,21,3.9,0.00,16,0
-49.100,-13.500,1971,7,16,3.5,0.00,19,51
-34.900,-8.040,1971,8,5,3.0,0.00,2,30
-44.750,-20.280,1971,8,8,3.5,0.00,13,32
-44.750,-20.280,1972,1,23,3.7,0.00,3,3
-36.490,-9.930,1972,3,4,3.4,0.00,21,45
-38.500,-6.210,1972,6,4,3.0,0.00,4,30
-41.700,-16.470,1972,8,1,3.9,0.00,0,0
-40.530,-21.720,1972,10,24,4.8,8.00,15,36
-49.050,-13.410,1973,7,8,3.3,0.00,22,38
-35.820,-5.280,1973,7,22,4.5,0.00,21,22
-42.540,-29.500,1974,2,3,4.4,0.00,20,20
-48.470,-20.040,1974,2,15,3.0,0.00,0,0
-48.470,-20.040,1974,2,24,4.2,0.00,3,19
-48.470,-20.040,1974,2,27,3.5,0.00,0,0
-48.470,-20.040,1974,3,1,3.2,0.00,9,0
-48.470,-20.040,1974,3,2,3.5,0.00,18,15
-51.500,-29.450,1974,3,20,3.0,0.00,0,0
-41.640,-16.420,1974,4,11,3.7,0.00,0,0
-60.600,5.580,1974,6,12,3.9,0.00,17,39
-36.060,-7.990,1974,10,20,3.7,0.00,21,37
-39.240,-3.670,1974,12,15,3.3,0.00,5,14
-61.480,5.990,1975,2,4,3.7,0.00,19,1
-42.400,-23.400,1975,3,30,3.5,0.00,17,6
-70.300,1.500,1975,6,22,3.5,0.00,14,4
-44.160,-24.940,1975,12,8,3.4,0.00,8,21
-50.460,-15.350,1976,1,5,3.7,0.00,13,6
-50.420,-24.520,1976,1,23,3.0,0.00,0,0
-59.230,0.340,1976,2,22,4.6,5.00,3,24
-50.980,-22.730,1976,4,16,3.7,0.00,0,0
-39.630,-14.880,1976,5,18,3.7,0.00,8,30
-44.750,-20.280,1976,5,23,3.2,0.00,19,0
-39.570,-14.760,1976,5,25,3.9,0.00,8,30
-35.500,-5.700,1976,6,8,3.4,0.00,21,0
-51.010,-22.840,1976,6,12,3.7,0.00,0,0
-51.010,-22.840,1976,6,13,3.7,0.00,5,0
-51.010,-22.840,1976,6,16,3.9,0.00,20,0
-51.010,-22.840,1976,6,22,3.5,0.00,1,48
-40.250,-15.250,1976,7,12,3.2,0.00,14,0
-38.800,-4.830,1976,7,27,3.0,0.00,21,0
-38.800,-4.830,1976,7,29,3.5,0.00,18,0
-39.600,-14.840,1976,8,11,3.5,0.00,20,0
-39.600,-14.840,1976,10,1,3.4,0.00,0,0
-59.800,-2.000,1976,10,8,4.0,0.00,20,1
-35.750,-5.710,1977,2,25,3.6,0.00,13,40
-38.800,-4.830,1977,3,12,3.9,0.00,7,0
-42.600,-23.300,1977,6,19,3.5,0.00,3,3
-49.970,-0.080,1977,8,2,4.8,0.00,17,45
-47.770,-20.730,1977,9,4,2.8,0.00,15,45
-45.600,-23.420,1977,11,2,2.8,0.00,12,0
-45.600,-23.420,1977,11,4,3.1,0.00,0,0
-45.600,-23.420,1977,11,16,3.3,0.00,23,20
-43.500,-15.800,1977,11,20,3.7,0.00,14,46
-36.030,-6.280,1978,2,10,3.7,0.00,0,0
-47.770,-20.730,1978,3,18,3.3,0.00,1,30
-48.500,-24.960,1978,3,19,3.3,0.00,5,33
-61.940,-10.890,1978,4,18,3.5,0.00,0,0
-51.270,-16.100,1978,10,5,2.8,0.00,9,38
-58.700,-24.000,1979,1,16,4.0,0.00,5,38
-56.360,-21.020,1979,1,21,3.6,0.00,17,49
-51.010,-22.840,1979,3,27,3.7,0.00,12,54
-45.730,-24.690,1979,6,13,2.8,0.00,16,52
-57.500,-24.000,1979,7,20,3.0,0.00,7,0
-45.600,-25.200,1979,8,13,3.0,0.00,18,41
-49.950,-15.260,1979,8,22,3.5,0.00,23,1
-45.600,-23.420,1979,10,19,3.0,0.00,15,25
-55.800,-20.000,1979,12,8,3.8,0.00,5,5
-71.160,-6.170,1980,3,6,4.8,18.00,9,46
-47.330,-20.070,1980,7,3,2.8,0.00,22,10
-49.800,-0.400,1980,10,18,3.1,0.00,21,41
-49.390,-14.410,1980,10,24,3.1,0.00,21,49
-50.300,-5.800,1980,11,5,3.5,0.00,1,22
-50.240,-8.070,1980,11,12,4.7,0.00,21,23
-38.400,-4.300,1980,11,20,5.2,5.00,3,29
-58.250,-26.250,1980,11,21,3.8,0.00,1,29
-56.200,-16.600,1980,12,14,3.6,0.00,0,0
-38.400,-4.300,1981,1,2,3.6,0.00,4,14
-47.500,-5.000,1981,1,6,3.4,0.00,19,51
-38.400,-4.300,1981,1,12,3.8,0.00,3,33
-46.700,-20.710,1981,1,18,3.3,0.00,16,19
-57.640,-11.010,1981,3,9,3.8,0.00,20,27
-48.340,-20.580,1981,3,24,2.8,0.00,22,10
-62.200,-10.740,1981,4,1,3.2,0.00,20,1
-39.500,-22.600,1981,5,7,3.7,0.00,3,44
-46.090,-21.450,1981,9,11,3.1,0.00,10,24
-54.550,-16.860,1981,10,13,3.2,0.00,8,5
-38.450,-8.610,1981,11,2,3.4,0.00,14,57
-38.500,-8.590,1981,11,4,3.1,0.00,3,16
-34.000,-4.000,1982,1,30,3.5,0.00,16,42
-42.100,-23.400,1982,3,10,3.2,0.00,7,57
-41.630,-23.600,1982,3,12,3.5,0.00,17,14
-38.230,-9.310,1982,3,29,3.6,0.00,7,47
-58.100,-24.800,1982,4,8,4.9,12.00,5,58
-55.000,-22.200,1982,4,16,3.4,0.00,22,38
-46.650,-21.640,1982,5,2,3.1,0.00,8,30
-48.200,-12.700,1982,5,17,3.0,0.00,3,57
-45.720,-14.260,1982,7,23,2.9,0.00,11,6
-47.100,-19.600,1982,8,26,3.2,0.00,1,7
-41.460,-16.510,1982,9,5,3.2,0.00,6,30
-45.420,-25.840,1982,9,17,3.8,0.00,12,28
-44.800,-18.800,1982,9,21,3.1,0.00,1,42
-45.500,-12.300,1982,10,10,2.8,0.00,19,28
-45.800,-20.760,1982,11,24,3.2,0.00,23,3
-47.800,-24.300,1983,1,2,2.9,0.00,6,40
-60.180,-26.280,1983,2,8,4.8,0.00,18,38
-62.200,-10.700,1983,2,21,3.2,0.00,5,38
-41.700,-16.470,1983,3,7,3.3,0.00,11,51
-35.580,-8.670,1983,5,5,3.0,0.00,21,40
-35.580,-8.670,1983,5,7,3.5,0.00,18,30
-44.630,-14.320,1983,6,1,3.2,0.00,14,57
-62.140,-3.580,1983,8,5,5.5,22.91,6,21
-50.800,-14.900,1983,9,2,2.8,0.00,16,25
-63.700,-11.400,1983,10,1,3.6,0.00,18,44
-38.700,-5.100,1983,11,18,2.8,0.00,8,41
-50.570,-3.170,1983,12,4,3.7,0.00,7,17
-45.000,-17.200,1983,12,7,2.9,0.00,18,4
-35.800,-8.330,1983,12,16,3.5,0.00,23,53
-50.320,-1.100,1984,1,5,3.0,0.00,10,30
-46.400,-17.400,1984,1,5,2.8,0.00,17,23
-50.490,-1.160,1984,2,20,3.0,0.00,18,18
-40.700,-23.470,1984,2,22,3.7,0.00,8,0
-58.190,-24.440,1984,3,7,3.3,0.00,3,18
-46.760,-20.800,1984,4,8,3.8,0.00,20,56
-43.350,-24.920,1984,5,25,3.5,0.00,8,36
-49.930,-14.430,1984,6,26,3.1,0.00,20,36
0.000,0.000,1984,8,1,3.0,0.00,0,0
-54.530,-21.280,1984,8,9,3.0,0.00,19,37
-62.100,-10.700,1984,9,17,3.4,0.00,8,9
-43.910,-20.980,1984,10,9,3.0,0.00,20,20
-41.700,-16.470,1984,10,20,3.0,0.00,13,18
-35.920,-8.180,1984,11,8,3.8,0.00,12,5
-50.700,-6.900,1984,11,21,3.7,0.00,20,15
-44.130,-16.620,1984,12,9,3.2,0.00,3,22
-48.840,-12.930,1984,12,12,3.3,0.00,21,18
-60.550,-23.940,1985,4,12,5.3,21.00,14,34
-44.400,-17.300,1985,6,8,2.8,0.00,4,15
-48.043,-13.086,1985,7,20,3.8,0.00,1,5
-46.060,-23.170,1985,12,17,3.0,0.00,12,26
-50.320,-15.080,1986,1,14,3.7,0.00,20,14
-48.420,-12.910,1986,2,21,3.1,0.00,21,41
-40.400,-13.900,1986,6,12,3.0,0.00,1,43
-38.590,-6.860,1986,6,14,3.2,0.00,21,26
-42.280,-19.850,1986,8,1,3.3,0.00,19,8
-35.750,-5.530,1986,8,5,3.6,0.00,23,13
-35.737,-5.524,1986,8,21,4.4,0.00,9,34
-35.750,-5.530,1986,8,23,3.7,0.00,20,6
-35.750,-5.530,1986,8,25,3.1,0.00,14,52
-35.750,-5.530,1986,8,27,3.3,0.00,13,25
-35.750,-5.514,1986,9,5,4.5,0.00,20,39
-56.580,-11.560,1986,11,17,3.6,0.00,23,23
-35.754,-5.535,1986,11,30,5.3,3.04,5,19
-39.810,-3.720,1987,2,25,3.0,0.00,21,37
-35.750,-5.530,1987,4,28,3.6,0.00,4,59
-44.500,-20.500,1987,6,2,2.8,0.00,19,16
-35.750,-5.530,1987,6,18,3.0,0.00,16,21
-35.750,-5.530,1987,6,27,3.0,0.00,5,9
-44.100,-25.000,1987,8,27,3.6,0.00,13,1
-46.200,-21.300,1987,9,5,2.9,0.00,10,10
-43.990,-19.550,1987,9,23,3.2,0.00,1,35
-44.000,-18.900,1987,9,28,3.1,0.00,20,18
-55.150,-2.430,1987,10,14,3.5,0.00,1,8
-56.900,-11.600,1987,10,15,3.9,0.00,9,1
-73.940,-7.010,1987,10,24,5.2,0.00,21,23
-35.750,-5.530,1987,11,30,3.0,0.00,1,23
-56.900,-11.500,1987,12,10,3.5,0.00,21,36
-51.200,-6.800,1987,12,11,3.0,0.00,9,17
-40.370,-3.950,1988,4,1,4.3,8.00,0,36
-51.340,-22.100,1988,4,5,3.8,0.00,3,0
-61.660,0.920,1988,6,5,3.8,0.00,16,50
-41.480,-4.300,1988,6,11,3.1,0.00,23,59
-57.970,-20.660,1988,6,24,3.9,0.00,10,1
-35.750,-5.530,1988,6,25,3.4,0.00,11,56
-52.730,-36.270,1988,6,26,4.9,18.00,3,24
-35.750,-5.530,1988,6,29,3.9,0.00,13,14
-47.750,-20.730,1988,7,19,3.0,0.00,10,30
-56.990,-11.620,1988,8,11,3.7,0.00,7,6
-57.950,-11.630,1988,8,11,4.0,0.00,8,6
-47.960,-6.090,1988,8,30,3.5,0.00,15,40
-59.760,-3.100,1988,9,3,3.8,0.00,7,29
-56.910,-11.660,1988,10,3,3.2,0.00,5,2
-37.970,-4.820,1988,10,4,2.8,0.00,22,18
-46.970,-27.300,1988,10,12,2.9,0.00,8,16
-37.980,-4.810,1988,10,19,4.4,4.00,2,15
-35.750,-5.530,1988,11,1,3.8,0.00,14,25
-35.750,-5.530,1988,11,28,3.0,0.00,19,32
-59.380,-0.730,1988,12,10,3.8,0.00,9,52
-44.210,-23.000,1988,12,23,2.8,0.00,15,34
-48.110,-11.620,1989,1,7,3.8,0.00,3,1
-51.010,-22.930,1989,1,7,3.7,0.00,11,36
-45.470,-23.280,1989,2,3,2.8,0.00,19,32
-40.690,-24.510,1989,3,9,3.4,0.00,1,44
-45.700,-19.400,1989,3,9,3.4,0.00,19,20
-35.690,-5.460,1989,3,10,5.0,7.38,4,11
-37.970,-4.810,1989,3,26,4.9,2.71,13,25
-49.600,-13.610,1989,3,29,3.6,0.00,19,1
-35.690,-5.460,1989,5,6,3.6,0.00,19,55
-43.440,-20.300,1989,5,9,3.4,0.00,1,46
-35.690,-5.460,1989,5,22,3.0,0.00,21,9
-47.750,-20.730,1989,5,23,3.2,0.00,22,57
-48.070,-20.730,1989,6,1,3.0,0.00,21,40
-45.670,-23.370,1989,7,5,2.8,0.00,3,29
-50.800,-27.940,1989,7,28,3.2,0.00,13,0
-59.280,-10.180,1989,8,1,3.6,0.00,17,20
-40.240,-4.940,1989,8,3,2.8,0.00,16,5
-37.970,-4.810,1989,8,26,3.8,0.00,16,5
-37.970,-4.810,1989,8,28,3.9,0.00,8,6
-37.970,-4.810,1989,10,17,4.3,0.00,15,2
-37.970,-4.810,1989,10,18,3.0,0.00,15,31
-55.700,-26.550,1989,10,21,2.8,0.00,2,58
-49.860,-0.240,1989,11,26,4.0,0.00,11,21
-47.160,-19.950,1989,12,18,3.4,0.00,11,46
-40.830,-3.760,1989,12,27,3.2,0.00,19,26
-55.580,-32.680,1990,1,11,2.8,0.00,1,30
-47.160,-19.950,1990,1,19,4.2,0.00,22,5
-48.920,-31.190,1990,2,12,5.2,13.00,23,56
-44.120,-14.570,1990,3,1,3.1,1.00,21,59
-40.910,-15.500,1990,3,8,3.3,1.00,21,1
-40.300,-12.550,1990,4,30,2.9,0.00,5,31
-44.720,-25.730,1990,5,30,3.1,0.00,8,0
-46.020,-21.230,1990,6,10,2.9,0.00,3,40
-44.620,-20.110,1990,7,11,2.8,0.00,20,4
-44.520,-25.310,1990,7,28,2.9,0.00,18,5
-48.259,-11.858,1990,8,21,3.8,0.00,5,41
-46.060,-23.170,1990,9,1,2.9,0.00,15,46
-35.850,-5.650,1990,9,7,2.8,3.00,23,39
-73.280,-7.510,1990,9,8,4.0,10.00,2,58
-35.850,-5.650,1990,9,9,3.0,3.00,11,24
-35.850,-5.650,1990,9,12,3.2,3.00,20,34
-35.850,-5.650,1990,9,24,3.7,3.00,15,25
-35.850,-5.650,1990,11,3,3.1,3.00,10,46
-47.500,-12.840,1990,12,5,3.0,0.00,3,7
-44.040,-17.070,1990,12,29,2.9,0.00,21,19
-38.490,-6.060,1991,2,8,2.8,0.00,21,13
-40.910,-15.500,1991,4,19,3.0,0.00,6,10
-39.870,-3.930,1991,4,19,4.9,10.00,10,12
-35.690,-5.460,1991,4,26,3.5,0.00,14,14
-39.400,-15.080,1991,5,5,2.8,0.00,21,7
-41.750,-9.020,1991,5,12,2.9,0.00,6,50
-52.340,-13.150,1991,8,25,2.9,0.00,2,35
-48.430,-24.600,1991,9,3,2.8,0.00,20,46
-45.610,-19.720,1991,9,6,2.9,0.00,21,54
-43.010,-24.120,1991,10,7,3.0,0.00,15,46
-49.830,-22.880,1991,11,13,3.0,0.00,18,14
-50.750,-22.670,1991,12,4,2.9,0.00,12,15
-46.300,-13.440,1991,12,13,3.2,0.00,2,30
-44.580,-20.330,1992,1,1,3.3,0.00,20,15
-51.100,-22.720,1992,1,17,3.1,0.00,18,32
-39.670,-20.990,1992,1,28,3.6,0.00,16,5
-44.420,-26.910,1992,2,1,3.7,0.00,17,24
-36.890,-10.340,1992,2,6,2.8,0.00,7,38
-35.720,-5.490,1992,2,17,3.0,0.00,5,14
-47.270,-20.010,1992,3,2,3.6,0.00,6,6
-50.690,-24.560,1992,3,9,3.2,0.00,23,17
-35.850,-5.640,1992,4,17,3.2,0.00,21,28
-45.792,-26.799,1992,4,24,4.1,0.00,3,31
-39.830,-13.550,1992,6,9,3.0,0.00,10,27
-43.840,-21.220,1992,6,9,3.7,0.00,22,22
-41.570,1.530,1992,6,16,4.7,0.00,2,50
-46.150,-21.330,1992,6,18,2.9,0.00,23,17
-51.310,-22.030,1992,7,5,3.2,0.00,7,34
-43.660,-21.090,1992,7,5,3.1,0.00,9,55
-44.160,-19.950,1992,7,25,2.8,0.00,23,18
-40.570,-11.730,1992,8,13,2.8,0.00,18,20
-39.030,-12.780,1992,8,25,3.2,0.00,17,26
-43.970,-19.800,1992,10,15,3.0,0.00,19,33
-46.330,-24.890,1992,12,9,3.4,0.00,16,21
-35.840,-5.630,1993,2,1,3.0,0.00,16,9
-45.400,-20.580,1993,3,9,3.1,1.00,8,56
-40.700,-21.600,1993,5,10,3.2,0.00,15,15
-45.400,-20.580,1993,5,12,2.9,1.00,0,37
-43.000,-23.910,1993,5,21,3.6,0.00,10,32
-57.300,-29.830,1993,6,5,3.4,0.00,5,51
-51.030,-14.790,1993,7,12,4.1,0.00,8,29
-37.070,-10.490,1993,9,25,3.5,0.00,20,27
-37.070,-10.490,1993,9,27,3.5,0.00,3,56
-36.020,-8.280,1993,10,10,3.3,0.00,0,58
-44.970,-15.140,1993,10,18,3.3,0.00,6,18
-50.430,-5.300,1993,11,18,3.9,0.00,15,22
-44.470,-20.320,1993,12,27,3.9,2.30,22,48
-56.710,-22.760,1994,2,9,3.0,0.00,12,15
-36.540,-9.750,1994,4,6,2.8,0.00,12,18
-40.970,-23.120,1994,6,1,3.3,0.00,21,22
-47.650,-19.380,1994,6,8,2.8,0.00,5,32
-38.290,-4.410,1994,6,18,2.9,4.00,21,2
-38.290,-4.410,1994,7,24,2.9,4.00,13,56
-38.290,-4.410,1994,8,5,2.8,4.00,12,56
-38.290,-4.410,1994,8,11,3.5,4.00,7,23
-36.540,-5.490,1994,8,26,3.0,0.00,1,31
-35.690,-5.460,1994,9,11,3.5,0.00,1,41
-38.290,-4.410,1994,9,20,2.8,4.00,7,9
-38.290,-4.410,1994,11,4,2.8,4.00,12,19
-44.400,-20.200,1994,11,13,3.0,0.00,4,47
-54.200,-12.470,1995,2,9,3.7,0.00,22,17
-48.390,-26.130,1995,3,11,2.8,0.00,3,52
-35.940,-5.370,1995,3,20,2.9,0.00,3,26
-47.670,-19.140,1995,4,21,3.5,0.00,8,51
-38.290,-4.410,1995,4,22,3.5,4.00,16,50
-48.310,-25.680,1995,5,2,3.1,0.00,16,49
-40.410,-3.910,1995,5,10,3.4,0.00,1,37
-47.650,-20.200,1995,5,26,2.9,0.00,19,43
-44.700,-20.010,1995,5,27,3.1,0.00,23,19
-47.500,-19.680,1995,5,30,3.0,0.00,19,43
-44.600,-25.150,1995,5,31,3.0,0.00,0,36
-47.660,-20.540,1995,6,2,2.9,0.00,9,32
-46.740,-18.030,1995,6,3,3.1,0.00,5,26
-48.410,-20.320,1995,6,6,2.8,0.00,0,32
-48.340,-10.790,1995,6,21,2.9,0.00,2,57
-50.540,-9.860,1995,8,10,2.9,0.00,19,16
-47.860,-19.170,1995,8,24,3.0,0.00,3,20
-43.940,-16.670,1995,8,27,3.7,0.00,20,8
-53.210,-23.730,1995,10,28,2.8,0.00,6,7
-46.380,-28.040,1996,1,13,3.2,0.00,0,33
-48.680,-21.950,1996,2,23,2.9,0.00,23,27
-48.200,-19.580,1996,2,28,2.8,0.00,5,34
-51.870,-15.610,1996,3,1,3.2,0.00,3,39
-34.660,-28.430,1996,3,12,4.6,0.00,10,18
-51.870,-15.610,1996,3,13,3.6,0.00,5,5
-44.240,-24.870,1996,3,28,3.1,0.00,15,5
-47.320,-21.290,1996,4,9,2.8,0.00,5,17
-45.380,-26.470,1996,4,24,3.0,0.00,20,3
-43.690,-18.120,1996,4,27,3.2,0.00,14,47
-51.870,-15.610,1996,5,10,3.9,0.00,6,0
-48.680,-22.730,1996,6,11,3.4,0.00,20,38
-45.680,-26.700,1996,6,13,2.8,0.00,3,50
-62.220,-10.750,1996,7,1,3.2,0.00,23,20
-57.020,-23.880,1996,7,27,3.0,0.00,23,34
-51.870,-15.610,1996,8,15,3.4,0.00,9,24
-51.870,-15.610,1996,8,21,3.0,0.00,20,30
-51.950,-15.790,1996,8,28,2.9,0.00,13,14
-51.870,-15.610,1996,8,29,3.0,0.00,15,8
-42.230,-15.810,1996,9,1,2.8,0.00,4,12
-51.930,-15.830,1996,9,1,2.8,0.00,17,26
-35.980,-8.280,1996,9,10,2.8,0.00,2,55
-51.930,-15.570,1996,9,12,3.0,0.00,7,1
-46.740,-21.040,1996,10,18,4.0,0.00,21,44
-40.500,-22.710,1996,10,26,4.0,0.00,20,30
-47.840,-24.410,1996,11,9,2.8,0.00,15,38
-50.110,-12.260,1996,11,13,3.4,0.00,23,39
-56.800,-11.390,1996,11,26,4.2,0.00,4,14
-51.870,-15.610,1996,12,10,3.5,0.00,17,44
-51.870,-15.610,1997,2,26,3.0,0.00,21,7
-40.790,-3.760,1997,4,22,3.2,0.00,14,29
-51.250,-7.140,1997,5,17,3.2,0.00,23,28
-49.500,-13.520,1997,5,27,3.5,0.00,20,7
-40.430,-3.190,1997,6,9,3.2,0.00,12,2
-40.780,-22.810,1997,7,8,2.9,0.00,19,31
-51.910,-17.980,1997,7,11,2.8,0.00,19,16
-47.170,-20.820,1997,7,17,2.9,0.00,16,45
-50.580,-14.970,1997,8,16,3.0,0.00,16,11
-45.960,-22.870,1997,8,22,2.8,0.00,1,28
-50.610,-11.100,1997,8,24,3.1,0.00,5,59
-38.290,-4.410,1997,9,19,3.6,0.00,22,3
-38.290,-4.410,1997,9,21,3.3,0.00,4,14
-38.290,-4.410,1997,9,22,3.4,0.00,21,48
-39.530,-3.940,1997,10,23,2.9,0.00,23,15
-45.750,-20.750,1997,11,17,3.5,0.00,17,27
-47.580,-22.600,1997,11,25,3.3,0.00,23,39
-40.430,-3.190,1997,12,12,3.0,0.00,8,45
-38.290,-4.410,1997,12,16,3.1,0.00,3,34
-41.300,-16.220,1998,1,7,3.1,0.00,12,47
-39.490,-3.870,1998,2,2,2.8,0.00,15,31
-56.700,-17.910,1998,2,16,3.5,0.00,7,37
-49.640,-3.950,1998,2,27,3.4,0.00,6,57
-49.630,-3.860,1998,3,2,3.5,0.00,6,26
-56.740,-11.600,1998,3,10,5.2,5.00,23,32
-56.740,-11.600,1998,3,14,3.7,5.00,23,23
-56.791,-11.596,1998,3,22,4.0,4.00,5,26
-51.930,-15.660,1998,3,28,3.3,0.00,5,15
-48.480,-11.020,1998,4,11,3.9,0.00,17,24
-44.270,-24.660,1998,4,18,3.4,0.00,2,32
-38.290,-4.410,1998,4,22,2.8,0.00,2,29
-49.100,-28.300,1998,5,5,2.8,0.00,19,30
-56.800,-11.600,1998,5,6,3.6,0.00,14,45
-73.640,-7.500,1998,5,7,3.7,0.00,14,0
-56.800,-11.600,1998,5,12,3.6,0.00,14,29
-56.662,-18.247,1998,5,12,3.9,0.00,14,30
-56.800,-11.600,1998,5,15,3.5,0.00,19,3
-47.680,-19.170,1998,5,22,4.1,3.00,17,33
-55.970,-19.150,1998,5,30,3.6,0.00,9,57
-38.290,-4.410,1998,6,4,4.0,0.00,0,40
-44.460,-24.020,1998,7,1,3.2,0.00,21,25
-56.780,-11.610,1998,7,19,3.8,0.00,0,32
-56.780,-11.590,1998,7,21,4.1,0.00,22,22
-56.800,-11.600,1998,7,23,3.5,0.00,16,32
-56.800,-11.600,1998,7,25,3.5,0.00,0,50
-39.870,-9.870,1998,7,29,3.1,0.00,6,20
-56.800,-11.600,1998,7,30,3.5,0.00,15,56
-38.290,-4.410,1998,8,4,2.8,0.00,6,2
-49.550,-28.770,1998,8,16,3.4,0.00,22,0
-44.130,-19.590,1998,8,24,3.0,0.00,3,35
-42.960,-19.090,1998,8,26,3.8,0.00,15,9
-50.490,-9.460,1998,8,27,3.2,0.00,14,23
-45.270,-24.960,1998,9,18,3.2,0.00,18,34
-45.470,-25.020,1998,9,18,3.1,0.00,18,40
-51.420,-15.030,1998,9,20,3.0,0.00,20,7
-56.800,-11.600,1998,9,20,3.5,0.00,23,44
-56.800,-11.600,1998,9,24,3.9,0.00,6,13
-54.570,-8.730,1998,10,9,3.5,0.00,8,3
-56.800,-11.600,1998,10,9,3.5,0.00,8,8
-56.790,-11.610,1998,11,11,3.7,0.00,19,10
-54.140,-16.370,1998,12,31,3.0,0.00,0,25
-49.170,-23.410,1999,1,2,3.4,0.00,8,33
-56.780,-11.610,1999,2,8,3.1,2.00,18,44
-63.790,-0.220,1999,3,15,4.0,22.00,5,13
-56.790,-11.600,1999,3,18,3.7,2.00,9,31
-39.870,-9.870,1999,3,28,2.8,0.00,3,5
-56.780,-11.593,1999,4,1,3.8,2.00,17,18
-40.370,-22.530,1999,4,5,2.9,0.00,7,53
-47.310,-20.020,1999,4,11,2.9,0.00,20,26
-56.790,-11.600,1999,5,4,3.0,2.00,20,26
-56.780,-11.615,1999,5,7,4.0,2.00,20,38
-56.780,-11.610,1999,5,9,3.0,2.00,14,24
-56.780,-11.610,1999,5,11,3.4,2.00,20,16
-41.600,-24.520,1999,5,18,3.1,0.00,6,57
-40.780,-24.510,1999,6,25,3.6,0.00,19,52
-35.820,-5.620,1999,6,30,3.0,0.00,20,19
-39.580,-13.170,1999,7,11,2.9,0.00,1,35
-56.780,-11.610,1999,8,7,3.1,2.00,18,44
-40.570,-22.320,1999,8,8,2.8,0.00,5,25
-49.200,-13.300,1999,8,18,3.5,0.00,4,43
-56.790,-11.620,1999,10,1,3.5,2.00,18,2
-44.090,-16.460,1999,10,24,3.5,0.00,19,13
-56.800,-11.680,1999,11,12,3.5,0.00,7,42
-36.020,-8.280,1999,11,17,3.0,0.00,12,6
-56.800,-11.620,1999,11,20,3.2,2.00,13,28
-47.800,-11.650,1999,12,16,3.4,0.00,5,8
-38.290,-4.410,1999,12,22,2.8,0.00,11,19
-38.290,-4.410,2000,1,22,3.6,0.00,23,36
-48.840,-12.270,2000,4,12,3.1,0.00,7,26
-40.430,-22.250,2000,4,17,2.8,0.00,14,29
-56.350,-26.830,2000,4,28,3.9,0.00,3,15
-56.530,-16.030,2000,5,2,3.7,0.00,14,5
-47.980,-19.060,2000,5,6,3.3,0.00,5,11
-38.290,-4.410,2000,6,29,3.5,0.00,2,2
-38.290,-4.410,2000,7,4,4.1,0.00,4,54
-39.870,-9.870,2000,7,13,2.8,0.00,23,55
-40.540,-16.370,2000,7,27,3.2,0.00,0,0
-49.850,-12.020,2000,9,13,3.4,0.00,7,39
-38.400,-4.300,2000,9,23,3.1,0.00,1,55
-49.060,-21.040,2000,9,28,3.4,0.00,16,4
-40.430,-3.190,2000,10,6,3.2,0.00,13,4
-40.430,-3.190,2000,10,17,3.0,0.00,13,37
-38.400,-4.300,2000,11,10,3.0,0.00,20,5
-47.790,-16.010,2000,11,20,4.2,0.00,9,36
-56.800,-11.500,2000,11,21,3.5,0.00,21,58
-44.800,-24.120,2000,12,6,3.2,0.00,17,47
-57.550,-27.220,2000,12,18,2.8,0.00,1,31
-58.120,-26.150,2000,12,21,2.8,0.00,4,43
-56.800,-11.500,2000,12,24,3.5,0.00,5,16
-44.700,-17.700,2001,1,7,3.4,0.00,3,50
-39.420,-5.280,2001,1,23,3.3,0.00,9,21
-38.290,-4.410,2001,2,26,3.7,0.00,20,42
-39.870,-9.870,2001,4,6,3.0,0.00,10,26
-72.470,-9.890,2001,5,9,3.7,22.00,0,38
-39.910,-21.200,2001,5,24,3.0,0.00,23,55
-60.500,-1.300,2001,5,27,3.7,0.00,9,50
-40.370,-21.930,2001,8,24,3.9,0.00,19,56
-44.700,-20.010,2001,8,31,3.1,0.00,18,51
-39.870,-9.870,2001,12,8,3.1,0.00,2,6
-34.950,1.370,2002,4,20,4.1,0.00,5,21
-44.030,-19.450,2002,5,6,2.9,0.00,6,12
-49.000,-9.920,2002,5,18,3.1,0.00,12,22
-49.630,-10.030,2002,5,19,3.0,0.00,5,57
-45.830,-25.030,2002,6,4,3.7,0.00,23,27
-35.960,-8.260,2002,6,30,3.8,0.00,21,39
-35.960,-8.260,2002,7,29,2.9,0.00,13,19
-35.960,-8.260,2002,8,16,2.8,0.00,11,19
-35.960,-8.260,2002,8,23,2.9,0.00,13,2
-47.010,-14.880,2002,8,26,3.3,0.00,2,29
-38.650,-12.560,2002,9,20,3.0,0.00,16,3
-38.650,-12.560,2002,9,28,3.7,0.00,9,35
-38.650,-12.560,2002,10,1,2.8,0.00,17,56
-69.640,-10.260,2002,10,2,4.0,0.00,5,50
-38.860,-12.800,2002,10,10,3.6,0.00,21,9
-38.650,-12.560,2002,10,17,2.9,0.00,13,18
-49.780,-8.030,2002,10,27,3.7,0.00,20,23
-44.670,-20.270,2002,11,16,3.4,0.00,1,28
-42.980,-23.830,2003,1,9,3.5,0.00,3,19
-40.220,-8.330,2003,1,25,3.5,0.00,21,0
-35.870,-5.660,2003,2,26,3.4,0.00,14,32
-46.190,-21.310,2003,3,16,3.2,0.00,21,29
-40.670,-22.270,2003,4,13,3.3,0.00,11,20
-39.860,-21.310,2003,4,16,3.2,0.00,15,36
-44.810,-20.370,2003,5,4,2.9,0.00,22,27
-54.290,-16.730,2003,5,11,3.7,0.00,13,45
-46.210,-26.090,2003,5,17,2.9,0.00,6,40
-46.420,-25.390,2003,5,23,3.1,0.00,11,28
-41.730,-26.440,2003,6,23,4.1,0.00,6,9
-47.670,-12.640,2003,7,14,3.7,0.00,9,8
-42.360,-24.050,2003,7,26,3.4,0.00,0,51
-44.593,-13.532,2003,7,31,3.3,0.00,14,43
-56.220,-17.380,2003,10,28,3.6,0.00,23,21
-50.040,-8.340,2003,11,15,3.9,0.00,0,20
-34.280,-9.610,2003,12,3,3.3,0.00,23,33
-38.800,-6.570,2004,1,12,3.2,0.00,4,51
-39.740,-4.980,2004,2,6,2.8,0.00,5,55
-44.720,-25.220,2004,5,16,3.9,0.00,14,29
-36.580,-8.330,2004,6,1,3.1,0.00,12,11
-36.580,-8.330,2004,6,9,2.9,0.00,12,30
-72.920,-3.200,2004,7,6,4.0,15.00,14,44
-38.480,-4.370,2004,8,24,3.3,0.00,8,14
-55.950,-16.220,2004,12,26,3.2,0.00,0,39
-56.760,-11.600,2005,3,23,5.0,3.00,21,11
-48.500,-21.060,2005,3,30,2.9,1.00,11,41
-48.500,-21.060,2005,4,2,2.8,1.00,15,25
-33.190,-8.800,2005,4,3,3.0,0.00,13,44
-47.290,-21.030,2005,4,8,3.1,0.00,23,34
-38.360,-4.350,2005,6,6,3.0,0.00,5,1
-38.360,-4.350,2005,6,18,3.1,0.00,11,10
-54.960,-16.810,2005,7,10,3.0,0.00,8,7
-56.780,-11.600,2005,7,20,4.3,0.00,16,43
-57.400,-11.880,2005,9,24,3.9,0.00,20,38
-50.700,-24.412,2006,1,4,4.1,0.00,22,54
-36.930,-10.070,2006,1,8,3.4,0.00,1,54
-46.860,-21.640,2006,1,10,3.0,0.00,19,3
-40.110,-14.180,2006,3,29,3.7,0.00,0,0
-53.300,-16.310,2006,4,22,2.8,0.00,2,29
-42.580,-16.720,2006,5,14,3.0,0.00,14,7
-36.160,-8.260,2006,5,20,3.9,6.00,4,26
-51.960,4.880,2006,6,8,5.2,3.00,16,29
-51.260,-22.230,2006,6,17,3.2,0.00,1,11
-38.290,-4.410,2006,6,28,3.1,0.00,8,0
-36.160,-8.260,2006,7,20,3.3,0.00,17,20
-36.160,-8.260,2006,9,1,3.6,0.00,13,55
-35.000,-5.000,2006,9,2,4.0,0.00,23,56
-39.780,-22.280,2006,11,16,2.9,0.00,8,8
-40.250,-22.040,2006,11,26,3.6,0.00,2,11
-36.161,-8.263,2007,3,20,4.0,4.00,13,38
-36.160,-8.260,2007,3,26,3.3,0.00,0,44
-46.880,-26.660,2007,3,27,3.5,0.00,19,45
-36.580,-8.330,2007,3,28,2.8,0.00,15,4
-40.130,-3.230,2007,4,15,2.9,0.00,2,0
-44.300,-15.000,2007,5,24,3.8,0.00,15,30
-46.290,-19.560,2007,7,14,3.5,0.00,5,33
-72.670,-7.630,2007,7,18,3.0,0.00,0,0
-38.050,-5.920,2007,9,13,3.2,5.00,10,40
-41.660,-11.350,2007,10,25,3.0,0.00,22,30
-48.120,3.500,2007,10,31,5.1,0.00,21,15
-44.295,-15.033,2007,12,9,4.9,0.70,2,3
-40.510,-3.630,2008,2,2,2.8,0.00,22,36
-44.890,-24.560,2008,2,8,3.9,0.00,19,5
-40.510,-3.630,2008,2,17,3.7,0.00,1,57
-44.090,-15.070,2008,3,19,3.8,1.00,22,12
-40.890,-24.800,2008,4,20,3.6,0.00,6,39
-45.410,-25.700,2008,4,23,5.2,17.00,0,0
-39.890,-22.480,2008,5,3,3.4,0.00,9,9
-40.510,-3.630,2008,5,21,4.3,1.18,19,28
-51.350,-28.900,2008,6,14,3.3,0.00,12,0
-44.730,-13.730,2008,7,31,2.9,0.00,3,12
-47.330,-19.900,2008,9,29,3.1,0.00,15,19
-56.240,-17.170,2008,10,7,3.4,0.00,21,51
-51.060,-29.020,2008,11,10,3.0,0.00,6,56
-40.510,-3.630,2008,12,19,3.5,0.00,0,0
-49.580,-31.660,2008,12,19,3.9,0.00,22,55
-40.510,-3.630,2009,2,9,3.5,0.00,14,45
-48.610,-11.650,2009,4,3,3.2,5.00,3,39
-55.800,-18.490,2009,6,15,4.8,6.00,22,15
-56.700,-11.620,2009,6,30,3.0,5.00,6,39
-56.700,-11.620,2009,7,24,3.1,5.00,6,7
-40.530,-3.620,2009,7,31,3.4,5.00,20,55
-45.510,-23.450,2009,9,7,3.3,0.00,0,18
-61.430,-1.900,2009,9,9,4.2,0.00,4,11
-44.260,-15.060,2009,9,23,2.8,5.00,5,27
-56.700,-27.500,2009,11,10,3.5,15.00,17,40
-43.000,0.760,2009,11,26,4.0,5.00,22,55
-52.710,-10.370,2009,12,2,3.5,5.00,2,39
-40.650,-3.550,2009,12,21,2.9,0.00,8,25
-59.760,-2.330,2009,12,30,3.0,5.00,16,41
-35.660,-5.550,2010,1,9,3.5,10.00,18,18
-35.660,-5.550,2010,1,11,4.3,10.00,15,54
-56.700,-11.620,2010,1,13,2.9,5.00,2,6
-47.810,-14.400,2010,1,22,3.2,0.00,7,48
-44.910,-16.220,2010,1,25,3.3,0.00,2,17
-43.950,-19.500,2010,1,28,3.6,0.00,3,45
-56.700,-11.620,2010,2,24,2.8,5.00,1,4
-56.700,-11.620,2010,2,27,3.5,5.00,9,35
-36.150,-8.300,2010,2,28,2.9,0.00,2,21
-36.780,-8.460,2010,3,8,3.2,0.00,23,14
-36.790,-5.970,2010,3,25,2.9,0.00,10,39
-35.910,-8.570,2010,4,18,2.8,0.00,23,41
-72.980,-6.820,2010,4,25,4.9,17.00,23,9
-51.370,-29.160,2010,4,26,3.5,0.00,4,33
-43.980,-21.190,2010,5,5,2.9,0.00,5,17
-39.500,-13.200,2010,6,1,3.2,0.00,6,58
-44.060,-19.560,2010,6,3,2.9,0.00,11,22
-40.650,-22.430,2010,7,1,3.8,0.00,16,44
-50.010,-21.750,2010,8,21,3.0,0.00,12,57
-43.860,-16.730,2010,9,29,2.8,0.00,19,54
-49.160,-13.720,2010,10,4,3.6,5.00,19,7
-49.160,-13.771,2010,10,8,5.0,1.46,20,16
-49.990,-13.790,2010,10,26,3.5,0.00,5,34
-40.510,-3.630,2010,10,31,3.1,5.00,0,0
-50.400,-7.470,2010,11,28,4.2,0.00,10,21
-36.100,-5.460,2010,12,5,3.5,5.00,0,1
-46.320,-13.400,2010,12,9,3.7,0.00,21,29
-48.840,-13.520,2011,1,8,4.1,0.00,11,49
-49.210,-13.780,2011,2,26,3.4,0.00,22,52
-51.100,-29.140,2011,2,27,3.1,0.00,7,41
-48.710,-11.450,2011,3,2,3.2,0.00,19,17
-49.210,-13.780,2011,3,4,3.7,0.00,6,59
-43.883,-16.701,2011,3,5,3.3,0.00,23,29
-48.700,-11.170,2011,4,30,3.6,0.00,8,16
-39.550,-22.180,2011,7,27,3.2,0.00,18,25
-52.830,-25.050,2011,8,1,2.8,0.00,6,18
-40.510,-3.630,2011,8,8,3.0,5.00,13,53
-44.950,-21.170,2011,8,14,3.2,0.00,16,50
-49.960,-30.440,2011,8,18,3.3,0.00,21,14
-45.760,-20.630,2011,10,14,2.8,0.00,7,17
-43.940,-20.100,2011,10,22,3.4,0.00,19,29
-35.750,-5.540,2011,10,24,2.8,0.00,12,38
-40.470,-8.960,2011,12,3,3.3,0.00,15,49
-40.700,-16.590,2011,12,15,3.6,0.00,13,1
-45.660,-23.380,2012,2,21,3.3,0.00,6,36
-48.130,-28.160,2012,3,14,3.1,0.00,10,40
-36.160,-8.250,2012,3,29,3.1,0.00,17,15
-49.950,-13.450,2012,3,31,3.7,0.00,16,9
-43.900,-16.590,2012,4,2,2.8,0.00,5,21
-36.100,-5.460,2012,4,15,2.8,0.00,18,4
-45.660,-23.380,2012,4,21,3.2,0.00,6,36
-49.110,-13.770,2012,4,24,3.2,0.00,1,34
-43.883,-16.695,2012,5,19,4.0,1.10,13,41
-43.890,-16.700,2012,5,20,2.8,0.00,19,32
-43.890,-16.700,2012,5,22,3.0,0.00,17,9
-49.350,-2.260,2012,6,29,3.6,0.00,12,18
-40.510,-3.630,2012,8,2,2.9,0.00,7,14
-36.100,-5.460,2012,9,12,3.0,0.00,18,6
-43.880,-16.703,2012,9,12,2.9,1.20,23,56
-36.100,-5.460,2012,10,6,2.8,0.00,22,52
-35.750,-5.520,2012,11,17,2.8,0.00,0,41
-63.020,-9.460,2012,11,25,4.7,0.00,22,57
-49.180,-13.560,2012,12,8,3.8,0.00,18,52
-43.879,-16.699,2012,12,19,3.9,1.65,5,31
-36.100,-5.460,2012,12,21,3.6,0.00,12,37
