eventID,Agency,year,month,day,hour,minute,second,timeError,longitude,latitude,SemiMajor90,SemiMinor90,ErrorStrike,depth,depthError,magnitude,sigmaMagnitude,magnitudeType
,,1901,6,2,2,0,0.0,,-44.75,-21.030000000000001,,,,0.0,,3.0,,
,,1901,9,4,21,0,0.0,,-44.75,-21.030000000000001,,,,0.0,,3.0,,
,,1903,2,15,0,0,0.0,,-38.969999999999999,-4.3799999999999999,,,,0.0,,4.0999999999999996,,
,,1906,10,25,2,52,0.0,,-57.640000000000001,-19.0,,,,0.0,,4.2000000000000002,,
,,1906,12,4,11,0,0.0,,-43.799999999999997,-20.949999999999999,,,,0.0,,3.2000000000000002,,
,,1909,12,23,0,0,0.0,,-44.420000000000002,-2.4100000000000001,,,,0.0,,3.0,,
,,1911,3,22,18,0,0.0,,-38.670000000000002,-12.92,,,,0.0,,4.4000000000000004,,
,,1912,4,19,8,0,0.0,,-38.890000000000001,-13.199999999999999,,,,0.0,,3.7000000000000002,,
,,1915,2,2,0,0,0.0,,-46.789999999999999,-24.18,,,,0.0,,3.2000000000000002,,
,,1915,11,6,18,30,0.0,,-38.630000000000003,-12.67,,,,0.0,,4.0,,
,,1917,5,5,7,50,0.0,,-41.5,-21.600000000000001,,,,0.0,,4.5,,
,,1917,11,7,23,25,0.0,,-38.659999999999997,-12.48,,,,0.0,,4.2999999999999998,,
,,1918,1,1,0,0,0.0,,-46.619999999999997,-23.530000000000001,,,,0.0,,3.0,,
,,1918,1,12,11,0,0.0,,-38.619999999999997,-12.449999999999999,,,,0.0,,3.7000000000000002,,
,,1919,6,5,4,20,0.0,,-44.75,-21.030000000000001,,,,0.0,,3.2000000000000002,,
,,1919,9,1,0,0,0.0,,-46.850000000000001,-17.300000000000001,,,,0.0,,2.7999999999999998,,
,,1919,11,23,4,20,0.0,,-38.619999999999997,-12.65,,,,0.0,,4.2000000000000002,,
,,1919,11,24,6,0,0.0,,-38.920000000000002,-3.8700000000000001,,,,0.0,,4.5,,
,,1920,1,31,11,10,0.0,,-44.75,-21.030000000000001,,,,0.0,,4.0,,
,,1922,1,27,6,50,0.0,,-47.039999999999999,-22.170000000000002,,,,0.0,,5.0999999999999996,,
,,1924,1,1,0,0,0.0,,-35.960000000000001,-8.2799999999999994,,,,0.0,,3.0,,
,,1927,1,1,3,0,0.0,,-38.460000000000001,-6.04,,,,0.0,,3.0,,
,,1928,4,15,21,59,0.0,,-37.759999999999998,-4.5599999999999996,,,,0.0,,4.0,,
,,1928,6,8,21,30,0.0,,-39.359999999999999,-5.4199999999999999,,,,0.0,,3.6000000000000001,,
,,1935,1,2,1,12,0.0,,-60.0,-29.600000000000001,,,,0.0,,3.0,,
,,1935,10,21,10,40,0.0,,-44.75,-21.030000000000001,,,,0.0,,3.7000000000000002,,
,,1939,6,28,11,32,0.0,,-48.0,-29.0,,,,0.0,,5.5,,
,,1941,4,11,12,5,0.0,,-54.5,-16.100000000000001,,,,0.0,,4.4000000000000004,,
,,1942,1,1,18,30,0.0,,-40.840000000000003,-3.1000000000000001,,,,0.0,,3.0,,
,,1946,2,19,4,0,0.0,,-46.710000000000001,-21.309999999999999,,,,0.0,,3.0,,
,,1946,7,18,7,15,0.0,,-47.700000000000003,-25.100000000000001,,,,0.0,,4.5999999999999996,,
,,1946,10,7,20,25,0.0,,-48.479999999999997,-1.4399999999999999,,,,0.0,,2.7999999999999998,,
,,1947,1,1,0,0,0.0,,-46.579999999999998,-21.789999999999999,,,,0.0,,3.0,,
,,1947,12,15,19,5,0.0,,-57.899999999999999,-21.699999999999999,,,,0.0,,3.5,,
,,1948,1,21,16,47,0.0,,-58.0,-30.5,,,,0.0,,5.5,,
,,1948,5,1,0,0,0.0,,-49.969999999999999,-15.07,,,,0.0,,3.0,,
,,1949,12,31,0,0,0.0,,-36.240000000000002,-5.6900000000000004,,,,0.0,,3.8999999999999999,,
,,1950,2,27,11,58,0.0,,-46.710000000000001,-21.82,,,,0.0,,3.8999999999999999,,
,,1950,4,7,15,0,0.0,,-35.609999999999999,-5.9000000000000004,,,,0.0,,3.0,,
,,1951,4,24,0,0,0.0,,-51.840000000000003,3.8300000000000001,,,,0.0,,4.7000000000000002,,
,,1954,1,1,0,0,0.0,,-36.490000000000002,-9.9299999999999997,,,,0.0,,3.0,,
,,1955,1,31,5,3,0.0,,-57.350000000000001,-12.52,,,,0.0,,6.2000000000000002,,
,,1955,3,1,1,46,0.0,,-36.75,-19.84,,,,0.0,,6.0999999999999996,,
,,1959,2,5,13,50,0.0,,-57.409999999999997,-11.539999999999999,,,,0.0,,3.5,,
,,1959,5,25,23,8,0.0,,-48.689999999999998,-21.260000000000002,,,,0.0,,3.2000000000000002,,
,,1962,1,17,2,27,0.0,,-43.229999999999997,-22.93,,,,0.0,,3.2000000000000002,,
,,1963,10,2,0,0,0.0,,-36.240000000000002,-5.6900000000000004,,,,0.0,,3.8999999999999999,,
,,1963,12,14,21,5,0.0,,-61.009999999999998,-2.2999999999999998,,,,45.0,,5.0999999999999996,,
,,1964,1,19,0,0,0.0,,-35.960000000000001,-8.2799999999999994,,,,0.0,,3.5,,
,,1964,2,13,11,21,0.0,,-56.689999999999998,-18.059999999999999,,,,5.0,,5.4000000000000004,,
,,1964,3,21,0,0,0.0,,-45.590000000000003,-20.510000000000002,,,,0.0,,3.0,,
,,1964,6,16,0,0,0.0,,-35.960000000000001,-8.2799999999999994,,,,0.0,,3.5,,
,,1964,6,19,3,56,0.0,,-59.619999999999997,2.6400000000000001,,,,0.0,,4.5,,
,,1965,8,12,0,0,0.0,,-44.719999999999999,-19.940000000000001,,,,0.0,,3.2999999999999998,,
,,1965,8,15,19,36,0.0,,-60.119999999999997,2.6800000000000002,,,,0.0,,4.9000000000000004,,
,,1966,11,15,8,0,0.0,,-46.0,-20.800000000000001,,,,0.0,,3.2000000000000002,,
,,1967,1,21,18,59,0.0,,-35.979999999999997,-8.1999999999999993,,,,0.0,,3.7999999999999998,,
,,1967,3,23,21,12,0.0,,-45.0,-23.300000000000001,,,,0.0,,4.0999999999999996,,
,,1967,8,5,9,56,0.0,,-43.119999999999997,-22.850000000000001,,,,0.0,,3.6000000000000001,,
,,1967,8,9,7,14,0.0,,-73.829999999999998,-8.4499999999999993,,,,42.0,,5.0999999999999996,,
,,1968,2,23,14,23,0.0,,-38.439999999999998,-6.0899999999999999,,,,0.0,,4.5999999999999996,,
,,1968,2,23,14,37,0.0,,-38.439999999999998,-6.0899999999999999,,,,0.0,,3.0,,
,,1968,2,23,15,21,0.0,,-38.439999999999998,-6.0899999999999999,,,,0.0,,3.0,,
,,1968,2,23,15,33,0.0,,-38.439999999999998,-6.0899999999999999,,,,0.0,,3.7999999999999998,,
,,1968,3,1,0,0,0.0,,-39.579999999999998,-6.9199999999999999,,,,0.0,,3.0,,
,,1968,8,27,5,17,0.0,,-72.890000000000001,-8.9000000000000004,,,,26.0,,4.9000000000000004,,
,,1968,10,15,19,54,0.0,,-60.880000000000003,-26.870000000000001,,,,20.0,,5.0,,
,,1970,1,12,4,43,0.0,,-48.479999999999997,-1.3200000000000001,,,,0.0,,4.5,,
,,1970,1,29,0,0,0.0,,-36.210000000000001,-7.96,,,,0.0,,3.8999999999999999,,
,,1970,3,29,8,27,0.0,,-73.379999999999995,-8.2899999999999991,,,,25.0,,4.2999999999999998,,
,,1970,8,14,4,59,0.0,,-49.100000000000001,-13.5,,,,0.0,,3.0,,
,,1970,11,1,0,0,0.0,,-35.530000000000001,-6.9299999999999997,,,,0.0,,3.8999999999999999,,
,,1970,11,20,23,55,0.0,,-49.100000000000001,-13.5,,,,0.0,,3.6000000000000001,,
,,1970,12,1,0,0,0.0,,-44.75,-20.280000000000001,,,,0.0,,3.3999999999999999,,
,,1971,3,1,0,0,0.0,,-48.799999999999997,-25.25,,,,0.0,,3.7000000000000002,,
,,1971,5,21,16,0,0.0,,-48.899999999999999,-25.100000000000001,,,,0.0,,3.8999999999999999,,
,,1971,7,16,19,51,0.0,,-49.100000000000001,-13.5,,,,0.0,,3.5,,
,,1971,8,5,2,30,0.0,,-34.899999999999999,-8.0399999999999991,,,,0.0,,3.0,,
,,1971,8,8,13,32,0.0,,-44.75,-20.280000000000001,,,,0.0,,3.5,,
,,1972,1,23,3,3,0.0,,-44.75,-20.280000000000001,,,,0.0,,3.7000000000000002,,
,,1972,3,4,21,45,0.0,,-36.490000000000002,-9.9299999999999997,,,,0.0,,3.3999999999999999,,
,,1972,6,4,4,30,0.0,,-38.5,-6.21,,,,0.0,,3.0,,
,,1972,8,1,0,0,0.0,,-41.700000000000003,-16.469999999999999,,,,0.0,,3.8999999999999999,,
,,1972,10,24,15,36,0.0,,-40.530000000000001,-21.719999999999999,,,,8.0,,4.7999999999999998,,
,,1973,7,8,22,38,0.0,,-49.049999999999997,-13.41,,,,0.0,,3.2999999999999998,,
,,1973,7,22,21,22,0.0,,-35.82,-5.2800000000000002,,,,0.0,,4.2999999999999998,,
,,1973,7,22,21,33,0.0,,-35.82,-5.2800000000000002,,,,0.0,,3.0,,
,,1974,2,3,20,20,0.0,,-42.539999999999999,-29.5,,,,0.0,,4.4000000000000004,,
,,1974,2,24,3,19,0.0,,-48.469999999999999,-20.039999999999999,,,,0.0,,4.2000000000000002,,
,,1974,3,20,0,0,0.0,,-51.5,-29.449999999999999,,,,0.0,,3.0,,
,,1974,4,11,0,0,0.0,,-41.640000000000001,-16.420000000000002,,,,0.0,,3.7000000000000002,,
,,1974,6,12,17,39,0.0,,-60.600000000000001,5.5800000000000001,,,,0.0,,3.8999999999999999,,
,,1974,10,20,21,37,0.0,,-36.060000000000002,-7.9900000000000002,,,,0.0,,3.6000000000000001,,
,,1974,10,20,21,59,0.0,,-36.060000000000002,-7.9900000000000002,,,,0.0,,2.8999999999999999,,
,,1974,12,15,5,14,0.0,,-39.240000000000002,-3.6699999999999999,,,,0.0,,3.2999999999999998,,
,,1975,2,4,19,1,0.0,,-61.479999999999997,5.9900000000000002,,,,0.0,,3.7000000000000002,,
,,1975,3,30,17,6,0.0,,-42.399999999999999,-23.399999999999999,,,,0.0,,3.5,,
,,1975,6,22,14,4,0.0,,-70.299999999999997,1.5,,,,0.0,,3.5,,
,,1975,12,8,8,21,0.0,,-44.159999999999997,-24.940000000000001,,,,0.0,,3.3999999999999999,,
,,1976,1,5,13,6,0.0,,-50.460000000000001,-15.35,,,,0.0,,3.7000000000000002,,
,,1976,1,23,0,0,0.0,,-50.420000000000002,-24.52,,,,0.0,,3.0,,
,,1976,2,22,3,24,0.0,,-59.229999999999997,0.34000000000000002,,,,5.0,,4.5999999999999996,,
,,1976,5,23,19,0,0.0,,-44.75,-20.280000000000001,,,,0.0,,3.2000000000000002,,
,,1976,5,25,8,30,0.0,,-39.57,-14.76,,,,0.0,,3.8999999999999999,,
,,1976,6,8,21,0,0.0,,-35.5,-5.7000000000000002,,,,0.0,,3.3999999999999999,,
,,1976,6,16,20,0,0.0,,-51.009999999999998,-22.84,,,,0.0,,3.8999999999999999,,
,,1976,7,12,14,0,0.0,,-40.25,-15.25,,,,0.0,,3.2000000000000002,,
,,1976,7,29,18,0,0.0,,-38.799999999999997,-4.8300000000000001,,,,0.0,,3.5,,
,,1976,8,11,20,0,0.0,,-39.600000000000001,-14.84,,,,0.0,,3.5,,
,,1976,10,8,20,1,0.0,,-59.799999999999997,-2.0,,,,0.0,,4.0,,
,,1977,2,25,13,40,0.0,,-35.75,-5.71,,,,0.0,,3.6000000000000001,,
,,1977,3,12,7,0,0.0,,-38.799999999999997,-4.8300000000000001,,,,0.0,,3.8999999999999999,,
,,1977,6,19,3,3,0.0,,-42.600000000000001,-23.300000000000001,,,,0.0,,3.5,,
,,1977,8,2,17,45,0.0,,-49.969999999999999,-0.080000000000000002,,,,0.0,,4.7999999999999998,,
,,1977,9,4,15,45,0.0,,-47.770000000000003,-20.73,,,,0.0,,2.7999999999999998,,
,,1977,11,16,23,20,0.0,,-45.600000000000001,-23.420000000000002,,,,0.0,,3.2999999999999998,,
,,1977,11,20,14,46,0.0,,-43.5,-15.800000000000001,,,,0.0,,3.7000000000000002,,
,,1978,2,10,0,0,0.0,,-36.030000000000001,-6.2800000000000002,,,,0.0,,3.7000000000000002,,
,,1978,3,17,20,45,0.0,,-47.770000000000003,-20.73,,,,0.0,,3.0,,
,,1978,3,19,5,33,0.0,,-48.5,-24.960000000000001,,,,0.0,,3.2999999999999998,,
,,1978,4,18,0,0,0.0,,-61.939999999999998,-10.890000000000001,,,,0.0,,3.5,,
,,1978,10,5,9,38,0.0,,-51.270000000000003,-16.100000000000001,,,,0.0,,2.7999999999999998,,
,,1979,1,16,5,38,0.0,,-58.700000000000003,-24.0,,,,0.0,,4.0,,
,,1979,1,21,17,49,0.0,,-56.359999999999999,-21.02,,,,0.0,,3.6000000000000001,,
,,1979,3,27,12,54,0.0,,-51.009999999999998,-22.84,,,,0.0,,3.7000000000000002,,
,,1979,6,13,16,52,0.0,,-45.729999999999997,-24.690000000000001,,,,0.0,,2.7999999999999998,,
,,1979,7,20,7,0,0.0,,-57.5,-24.0,,,,0.0,,3.0,,
,,1979,8,13,18,41,0.0,,-45.600000000000001,-25.199999999999999,,,,0.0,,3.0,,
,,1979,8,22,23,1,0.0,,-49.950000000000003,-15.26,,,,0.0,,3.5,,
,,1979,10,19,15,25,0.0,,-45.600000000000001,-23.420000000000002,,,,0.0,,3.0,,
,,1979,12,8,5,5,0.0,,-55.799999999999997,-20.0,,,,0.0,,3.7999999999999998,,
,,1980,3,6,9,46,0.0,,-71.159999999999997,-6.1699999999999999,,,,18.0,,4.7999999999999998,,
,,1980,7,3,22,10,0.0,,-47.329999999999998,-20.07,,,,0.0,,2.7999999999999998,,
,,1980,10,18,21,41,0.0,,-49.799999999999997,-0.40000000000000002,,,,0.0,,3.1000000000000001,,
,,1980,10,24,21,49,0.0,,-49.390000000000001,-14.41,,,,0.0,,3.1000000000000001,,
,,1980,11,5,1,22,0.0,,-50.299999999999997,-5.7999999999999998,,,,0.0,,3.5,,
,,1980,11,12,21,23,0.0,,-50.240000000000002,-8.0700000000000003,,,,0.0,,4.7000000000000002,,
,,1980,11,20,3,29,0.0,,-38.399999999999999,-4.2999999999999998,,,,5.0,,5.2000000000000002,,
,,1980,11,21,1,29,0.0,,-58.25,-26.25,,,,0.0,,3.7999999999999998,,
,,1980,12,14,0,0,0.0,,-56.200000000000003,-16.600000000000001,,,,0.0,,3.6000000000000001,,
,,1981,1,6,19,51,0.0,,-47.5,-5.0,,,,0.0,,3.3999999999999999,,
,,1981,1,18,16,19,0.0,,-46.700000000000003,-20.710000000000001,,,,0.0,,3.2999999999999998,,
,,1981,3,9,20,27,0.0,,-57.640000000000001,-11.01,,,,0.0,,3.7999999999999998,,
,,1981,3,24,22,10,0.0,,-48.340000000000003,-20.579999999999998,,,,0.0,,2.7999999999999998,,
,,1981,4,1,20,1,0.0,,-62.200000000000003,-10.74,,,,0.0,,3.2000000000000002,,
,,1981,5,7,3,44,0.0,,-39.5,-22.600000000000001,,,,0.0,,3.7000000000000002,,
,,1981,9,11,10,24,0.0,,-46.090000000000003,-21.449999999999999,,,,0.0,,3.1000000000000001,,
,,1981,10,13,8,5,0.0,,-54.549999999999997,-16.859999999999999,,,,0.0,,3.2000000000000002,,
,,1981,11,4,3,16,0.0,,-38.5,-8.5899999999999999,,,,0.0,,3.1000000000000001,,
,,1982,1,30,16,42,0.0,,-34.0,-4.0,,,,0.0,,3.5,,
,,1982,3,10,6,15,0.0,,-42.100000000000001,-23.399999999999999,,,,0.0,,2.7999999999999998,,
,,1982,3,10,7,57,0.0,,-42.100000000000001,-23.399999999999999,,,,0.0,,3.0,,
,,1982,3,12,17,14,0.0,,-41.630000000000003,-23.600000000000001,,,,0.0,,3.5,,
,,1982,3,29,7,47,0.0,,-38.229999999999997,-9.3100000000000005,,,,0.0,,3.6000000000000001,,
,,1982,4,8,5,58,0.0,,-58.100000000000001,-24.800000000000001,,,,12.0,,4.9000000000000004,,
,,1982,4,16,22,38,0.0,,-55.0,-22.199999999999999,,,,0.0,,3.3999999999999999,,
,,1982,5,2,8,30,0.0,,-46.649999999999999,-21.640000000000001,,,,0.0,,3.1000000000000001,,
,,1982,5,17,3,57,0.0,,-48.200000000000003,-12.699999999999999,,,,0.0,,3.0,,
,,1982,7,23,11,6,0.0,,-45.719999999999999,-14.26,,,,0.0,,2.8999999999999999,,
,,1982,8,26,1,7,0.0,,-47.100000000000001,-19.600000000000001,,,,0.0,,3.2000000000000002,,
,,1982,9,5,6,30,0.0,,-41.460000000000001,-16.510000000000002,,,,0.0,,3.2000000000000002,,
,,1982,9,17,12,28,0.0,,-45.420000000000002,-25.84,,,,0.0,,3.7999999999999998,,
,,1982,9,21,1,42,0.0,,-44.799999999999997,-18.800000000000001,,,,0.0,,3.1000000000000001,,
,,1982,10,10,19,28,0.0,,-45.5,-12.300000000000001,,,,0.0,,2.7999999999999998,,
,,1982,11,24,23,3,0.0,,-45.799999999999997,-20.760000000000002,,,,0.0,,3.2000000000000002,,
,,1983,1,2,6,40,0.0,,-47.799999999999997,-24.300000000000001,,,,0.0,,2.8999999999999999,,
,,1983,2,8,18,38,0.0,,-60.18,-26.280000000000001,,,,0.0,,4.7999999999999998,,
,,1983,2,21,5,38,0.0,,-62.200000000000003,-10.699999999999999,,,,0.0,,3.2000000000000002,,
,,1983,3,7,5,49,0.0,,-41.700000000000003,-16.469999999999999,,,,0.0,,2.8999999999999999,,
,,1983,3,7,11,51,0.0,,-41.700000000000003,-16.469999999999999,,,,0.0,,3.1000000000000001,,
,,1983,5,7,18,30,0.0,,-35.579999999999998,-8.6699999999999999,,,,0.0,,3.5,,
,,1983,6,1,14,57,0.0,,-44.630000000000003,-14.32,,,,0.0,,3.2000000000000002,,
,,1983,8,5,6,21,0.0,,-62.140000000000001,-3.5800000000000001,,,,23.0,,5.5,,
,,1983,8,5,8,24,0.0,,-62.170000000000002,-3.5899999999999999,,,,0.0,,3.5,,
,,1983,9,2,16,25,0.0,,-50.799999999999997,-14.9,,,,0.0,,2.7999999999999998,,
,,1983,10,1,18,44,0.0,,-63.700000000000003,-11.4,,,,0.0,,3.6000000000000001,,
,,1983,11,18,8,41,0.0,,-38.700000000000003,-5.0999999999999996,,,,0.0,,2.7999999999999998,,
,,1983,12,4,7,17,0.0,,-50.57,-3.1699999999999999,,,,0.0,,3.7000000000000002,,
,,1983,12,7,18,4,0.0,,-45.0,-17.199999999999999,,,,0.0,,2.8999999999999999,,
,,1983,12,16,23,53,0.0,,-35.799999999999997,-8.3300000000000001,,,,0.0,,3.5,,
,,1984,1,5,10,30,0.0,,-50.32,-1.1000000000000001,,,,0.0,,3.0,,
,,1984,1,5,17,23,0.0,,-46.399999999999999,-17.399999999999999,,,,0.0,,2.7999999999999998,,
,,1984,2,22,8,0,0.0,,-40.700000000000003,-23.469999999999999,,,,0.0,,3.7000000000000002,,
,,1984,3,7,3,18,0.0,,-58.189999999999998,-24.440000000000001,,,,0.0,,3.2999999999999998,,
,,1984,4,8,20,56,0.0,,-46.759999999999998,-20.800000000000001,,,,0.0,,3.7999999999999998,,
,,1984,5,25,8,36,0.0,,-43.350000000000001,-24.920000000000002,,,,0.0,,3.5,,
,,1984,6,26,20,36,0.0,,-49.93,-14.43,,,,0.0,,3.1000000000000001,,
,,1984,8,9,19,37,0.0,,-54.530000000000001,-21.280000000000001,,,,0.0,,3.0,,
,,1984,9,17,8,9,0.0,,-62.100000000000001,-10.699999999999999,,,,0.0,,3.3999999999999999,,
,,1984,10,9,20,20,0.0,,-43.909999999999997,-20.98,,,,0.0,,3.0,,
,,1984,10,20,13,18,0.0,,-41.700000000000003,-16.469999999999999,,,,0.0,,3.0,,
,,1984,11,8,12,5,0.0,,-35.920000000000002,-8.1799999999999997,,,,0.0,,3.7999999999999998,,
,,1984,11,21,20,15,0.0,,-50.700000000000003,-6.9000000000000004,,,,0.0,,3.7000000000000002,,
,,1984,12,9,3,22,0.0,,-44.130000000000003,-16.620000000000001,,,,0.0,,3.2000000000000002,,
,,1984,12,12,21,18,0.0,,-48.840000000000003,-12.93,,,,0.0,,3.2999999999999998,,
,,1985,4,12,14,34,0.0,,-60.549999999999997,-23.940000000000001,,,,21.0,,5.2999999999999998,,
,,1985,6,8,4,15,0.0,,-44.399999999999999,-17.300000000000001,,,,0.0,,2.7999999999999998,,
,,1985,7,20,1,5,0.0,,-48.030000000000001,-13.09,,,,0.0,,3.6000000000000001,,
,,1985,7,20,21,21,0.0,,-48.060000000000002,-13.08,,,,0.0,,3.5,,
,,1985,12,17,12,26,0.0,,-46.060000000000002,-23.170000000000002,,,,0.0,,3.0,,
,,1986,1,14,20,14,0.0,,-50.32,-15.08,,,,0.0,,3.7000000000000002,,
,,1986,2,21,21,41,0.0,,-48.420000000000002,-12.91,,,,0.0,,3.1000000000000001,,
,,1986,6,12,1,43,0.0,,-40.399999999999999,-13.9,,,,0.0,,3.0,,
,,1986,6,14,21,26,0.0,,-38.590000000000003,-6.8600000000000003,,,,0.0,,3.2000000000000002,,
,,1986,8,1,19,8,0.0,,-42.280000000000001,-19.850000000000001,,,,0.0,,3.2999999999999998,,
,,1986,8,21,9,34,0.0,,-35.729999999999997,-5.5199999999999996,,,,0.0,,4.2000000000000002,,
,,1986,8,21,9,41,0.0,,-35.75,-5.5300000000000002,,,,0.0,,3.2000000000000002,,
,,1986,11,17,23,23,0.0,,-56.579999999999998,-11.56,,,,0.0,,3.6000000000000001,,
,,1986,11,30,5,19,0.0,,-35.759999999999998,-5.54,,,,5.0,,5.0999999999999996,,
,,1986,11,30,5,26,0.0,,-35.75,-5.5300000000000002,,,,0.0,,3.8999999999999999,,
,,1986,11,30,6,7,0.0,,-35.75,-5.5300000000000002,,,,0.0,,4.0,,
,,1986,11,30,6,10,0.0,,-35.75,-5.5300000000000002,,,,0.0,,4.2000000000000002,,
,,1986,11,30,6,58,0.0,,-35.75,-5.5300000000000002,,,,0.0,,3.7999999999999998,,
,,1986,11,30,7,2,0.0,,-35.75,-5.5300000000000002,,,,0.0,,4.2000000000000002,,
,,1986,11,30,14,1,0.0,,-35.75,-5.5300000000000002,,,,0.0,,3.7999999999999998,,
,,1986,11,30,23,1,0.0,,-35.75,-5.5300000000000002,,,,0.0,,3.2999999999999998,,
,,1986,11,30,23,2,0.0,,-35.75,-5.5300000000000002,,,,0.0,,3.2000000000000002,,
,,1986,11,30,23,3,0.0,,-35.75,-5.5300000000000002,,,,0.0,,3.2999999999999998,,
,,1987,2,25,21,37,0.0,,-39.810000000000002,-3.7200000000000002,,,,0.0,,3.0,,
,,1987,4,28,4,59,0.0,,-35.75,-5.5300000000000002,,,,0.0,,3.6000000000000001,,
,,1987,6,2,19,16,0.0,,-44.5,-20.5,,,,0.0,,2.7999999999999998,,
,,1987,8,27,13,1,0.0,,-44.100000000000001,-25.0,,,,0.0,,3.6000000000000001,,
,,1987,9,5,10,10,0.0,,-46.200000000000003,-21.300000000000001,,,,0.0,,2.8999999999999999,,
,,1987,9,23,1,35,0.0,,-43.990000000000002,-19.550000000000001,,,,0.0,,3.2000000000000002,,
,,1987,9,28,20,18,0.0,,-44.0,-18.899999999999999,,,,0.0,,3.1000000000000001,,
,,1987,10,14,1,8,0.0,,-55.149999999999999,-2.4300000000000002,,,,0.0,,3.5,,
,,1987,10,15,9,1,0.0,,-56.899999999999999,-11.6,,,,0.0,,3.8999999999999999,,
,,1987,10,24,21,23,0.0,,-73.939999999999998,-7.0099999999999998,,,,0.0,,5.2000000000000002,,
,,1987,11,30,1,23,0.0,,-35.75,-5.5300000000000002,,,,0.0,,3.0,,
,,1987,12,11,9,17,0.0,,-51.200000000000003,-6.7999999999999998,,,,0.0,,3.0,,
,,1988,4,1,0,36,0.0,,-40.369999999999997,-3.9500000000000002,,,,8.0,,4.0999999999999996,,
,,1988,4,1,0,37,0.0,,-40.369999999999997,-3.9500000000000002,,,,8.0,,3.8999999999999999,,
,,1988,4,5,3,0,0.0,,-51.340000000000003,-22.100000000000001,,,,0.0,,3.7999999999999998,,
,,1988,6,5,16,50,0.0,,-61.659999999999997,0.92000000000000004,,,,0.0,,3.7999999999999998,,
,,1988,6,11,23,59,0.0,,-41.479999999999997,-4.2999999999999998,,,,0.0,,3.1000000000000001,,
,,1988,6,24,10,1,0.0,,-57.969999999999999,-20.66,,,,0.0,,3.8999999999999999,,
,,1988,6,26,3,24,0.0,,-52.729999999999997,-36.270000000000003,,,,18.0,,4.9000000000000004,,
,,1988,6,29,13,14,0.0,,-35.75,-5.5300000000000002,,,,0.0,,3.8999999999999999,,
,,1988,7,19,10,30,0.0,,-47.75,-20.73,,,,0.0,,3.0,,
,,1988,8,11,7,6,0.0,,-56.990000000000002,-11.619999999999999,,,,0.0,,3.7000000000000002,,
,,1988,8,11,8,6,0.0,,-57.950000000000003,-11.630000000000001,,,,0.0,,4.0,,
,,1988,8,30,15,40,0.0,,-47.960000000000001,-6.0899999999999999,,,,0.0,,3.5,,
,,1988,9,3,7,29,0.0,,-59.759999999999998,-3.1000000000000001,,,,0.0,,3.7999999999999998,,
,,1988,10,1,1,39,0.0,,-35.75,-5.5300000000000002,,,,0.0,,3.2999999999999998,,
,,1988,10,1,16,43,0.0,,-35.75,-5.5300000000000002,,,,0.0,,3.0,,
,,1988,10,12,8,16,0.0,,-46.969999999999999,-27.300000000000001,,,,0.0,,2.8999999999999999,,
,,1988,12,10,9,52,0.0,,-59.380000000000003,-0.72999999999999998,,,,0.0,,3.7999999999999998,,
,,1988,12,23,15,34,0.0,,-44.210000000000001,-23.0,,,,0.0,,2.7999999999999998,,
,,1989,1,7,3,1,0.0,,-48.109999999999999,-11.619999999999999,,,,0.0,,3.7999999999999998,,
,,1989,1,7,11,36,0.0,,-51.009999999999998,-22.93,,,,0.0,,3.7000000000000002,,
,,1989,2,3,19,32,0.0,,-45.469999999999999,-23.280000000000001,,,,0.0,,2.7999999999999998,,
,,1989,3,9,1,44,0.0,,-40.689999999999998,-24.510000000000002,,,,0.0,,3.3999999999999999,,
,,1989,3,9,19,20,0.0,,-45.700000000000003,-19.399999999999999,,,,0.0,,3.3999999999999999,,
,,1989,3,10,4,11,0.0,,-35.689999999999998,-5.46,,,,8.0,,5.0,,
,,1989,3,10,7,13,0.0,,-35.689999999999998,-5.46,,,,0.0,,3.2000000000000002,,
,,1989,3,10,10,7,0.0,,-35.689999999999998,-5.46,,,,0.0,,3.8999999999999999,,
,,1989,3,10,18,54,0.0,,-35.689999999999998,-5.46,,,,0.0,,3.2999999999999998,,
,,1989,3,10,21,26,0.0,,-35.689999999999998,-5.46,,,,0.0,,3.5,,
,,1989,3,26,13,25,0.0,,-37.969999999999999,-4.8099999999999996,,,,4.0,,4.5,,
,,1989,3,26,16,30,0.0,,-37.969999999999999,-4.8099999999999996,,,,4.0,,3.7000000000000002,,
,,1989,3,26,18,17,0.0,,-37.969999999999999,-4.8099999999999996,,,,0.0,,3.8999999999999999,,
,,1989,3,29,19,1,0.0,,-49.600000000000001,-13.609999999999999,,,,0.0,,3.6000000000000001,,
,,1989,5,9,1,46,0.0,,-43.439999999999998,-20.300000000000001,,,,0.0,,3.3999999999999999,,
,,1989,5,23,22,57,0.0,,-47.75,-20.73,,,,0.0,,3.2000000000000002,,
,,1989,7,5,3,29,0.0,,-45.670000000000002,-23.370000000000001,,,,0.0,,2.7999999999999998,,
,,1989,7,28,13,0,0.0,,-50.799999999999997,-27.940000000000001,,,,0.0,,3.2000000000000002,,
,,1989,8,1,17,20,0.0,,-59.280000000000001,-10.18,,,,0.0,,3.6000000000000001,,
,,1989,8,3,16,5,0.0,,-40.240000000000002,-4.9400000000000004,,,,0.0,,2.7999999999999998,,
,,1989,10,17,10,45,0.0,,-37.969999999999999,-4.8099999999999996,,,,0.0,,3.6000000000000001,,
,,1989,10,17,15,2,0.0,,-37.969999999999999,-4.8099999999999996,,,,0.0,,4.2000000000000002,,
,,1989,10,17,15,8,0.0,,-37.969999999999999,-4.8099999999999996,,,,0.0,,3.5,,
,,1989,10,17,15,26,0.0,,-37.969999999999999,-4.8099999999999996,,,,0.0,,3.1000000000000001,,
,,1989,10,21,2,58,0.0,,-55.700000000000003,-26.550000000000001,,,,0.0,,2.7999999999999998,,
,,1989,11,26,11,21,0.0,,-49.859999999999999,-0.23999999999999999,,,,0.0,,4.0,,
,,1989,12,27,19,26,0.0,,-40.829999999999998,-3.7599999999999998,,,,0.0,,3.2000000000000002,,
,,1990,1,11,1,30,0.0,,-55.579999999999998,-32.68,,,,0.0,,2.7999999999999998,,
,,1990,1,19,22,5,0.0,,-47.159999999999997,-19.949999999999999,,,,0.0,,4.2000000000000002,,
,,1990,2,12,23,56,0.0,,-48.920000000000002,-31.190000000000001,,,,13.0,,5.2000000000000002,,
,,1990,3,1,21,59,0.0,,-44.119999999999997,-14.57,,,,1.0,,3.1000000000000001,,
,,1990,3,8,21,1,0.0,,-40.909999999999997,-15.5,,,,1.0,,3.1000000000000001,,
,,1990,4,30,5,31,0.0,,-40.299999999999997,-12.550000000000001,,,,0.0,,2.8999999999999999,,
,,1990,5,30,8,0,0.0,,-44.719999999999999,-25.73,,,,0.0,,3.1000000000000001,,
,,1990,6,10,3,40,0.0,,-46.020000000000003,-21.23,,,,0.0,,2.8999999999999999,,
,,1990,7,11,20,4,0.0,,-44.619999999999997,-20.109999999999999,,,,0.0,,2.7999999999999998,,
,,1990,7,28,18,5,0.0,,-44.520000000000003,-25.309999999999999,,,,0.0,,2.8999999999999999,,
,,1990,8,21,5,12,0.0,,-48.270000000000003,-11.789999999999999,,,,0.0,,3.5,,
,,1990,8,21,5,41,0.0,,-48.25,-11.91,,,,0.0,,3.6000000000000001,,
,,1990,9,1,15,46,0.0,,-46.060000000000002,-23.170000000000002,,,,0.0,,2.8999999999999999,,
,,1990,9,8,2,58,0.0,,-73.280000000000001,-7.5099999999999998,,,,10.0,,4.0,,
,,1990,9,24,15,25,0.0,,-35.850000000000001,-5.6500000000000004,,,,3.0,,3.7000000000000002,,
,,1990,12,5,3,7,0.0,,-47.5,-12.84,,,,0.0,,3.0,,
,,1990,12,29,21,19,0.0,,-44.039999999999999,-17.07,,,,0.0,,2.8999999999999999,,
,,1991,2,8,21,13,0.0,,-38.490000000000002,-6.0599999999999996,,,,0.0,,2.7999999999999998,,
,,1991,4,19,6,10,0.0,,-40.909999999999997,-15.5,,,,0.0,,3.0,,
,,1991,4,19,10,12,0.0,,-39.869999999999997,-3.9300000000000002,,,,10.0,,4.9000000000000004,,
,,1991,4,26,14,14,0.0,,-35.689999999999998,-5.46,,,,0.0,,3.5,,
,,1991,5,5,21,7,0.0,,-39.399999999999999,-15.08,,,,0.0,,2.7999999999999998,,
,,1991,5,12,6,50,0.0,,-41.75,-9.0199999999999996,,,,0.0,,2.8999999999999999,,
,,1991,8,25,2,35,0.0,,-52.340000000000003,-13.15,,,,0.0,,2.8999999999999999,,
,,1991,9,3,20,46,0.0,,-48.43,-24.600000000000001,,,,0.0,,2.7999999999999998,,
,,1991,9,6,21,54,0.0,,-45.609999999999999,-19.719999999999999,,,,0.0,,2.8999999999999999,,
,,1991,10,7,15,46,0.0,,-43.009999999999998,-24.120000000000001,,,,0.0,,3.0,,
,,1991,11,13,18,14,0.0,,-49.829999999999998,-22.879999999999999,,,,0.0,,3.0,,
,,1991,12,4,12,15,0.0,,-50.75,-22.670000000000002,,,,0.0,,2.8999999999999999,,
,,1991,12,13,2,30,0.0,,-46.299999999999997,-13.44,,,,0.0,,3.2000000000000002,,
,,1992,1,1,20,15,0.0,,-44.579999999999998,-20.329999999999998,,,,0.0,,3.2999999999999998,,
,,1992,1,17,18,32,0.0,,-51.100000000000001,-22.719999999999999,,,,0.0,,3.1000000000000001,,
,,1992,1,28,16,5,0.0,,-39.670000000000002,-20.989999999999998,,,,0.0,,3.6000000000000001,,
,,1992,2,1,17,24,0.0,,-44.420000000000002,-26.91,,,,0.0,,3.7000000000000002,,
,,1992,2,6,7,38,0.0,,-36.890000000000001,-10.34,,,,0.0,,2.7999999999999998,,
,,1992,3,2,6,6,0.0,,-47.270000000000003,-20.010000000000002,,,,0.0,,3.6000000000000001,,
,,1992,3,9,23,17,0.0,,-50.689999999999998,-24.559999999999999,,,,0.0,,3.2000000000000002,,
,,1992,4,17,21,28,0.0,,-35.850000000000001,-5.6399999999999997,,,,0.0,,3.2000000000000002,,
,,1992,4,24,3,9,0.0,,-45.759999999999998,-26.850000000000001,,,,0.0,,3.7000000000000002,,
,,1992,4,24,3,31,0.0,,-45.810000000000002,-26.77,,,,0.0,,3.8999999999999999,,
,,1992,6,9,10,27,0.0,,-39.829999999999998,-13.550000000000001,,,,0.0,,3.0,,
,,1992,6,9,22,22,0.0,,-43.840000000000003,-21.219999999999999,,,,0.0,,3.7000000000000002,,
,,1992,6,16,2,50,0.0,,-41.57,1.53,,,,0.0,,4.7000000000000002,,
,,1992,6,18,23,17,0.0,,-46.149999999999999,-21.329999999999998,,,,0.0,,2.8999999999999999,,
,,1992,7,5,7,34,0.0,,-51.310000000000002,-22.030000000000001,,,,0.0,,3.2000000000000002,,
,,1992,7,25,23,18,0.0,,-44.159999999999997,-19.949999999999999,,,,0.0,,2.7999999999999998,,
,,1992,8,13,18,20,0.0,,-40.57,-11.73,,,,0.0,,2.7999999999999998,,
,,1992,8,25,17,26,0.0,,-39.030000000000001,-12.779999999999999,,,,0.0,,3.2000000000000002,,
,,1992,10,15,19,33,0.0,,-43.969999999999999,-19.800000000000001,,,,0.0,,3.0,,
,,1992,12,9,16,21,0.0,,-46.329999999999998,-24.890000000000001,,,,0.0,,3.3999999999999999,,
,,1993,2,1,16,9,0.0,,-35.840000000000003,-5.6299999999999999,,,,0.0,,3.0,,
,,1993,3,9,8,56,0.0,,-45.399999999999999,-20.579999999999998,,,,1.0,,3.1000000000000001,,
,,1993,5,10,15,15,0.0,,-40.700000000000003,-21.600000000000001,,,,0.0,,3.2000000000000002,,
,,1993,5,12,0,37,0.0,,-45.399999999999999,-20.579999999999998,,,,1.0,,2.8999999999999999,,
,,1993,5,21,10,32,0.0,,-43.0,-23.91,,,,0.0,,3.6000000000000001,,
,,1993,6,5,5,51,0.0,,-57.299999999999997,-29.829999999999998,,,,0.0,,3.3999999999999999,,
,,1993,7,12,8,29,0.0,,-51.030000000000001,-14.789999999999999,,,,0.0,,4.0999999999999996,,
,,1993,9,25,20,27,0.0,,-37.07,-10.49,,,,0.0,,3.5,,
,,1993,10,10,0,58,0.0,,-36.020000000000003,-8.2799999999999994,,,,0.0,,3.2999999999999998,,
,,1993,10,18,6,18,0.0,,-44.969999999999999,-15.140000000000001,,,,0.0,,3.2999999999999998,,
,,1993,11,18,15,22,0.0,,-50.43,-5.2999999999999998,,,,0.0,,3.8999999999999999,,
,,1993,12,27,15,10,0.0,,-44.469999999999999,-20.32,,,,0.0,,2.8999999999999999,,
,,1993,12,27,22,48,0.0,,-44.469999999999999,-20.32,,,,4.0,,3.6000000000000001,,
,,1994,2,9,12,15,0.0,,-56.710000000000001,-22.760000000000002,,,,0.0,,3.0,,
,,1994,4,6,12,18,0.0,,-36.539999999999999,-9.75,,,,0.0,,2.7999999999999998,,
,,1994,6,1,21,22,0.0,,-40.969999999999999,-23.120000000000001,,,,0.0,,3.2999999999999998,,
,,1994,6,8,5,32,0.0,,-47.649999999999999,-19.379999999999999,,,,0.0,,2.7999999999999998,,
,,1994,8,11,7,23,0.0,,-38.289999999999999,-4.4100000000000001,,,,4.0,,3.5,,
,,1994,8,26,1,31,0.0,,-36.539999999999999,-5.4900000000000002,,,,0.0,,3.0,,
,,1994,9,11,1,41,0.0,,-35.689999999999998,-5.46,,,,0.0,,3.5,,
,,1994,11,13,4,47,0.0,,-44.399999999999999,-20.199999999999999,,,,0.0,,3.0,,
,,1995,2,9,22,17,0.0,,-54.200000000000003,-12.470000000000001,,,,0.0,,3.7000000000000002,,
,,1995,3,11,3,52,0.0,,-48.390000000000001,-26.129999999999999,,,,0.0,,2.7999999999999998,,
,,1995,3,20,3,26,0.0,,-35.939999999999998,-5.3700000000000001,,,,0.0,,2.8999999999999999,,
,,1995,4,21,8,51,0.0,,-47.670000000000002,-19.140000000000001,,,,0.0,,3.5,,
,,1995,4,22,16,50,0.0,,-38.289999999999999,-4.4100000000000001,,,,4.0,,3.5,,
,,1995,5,2,16,49,0.0,,-48.310000000000002,-25.68,,,,0.0,,3.1000000000000001,,
,,1995,5,10,1,37,0.0,,-40.409999999999997,-3.9100000000000001,,,,0.0,,3.3999999999999999,,
,,1995,5,26,19,43,0.0,,-47.649999999999999,-20.199999999999999,,,,0.0,,2.8999999999999999,,
,,1995,5,27,23,19,0.0,,-44.700000000000003,-20.010000000000002,,,,0.0,,3.1000000000000001,,
,,1995,5,30,19,43,0.0,,-47.5,-19.68,,,,0.0,,3.0,,
,,1995,5,31,0,36,0.0,,-44.600000000000001,-25.149999999999999,,,,0.0,,3.0,,
,,1995,6,2,9,32,0.0,,-47.659999999999997,-20.539999999999999,,,,0.0,,2.8999999999999999,,
,,1995,6,3,5,26,0.0,,-46.740000000000002,-18.030000000000001,,,,0.0,,3.1000000000000001,,
,,1995,6,6,0,32,0.0,,-48.409999999999997,-20.32,,,,0.0,,2.7999999999999998,,
,,1995,6,21,2,57,0.0,,-48.340000000000003,-10.789999999999999,,,,0.0,,2.8999999999999999,,
,,1995,8,10,19,16,0.0,,-50.539999999999999,-9.8599999999999994,,,,0.0,,2.8999999999999999,,
,,1995,8,24,3,20,0.0,,-47.859999999999999,-19.170000000000002,,,,0.0,,3.0,,
,,1995,8,27,20,8,0.0,,-43.939999999999998,-16.670000000000002,,,,0.0,,3.7000000000000002,,
,,1995,10,28,6,7,0.0,,-53.210000000000001,-23.73,,,,0.0,,2.7999999999999998,,
,,1996,1,13,0,33,0.0,,-46.380000000000003,-28.039999999999999,,,,0.0,,3.2000000000000002,,
,,1996,2,23,23,27,0.0,,-48.68,-21.949999999999999,,,,0.0,,2.8999999999999999,,
,,1996,2,28,5,34,0.0,,-48.200000000000003,-19.579999999999998,,,,0.0,,2.7999999999999998,,
,,1996,3,12,10,18,0.0,,-34.659999999999997,-28.43,,,,0.0,,4.5999999999999996,,
,,1996,3,13,5,5,0.0,,-51.869999999999997,-15.609999999999999,,,,0.0,,3.6000000000000001,,
,,1996,3,28,15,5,0.0,,-44.240000000000002,-24.870000000000001,,,,0.0,,3.1000000000000001,,
,,1996,4,9,5,17,0.0,,-47.32,-21.289999999999999,,,,0.0,,2.7999999999999998,,
,,1996,4,24,20,3,0.0,,-45.380000000000003,-26.469999999999999,,,,0.0,,3.0,,
,,1996,4,27,14,47,0.0,,-43.689999999999998,-18.120000000000001,,,,0.0,,3.2000000000000002,,
,,1996,6,11,20,38,0.0,,-48.68,-22.73,,,,0.0,,3.3999999999999999,,
,,1996,6,13,3,50,0.0,,-45.68,-26.699999999999999,,,,0.0,,2.7999999999999998,,
,,1996,7,1,23,20,0.0,,-62.219999999999999,-10.75,,,,0.0,,3.2000000000000002,,
,,1996,7,27,23,34,0.0,,-57.020000000000003,-23.879999999999999,,,,0.0,,3.0,,
,,1996,8,15,9,24,0.0,,-51.869999999999997,-15.609999999999999,,,,0.0,,3.3999999999999999,,
,,1996,9,1,4,12,0.0,,-42.229999999999997,-15.81,,,,0.0,,2.7999999999999998,,
,,1996,9,10,2,55,0.0,,-35.979999999999997,-8.2799999999999994,,,,0.0,,2.7999999999999998,,
,,1996,10,18,21,44,0.0,,-46.740000000000002,-21.039999999999999,,,,0.0,,4.0,,
,,1996,10,26,20,30,0.0,,-40.5,-22.710000000000001,,,,0.0,,4.0,,
,,1996,11,9,15,38,0.0,,-47.840000000000003,-24.41,,,,0.0,,2.7999999999999998,,
,,1996,11,13,23,39,0.0,,-50.109999999999999,-12.26,,,,0.0,,3.3999999999999999,,
,,1996,11,26,4,14,0.0,,-56.799999999999997,-11.390000000000001,,,,0.0,,4.2000000000000002,,
,,1996,12,10,17,44,0.0,,-51.869999999999997,-15.609999999999999,,,,0.0,,3.5,,
,,1997,2,26,21,7,0.0,,-51.869999999999997,-15.609999999999999,,,,0.0,,3.0,,
,,1997,4,22,14,29,0.0,,-40.789999999999999,-3.7599999999999998,,,,0.0,,3.2000000000000002,,
,,1997,5,17,23,28,0.0,,-51.25,-7.1399999999999997,,,,0.0,,3.2000000000000002,,
,,1997,5,27,20,7,0.0,,-49.5,-13.52,,,,0.0,,3.5,,
,,1997,6,9,12,2,0.0,,-40.43,-3.1899999999999999,,,,0.0,,3.2000000000000002,,
,,1997,7,8,19,31,0.0,,-40.780000000000001,-22.809999999999999,,,,0.0,,2.8999999999999999,,
,,1997,7,11,19,16,0.0,,-51.909999999999997,-17.98,,,,0.0,,2.7999999999999998,,
,,1997,7,17,16,45,0.0,,-47.170000000000002,-20.82,,,,0.0,,2.8999999999999999,,
,,1997,8,16,16,11,0.0,,-50.579999999999998,-14.970000000000001,,,,0.0,,3.0,,
,,1997,8,22,1,28,0.0,,-45.960000000000001,-22.870000000000001,,,,0.0,,2.7999999999999998,,
,,1997,8,24,5,59,0.0,,-50.609999999999999,-11.1,,,,0.0,,3.1000000000000001,,
,,1997,9,19,22,3,0.0,,-38.289999999999999,-4.4100000000000001,,,,0.0,,3.6000000000000001,,
,,1997,10,23,23,15,0.0,,-39.530000000000001,-3.9399999999999999,,,,0.0,,2.8999999999999999,,
,,1997,11,17,17,27,0.0,,-45.75,-20.75,,,,0.0,,3.5,,
,,1997,11,25,23,39,0.0,,-47.579999999999998,-22.600000000000001,,,,0.0,,3.2999999999999998,,
,,1997,12,12,8,45,0.0,,-40.43,-3.1899999999999999,,,,0.0,,3.0,,
,,1997,12,16,3,34,0.0,,-38.289999999999999,-4.4100000000000001,,,,0.0,,3.1000000000000001,,
,,1998,1,7,12,47,0.0,,-41.299999999999997,-16.219999999999999,,,,0.0,,3.1000000000000001,,
,,1998,2,2,15,31,0.0,,-39.490000000000002,-3.8700000000000001,,,,0.0,,2.7999999999999998,,
,,1998,2,16,7,37,0.0,,-56.700000000000003,-17.91,,,,0.0,,3.5,,
,,1998,3,2,6,26,0.0,,-49.630000000000003,-3.8599999999999999,,,,0.0,,3.5,,
,,1998,3,10,23,32,0.0,,-56.740000000000002,-11.6,,,,5.0,,5.2000000000000002,,
,,1998,3,28,5,15,0.0,,-51.93,-15.66,,,,0.0,,3.2999999999999998,,
,,1998,4,11,17,24,0.0,,-48.479999999999997,-11.02,,,,0.0,,3.8999999999999999,,
,,1998,4,12,4,9,0.0,,-47.719999999999999,4.7999999999999998,,,,47.0,,5.2999999999999998,,
,,1998,4,18,2,32,0.0,,-44.270000000000003,-24.66,,,,0.0,,3.3999999999999999,,
,,1998,5,5,19,30,0.0,,-49.100000000000001,-28.300000000000001,,,,0.0,,2.7999999999999998,,
,,1998,5,6,14,45,0.0,,-56.700000000000003,-18.129999999999999,,,,0.0,,3.3999999999999999,,
,,1998,5,7,14,0,0.0,,-73.640000000000001,-7.5,,,,0.0,,3.7000000000000002,,
,,1998,5,22,17,33,0.0,,-47.68,-19.170000000000002,,,,3.0,,4.0999999999999996,,
,,1998,5,30,9,57,0.0,,-55.969999999999999,-19.149999999999999,,,,0.0,,3.6000000000000001,,
,,1998,6,4,0,40,0.0,,-38.289999999999999,-4.4100000000000001,,,,0.0,,4.0,,
,,1998,7,1,21,25,0.0,,-44.460000000000001,-24.02,,,,0.0,,3.2000000000000002,,
,,1998,7,21,22,22,0.0,,-56.780000000000001,-11.59,,,,0.0,,4.0999999999999996,,
,,1998,7,29,6,20,0.0,,-39.869999999999997,-9.8699999999999992,,,,0.0,,3.1000000000000001,,
,,1998,8,4,6,2,0.0,,-38.289999999999999,-4.4100000000000001,,,,0.0,,2.7999999999999998,,
,,1998,8,16,22,0,0.0,,-49.549999999999997,-28.77,,,,0.0,,3.3999999999999999,,
,,1998,8,24,3,35,0.0,,-44.130000000000003,-19.59,,,,0.0,,3.0,,
,,1998,8,26,15,9,0.0,,-42.960000000000001,-19.09,,,,0.0,,3.7999999999999998,,
,,1998,8,27,14,23,0.0,,-50.490000000000002,-9.4600000000000009,,,,0.0,,3.2000000000000002,,
,,1998,9,18,18,34,0.0,,-45.270000000000003,-24.960000000000001,,,,0.0,,3.2000000000000002,,
,,1998,9,18,18,40,0.0,,-45.469999999999999,-25.02,,,,0.0,,3.1000000000000001,,
,,1998,9,20,20,7,0.0,,-51.420000000000002,-15.029999999999999,,,,0.0,,3.0,,
,,1998,10,9,8,3,0.0,,-54.57,-8.7300000000000004,,,,0.0,,3.5,,
,,1998,12,31,0,25,0.0,,-54.140000000000001,-16.370000000000001,,,,0.0,,3.0,,
,,1999,1,2,8,33,0.0,,-49.170000000000002,-23.41,,,,0.0,,3.3999999999999999,,
,,1999,3,15,5,13,0.0,,-63.789999999999999,-0.22,,,,22.0,,4.0,,
,,1999,3,18,9,31,0.0,,-56.789999999999999,-11.6,,,,2.0,,3.7000000000000002,,
,,1999,3,28,3,5,0.0,,-39.869999999999997,-9.8699999999999992,,,,0.0,,2.7999999999999998,,
,,1999,4,5,7,53,0.0,,-40.369999999999997,-22.530000000000001,,,,0.0,,2.8999999999999999,,
,,1999,4,11,20,26,0.0,,-47.310000000000002,-20.02,,,,0.0,,2.8999999999999999,,
,,1999,5,18,6,57,0.0,,-41.600000000000001,-24.52,,,,0.0,,3.1000000000000001,,
,,1999,6,25,19,52,0.0,,-40.780000000000001,-24.510000000000002,,,,0.0,,3.6000000000000001,,
,,1999,6,30,20,19,0.0,,-35.82,-5.6200000000000001,,,,0.0,,3.0,,
,,1999,7,11,1,35,0.0,,-39.579999999999998,-13.17,,,,0.0,,2.8999999999999999,,
,,1999,8,8,5,25,0.0,,-40.57,-22.32,,,,0.0,,2.7999999999999998,,
,,1999,8,18,4,43,0.0,,-49.200000000000003,-13.300000000000001,,,,0.0,,3.5,,
,,1999,10,1,18,2,0.0,,-56.789999999999999,-11.619999999999999,,,,2.0,,3.5,,
,,1999,10,24,19,13,0.0,,-44.090000000000003,-16.460000000000001,,,,0.0,,3.5,,
,,1999,11,17,12,6,0.0,,-36.020000000000003,-8.2799999999999994,,,,0.0,,3.0,,
,,1999,12,16,5,8,0.0,,-47.799999999999997,-11.65,,,,0.0,,3.3999999999999999,,
,,2000,1,22,23,36,0.0,,-38.289999999999999,-4.4100000000000001,,,,0.0,,3.2999999999999998,,
,,2000,4,12,7,26,0.0,,-48.840000000000003,-12.27,,,,0.0,,3.1000000000000001,,
,,2000,4,17,14,29,0.0,,-40.43,-22.25,,,,0.0,,2.7999999999999998,,
,,2000,4,28,3,15,0.0,,-56.350000000000001,-26.829999999999998,,,,0.0,,3.8999999999999999,,
,,2000,5,2,14,5,0.0,,-56.530000000000001,-16.030000000000001,,,,0.0,,3.7000000000000002,,
,,2000,5,6,5,11,0.0,,-47.979999999999997,-19.059999999999999,,,,0.0,,3.2999999999999998,,
,,2000,7,4,4,54,0.0,,-38.289999999999999,-4.4100000000000001,,,,0.0,,4.0999999999999996,,
,,2000,7,13,23,55,0.0,,-39.869999999999997,-9.8699999999999992,,,,0.0,,2.7999999999999998,,
,,2000,7,27,0,0,0.0,,-40.539999999999999,-16.370000000000001,,,,0.0,,3.2000000000000002,,
,,2000,9,13,7,39,0.0,,-49.850000000000001,-12.02,,,,0.0,,3.3999999999999999,,
,,2000,9,23,1,55,0.0,,-38.399999999999999,-4.2999999999999998,,,,0.0,,3.1000000000000001,,
,,2000,9,28,16,4,0.0,,-49.060000000000002,-21.039999999999999,,,,0.0,,3.3999999999999999,,
,,2000,10,6,13,4,0.0,,-40.43,-3.1899999999999999,,,,0.0,,3.2000000000000002,,
,,2000,11,20,9,36,0.0,,-47.789999999999999,-16.010000000000002,,,,0.0,,4.2000000000000002,,
,,2000,11,21,21,58,0.0,,-56.799999999999997,-11.5,,,,0.0,,3.5,,
,,2000,12,6,17,47,0.0,,-44.799999999999997,-24.120000000000001,,,,0.0,,3.2000000000000002,,
,,2000,12,18,1,31,0.0,,-57.549999999999997,-27.219999999999999,,,,0.0,,2.7999999999999998,,
,,2000,12,21,4,43,0.0,,-58.119999999999997,-26.149999999999999,,,,0.0,,2.7999999999999998,,
,,2001,1,7,3,50,0.0,,-44.700000000000003,-17.699999999999999,,,,0.0,,3.3999999999999999,,
,,2001,1,23,9,21,0.0,,-39.420000000000002,-5.2800000000000002,,,,0.0,,3.2999999999999998,,
,,2001,2,26,20,42,0.0,,-38.289999999999999,-4.4100000000000001,,,,0.0,,3.7000000000000002,,
,,2001,4,6,10,26,0.0,,-39.869999999999997,-9.8699999999999992,,,,0.0,,3.0,,
,,2001,5,9,0,38,0.0,,-72.469999999999999,-9.8900000000000006,,,,22.0,,3.7000000000000002,,
,,2001,5,24,23,55,0.0,,-39.909999999999997,-21.199999999999999,,,,0.0,,3.0,,
,,2001,5,27,9,50,0.0,,-60.5,-1.3,,,,0.0,,3.7000000000000002,,
,,2001,8,24,19,56,0.0,,-40.369999999999997,-21.93,,,,0.0,,3.8999999999999999,,
,,2001,8,31,18,51,0.0,,-44.700000000000003,-20.010000000000002,,,,0.0,,3.1000000000000001,,
,,2001,12,8,2,6,0.0,,-39.869999999999997,-9.8699999999999992,,,,0.0,,3.1000000000000001,,
,,2002,4,20,5,21,0.0,,-34.950000000000003,1.3700000000000001,,,,0.0,,4.0999999999999996,,
,,2002,5,6,6,12,0.0,,-44.030000000000001,-19.449999999999999,,,,0.0,,2.8999999999999999,,
,,2002,5,18,12,22,0.0,,-49.0,-9.9199999999999999,,,,0.0,,3.1000000000000001,,
,,2002,5,19,5,57,0.0,,-49.630000000000003,-10.029999999999999,,,,0.0,,3.0,,
,,2002,6,4,23,27,0.0,,-45.829999999999998,-25.030000000000001,,,,0.0,,3.7000000000000002,,
,,2002,6,30,21,39,0.0,,-35.960000000000001,-8.2599999999999998,,,,0.0,,3.7999999999999998,,
,,2002,8,26,2,29,0.0,,-47.009999999999998,-14.880000000000001,,,,0.0,,3.2999999999999998,,
,,2002,9,28,9,35,0.0,,-38.649999999999999,-12.56,,,,0.0,,3.7000000000000002,,
,,2002,10,2,5,50,0.0,,-69.640000000000001,-10.26,,,,0.0,,4.0,,
,,2002,10,27,20,23,0.0,,-49.780000000000001,-8.0299999999999994,,,,0.0,,3.7000000000000002,,
,,2002,11,16,1,28,0.0,,-44.670000000000002,-20.27,,,,0.0,,3.3999999999999999,,
,,2003,1,9,3,19,0.0,,-42.979999999999997,-23.829999999999998,,,,0.0,,3.5,,
,,2003,1,25,21,0,0.0,,-40.219999999999999,-8.3300000000000001,,,,0.0,,3.5,,
,,2003,2,26,14,32,0.0,,-35.869999999999997,-5.6600000000000001,,,,0.0,,3.3999999999999999,,
,,2003,3,16,21,29,0.0,,-46.189999999999998,-21.309999999999999,,,,0.0,,3.2000000000000002,,
,,2003,4,13,11,20,0.0,,-40.670000000000002,-22.27,,,,0.0,,3.2999999999999998,,
,,2003,4,16,15,36,0.0,,-39.859999999999999,-21.309999999999999,,,,0.0,,3.2000000000000002,,
,,2003,5,4,22,27,0.0,,-44.810000000000002,-20.370000000000001,,,,0.0,,2.8999999999999999,,
,,2003,5,11,13,45,0.0,,-54.289999999999999,-16.73,,,,0.0,,3.7000000000000002,,
,,2003,5,17,6,40,0.0,,-46.210000000000001,-26.09,,,,0.0,,2.8999999999999999,,
,,2003,5,23,11,28,0.0,,-46.420000000000002,-25.390000000000001,,,,0.0,,3.1000000000000001,,
,,2003,6,23,6,9,0.0,,-41.729999999999997,-26.440000000000001,,,,0.0,,4.0999999999999996,,
,,2003,7,14,9,8,0.0,,-47.68,-12.640000000000001,,,,0.0,,3.6000000000000001,,
,,2003,7,14,9,15,0.0,,-47.619999999999997,-12.640000000000001,,,,0.0,,3.0,,
,,2003,7,26,0,51,0.0,,-42.359999999999999,-24.050000000000001,,,,0.0,,3.3999999999999999,,
,,2003,7,31,11,34,0.0,,-44.590000000000003,-13.539999999999999,,,,0.0,,2.8999999999999999,,
,,2003,7,31,14,43,0.0,,-44.590000000000003,-13.49,,,,0.0,,3.0,,
,,2003,7,31,15,29,0.0,,-44.600000000000001,-13.58,,,,0.0,,2.8999999999999999,,
,,2003,10,28,22,54,0.0,,-56.219999999999999,-17.379999999999999,,,,0.0,,2.8999999999999999,,
,,2003,10,28,23,21,0.0,,-56.219999999999999,-17.379999999999999,,,,0.0,,3.5,,
,,2003,11,15,0,20,0.0,,-50.039999999999999,-8.3399999999999999,,,,0.0,,3.8999999999999999,,
,,2003,12,3,23,33,0.0,,-34.280000000000001,-9.6099999999999994,,,,0.0,,3.2999999999999998,,
,,2004,1,12,4,51,0.0,,-38.799999999999997,-6.5700000000000003,,,,0.0,,3.2000000000000002,,
,,2004,2,6,5,55,0.0,,-39.740000000000002,-4.9800000000000004,,,,0.0,,2.7999999999999998,,
,,2004,5,16,14,29,0.0,,-44.719999999999999,-25.219999999999999,,,,0.0,,3.8999999999999999,,
,,2004,6,1,12,11,0.0,,-36.579999999999998,-8.3300000000000001,,,,0.0,,3.1000000000000001,,
,,2004,6,24,12,18,0.0,,-61.869999999999997,-26.210000000000001,,,,44.0,,3.3999999999999999,,
,,2004,7,6,14,44,0.0,,-72.920000000000002,-3.2000000000000002,,,,15.0,,4.0,,
,,2004,8,24,8,14,0.0,,-38.479999999999997,-4.3700000000000001,,,,0.0,,3.2999999999999998,,
,,2004,12,26,0,39,0.0,,-55.950000000000003,-16.219999999999999,,,,0.0,,3.2000000000000002,,
,,2005,3,23,21,11,0.0,,-56.759999999999998,-11.6,,,,3.0,,5.0,,
,,2005,3,30,11,41,0.0,,-48.5,-21.059999999999999,,,,1.0,,2.8999999999999999,,
,,2005,4,3,13,44,0.0,,-33.189999999999998,-8.8000000000000007,,,,0.0,,3.0,,
,,2005,4,8,23,34,0.0,,-47.289999999999999,-21.030000000000001,,,,0.0,,3.1000000000000001,,
,,2005,6,18,11,10,0.0,,-38.359999999999999,-4.3499999999999996,,,,0.0,,3.1000000000000001,,
,,2005,7,10,8,7,0.0,,-54.960000000000001,-16.809999999999999,,,,0.0,,3.0,,
,,2005,7,20,16,43,0.0,,-56.780000000000001,-11.6,,,,0.0,,4.2999999999999998,,
,,2005,9,24,20,38,0.0,,-57.399999999999999,-11.880000000000001,,,,0.0,,3.8999999999999999,,
,,2006,1,4,22,54,0.0,,-50.700000000000003,-24.41,,,,0.0,,4.0999999999999996,,
,,2006,1,4,22,56,0.0,,-50.700000000000003,-24.43,,,,0.0,,3.2999999999999998,,
,,2006,1,8,1,54,0.0,,-36.93,-10.07,,,,0.0,,3.3999999999999999,,
,,2006,1,10,19,3,0.0,,-46.859999999999999,-21.640000000000001,,,,0.0,,3.0,,
,,2006,3,29,0,0,0.0,,-40.109999999999999,-14.18,,,,0.0,,3.7000000000000002,,
,,2006,4,22,2,29,0.0,,-53.299999999999997,-16.309999999999999,,,,0.0,,2.7999999999999998,,
,,2006,5,14,14,7,0.0,,-42.579999999999998,-16.719999999999999,,,,0.0,,3.0,,
,,2006,5,20,4,26,0.0,,-36.159999999999997,-8.2599999999999998,,,,6.0,,3.8999999999999999,,
,,2006,6,8,16,29,0.0,,-51.960000000000001,4.8799999999999999,,,,3.0,,5.2000000000000002,,
,,2006,6,17,1,11,0.0,,-51.259999999999998,-22.23,,,,0.0,,3.2000000000000002,,
,,2006,6,28,8,0,0.0,,-38.289999999999999,-4.4100000000000001,,,,0.0,,3.1000000000000001,,
,,2006,9,1,13,55,0.0,,-36.159999999999997,-8.2599999999999998,,,,0.0,,3.6000000000000001,,
,,2006,9,2,23,56,0.0,,-35.0,-5.0,,,,0.0,,4.0,,
,,2006,11,16,8,8,0.0,,-39.780000000000001,-22.280000000000001,,,,0.0,,2.8999999999999999,,
,,2006,11,26,2,11,0.0,,-40.25,-22.039999999999999,,,,0.0,,3.6000000000000001,,
,,2007,3,20,13,38,0.0,,-36.161000000000001,-8.2639999999999993,,,,5.0,,3.8999999999999999,,
,,2007,3,20,14,22,0.0,,-36.159999999999997,-8.2599999999999998,,,,0.0,,3.3999999999999999,,
,,2007,3,27,19,45,0.0,,-46.880000000000003,-26.66,,,,0.0,,3.5,,
,,2007,3,28,15,4,0.0,,-36.579999999999998,-8.3300000000000001,,,,0.0,,2.7999999999999998,,
,,2007,4,15,2,0,0.0,,-40.130000000000003,-3.23,,,,0.0,,2.8999999999999999,,
,,2007,5,24,15,30,0.0,,-44.299999999999997,-15.0,,,,0.0,,3.7999999999999998,,
,,2007,7,14,5,33,0.0,,-46.289999999999999,-19.559999999999999,,,,0.0,,3.5,,
,,2007,7,18,0,0,0.0,,-72.670000000000002,-7.6299999999999999,,,,0.0,,3.0,,
,,2007,9,13,10,40,0.0,,-38.049999999999997,-5.9199999999999999,,,,5.0,,3.2000000000000002,,
,,2007,10,25,22,30,0.0,,-41.659999999999997,-11.35,,,,0.0,,3.0,,
,,2007,10,31,21,15,0.0,,-48.119999999999997,3.5,,,,0.0,,5.0999999999999996,,
,,2007,12,9,2,3,0.0,,-44.295000000000002,-15.032999999999999,,,,0.69999999999999996,,4.9000000000000004,,
,,2008,2,8,19,5,0.0,,-44.890000000000001,-24.559999999999999,,,,0.0,,3.8999999999999999,,
,,2008,3,19,22,12,0.0,,-44.090000000000003,-15.07,,,,1.0,,3.7999999999999998,,
,,2008,4,20,6,39,0.0,,-40.890000000000001,-24.800000000000001,,,,0.0,,3.6000000000000001,,
,,2008,4,23,0,0,0.0,,-45.409999999999997,-25.699999999999999,,,,17.0,,5.2000000000000002,,
,,2008,5,3,9,9,0.0,,-39.890000000000001,-22.48,,,,0.0,,3.3999999999999999,,
,,2008,5,21,19,23,0.0,,-40.509999999999998,-3.6299999999999999,,,,5.0,,3.7999999999999998,,
,,2008,5,21,19,28,0.0,,-40.509999999999998,-3.6299999999999999,,,,0.0,,3.8999999999999999,,
,,2008,6,14,12,0,0.0,,-51.350000000000001,-28.899999999999999,,,,0.0,,3.2999999999999998,,
,,2008,7,31,3,12,0.0,,-44.729999999999997,-13.73,,,,0.0,,2.8999999999999999,,
,,2008,9,29,15,19,0.0,,-47.329999999999998,-19.899999999999999,,,,0.0,,3.1000000000000001,,
,,2008,10,7,21,51,0.0,,-56.240000000000002,-17.170000000000002,,,,0.0,,3.3999999999999999,,
,,2008,11,10,6,56,0.0,,-51.060000000000002,-29.02,,,,0.0,,3.0,,
,,2008,12,19,0,0,0.0,,-40.509999999999998,-3.6299999999999999,,,,0.0,,3.5,,
,,2008,12,19,22,55,0.0,,-49.579999999999998,-31.66,,,,0.0,,3.8999999999999999,,
,,2009,4,3,3,39,0.0,,-48.609999999999999,-11.65,,,,5.0,,3.2000000000000002,,
,,2009,6,15,22,15,0.0,,-55.799999999999997,-18.489999999999998,,,,6.0,,4.7999999999999998,,
,,2009,7,24,6,7,0.0,,-56.700000000000003,-11.619999999999999,,,,5.0,,3.1000000000000001,,
,,2009,7,31,20,55,0.0,,-40.530000000000001,-3.6200000000000001,,,,5.0,,3.3999999999999999,,
,,2009,9,7,0,18,0.0,,-45.509999999999998,-23.449999999999999,,,,0.0,,3.2999999999999998,,
,,2009,9,9,4,11,0.0,,-61.43,-1.8999999999999999,,,,0.0,,4.2000000000000002,,
,,2009,9,23,5,27,0.0,,-44.259999999999998,-15.06,,,,5.0,,2.7999999999999998,,
,,2009,11,10,17,40,0.0,,-56.700000000000003,-27.5,,,,15.0,,3.5,,
,,2009,11,26,22,55,0.0,,-43.0,0.76000000000000001,,,,5.0,,4.0,,
,,2009,11,29,22,5,0.0,,-57.630000000000003,-26.16,,,,32.0,,4.5,,
,,2009,12,2,2,39,0.0,,-52.710000000000001,-10.369999999999999,,,,5.0,,3.5,,
,,2009,12,21,8,25,0.0,,-40.649999999999999,-3.5499999999999998,,,,0.0,,2.8999999999999999,,
,,2009,12,30,16,41,0.0,,-59.759999999999998,-2.3300000000000001,,,,5.0,,3.0,,
,,2010,1,11,15,54,0.0,,-35.659999999999997,-5.5499999999999998,,,,10.0,,4.2999999999999998,,
,,2010,1,22,7,48,0.0,,-47.810000000000002,-14.4,,,,0.0,,3.2000000000000002,,
,,2010,1,25,2,17,0.0,,-44.909999999999997,-16.219999999999999,,,,0.0,,3.2999999999999998,,
,,2010,1,28,3,45,0.0,,-43.950000000000003,-19.5,,,,0.0,,3.6000000000000001,,
,,2010,2,27,9,35,0.0,,-56.700000000000003,-11.619999999999999,,,,5.0,,3.5,,
,,2010,2,28,2,21,0.0,,-36.149999999999999,-8.3000000000000007,,,,0.0,,2.8999999999999999,,
,,2010,3,8,23,14,0.0,,-36.780000000000001,-8.4600000000000009,,,,0.0,,3.2000000000000002,,
,,2010,3,25,10,39,0.0,,-36.789999999999999,-5.9699999999999998,,,,0.0,,2.8999999999999999,,
,,2010,4,18,23,41,0.0,,-35.909999999999997,-8.5700000000000003,,,,0.0,,2.7999999999999998,,
,,2010,4,25,23,9,0.0,,-72.980000000000004,-6.8200000000000003,,,,17.0,,4.9000000000000004,,
,,2010,4,26,4,33,0.0,,-51.369999999999997,-29.16,,,,0.0,,3.5,,
,,2010,5,5,5,17,0.0,,-43.979999999999997,-21.190000000000001,,,,0.0,,2.8999999999999999,,
,,2010,6,1,6,58,0.0,,-39.5,-13.199999999999999,,,,0.0,,3.2000000000000002,,
,,2010,6,3,11,22,0.0,,-44.060000000000002,-19.559999999999999,,,,0.0,,2.8999999999999999,,
,,2010,7,1,16,44,0.0,,-40.649999999999999,-22.43,,,,0.0,,3.7999999999999998,,
,,2010,8,21,12,57,0.0,,-50.009999999999998,-21.75,,,,0.0,,3.0,,
,,2010,9,29,19,54,0.0,,-43.859999999999999,-16.73,,,,0.0,,2.7999999999999998,,
,,2010,10,8,20,16,0.0,,-49.159999999999997,-13.771000000000001,,,,1.3999999999999999,,5.0,,
,,2010,10,8,20,25,0.0,,-49.159999999999997,-13.77,,,,2.0,,4.2000000000000002,,
,,2010,10,26,5,34,0.0,,-49.990000000000002,-13.789999999999999,,,,0.0,,3.5,,
,,2010,10,31,0,0,0.0,,-40.509999999999998,-3.6299999999999999,,,,5.0,,3.1000000000000001,,
,,2010,11,28,10,21,0.0,,-50.399999999999999,-7.4699999999999998,,,,0.0,,4.2000000000000002,,
,,2010,12,5,0,1,0.0,,-36.100000000000001,-5.46,,,,5.0,,3.1000000000000001,,
,,2010,12,9,21,29,0.0,,-46.32,-13.4,,,,0.0,,3.7000000000000002,,
,,2011,1,8,11,49,0.0,,-48.840000000000003,-13.52,,,,0.0,,4.0999999999999996,,
,,2011,2,27,7,41,0.0,,-51.100000000000001,-29.140000000000001,,,,0.0,,3.1000000000000001,,
,,2011,3,4,6,59,0.0,,-49.210000000000001,-13.779999999999999,,,,0.0,,3.6000000000000001,,
,,2011,3,4,7,2,0.0,,-49.210000000000001,-13.779999999999999,,,,0.0,,2.7999999999999998,,
,,2011,3,4,7,5,0.0,,-49.210000000000001,-13.779999999999999,,,,0.0,,3.1000000000000001,,
,,2011,3,5,23,29,0.0,,-43.883000000000003,-16.701000000000001,,,,0.0,,3.2999999999999998,,
,,2011,4,30,8,16,0.0,,-48.700000000000003,-11.17,,,,0.0,,3.6000000000000001,,
,,2011,7,27,18,25,0.0,,-39.549999999999997,-22.18,,,,0.0,,3.2000000000000002,,
,,2011,8,1,6,18,0.0,,-52.829999999999998,-25.050000000000001,,,,0.0,,2.7999999999999998,,
,,2011,8,8,13,53,0.0,,-40.509999999999998,-3.6299999999999999,,,,5.0,,3.0,,
,,2011,8,14,16,50,0.0,,-44.950000000000003,-21.170000000000002,,,,0.0,,3.2000000000000002,,
,,2011,8,18,21,14,0.0,,-49.960000000000001,-30.440000000000001,,,,0.0,,3.2999999999999998,,
,,2011,10,14,7,17,0.0,,-45.759999999999998,-20.629999999999999,,,,0.0,,2.7999999999999998,,
,,2011,10,22,19,29,0.0,,-43.939999999999998,-20.100000000000001,,,,0.0,,3.3999999999999999,,
,,2011,10,24,12,38,0.0,,-35.75,-5.54,,,,0.0,,2.7999999999999998,,
,,2011,12,3,15,49,0.0,,-40.469999999999999,-8.9600000000000009,,,,0.0,,3.2999999999999998,,
,,2011,12,15,13,1,0.0,,-40.700000000000003,-16.59,,,,0.0,,3.6000000000000001,,
,,2012,2,21,6,36,0.0,,-45.659999999999997,-23.379999999999999,,,,0.0,,3.2999999999999998,,
,,2012,3,14,10,40,0.0,,-48.130000000000003,-28.16,,,,0.0,,3.1000000000000001,,
,,2012,3,29,17,15,0.0,,-36.159999999999997,-8.25,,,,0.0,,3.1000000000000001,,
,,2012,3,31,16,9,0.0,,-49.950000000000003,-13.449999999999999,,,,0.0,,3.7000000000000002,,
,,2012,4,15,18,4,0.0,,-36.100000000000001,-5.46,,,,0.0,,2.7999999999999998,,
,,2012,4,24,1,34,0.0,,-49.109999999999999,-13.77,,,,0.0,,3.2000000000000002,,
,,2012,5,19,13,41,0.0,,-43.883000000000003,-16.695,,,,1.1000000000000001,,4.0,,
,,2012,6,29,12,18,0.0,,-49.350000000000001,-2.2599999999999998,,,,0.0,,3.6000000000000001,,
,,2012,8,2,7,14,0.0,,-40.509999999999998,-3.6299999999999999,,,,0.0,,2.8999999999999999,,
,,2012,9,12,23,56,0.0,,-43.880000000000003,-16.702999999999999,,,,1.2,,2.8999999999999999,,
,,2012,11,25,22,57,0.0,,-63.020000000000003,-9.4600000000000009,,,,0.0,,4.7000000000000002,,
,,2012,12,8,18,52,0.0,,-49.18,-13.56,,,,0.0,,3.7999999999999998,,
,,2012,12,19,4,54,0.0,,-43.878,-16.696999999999999,,,,1.8,,3.6000000000000001,,
,,2012,12,19,5,31,0.0,,-43.878999999999998,-16.701000000000001,,,,1.5,,3.6000000000000001,,
,,2012,12,21,12,37,0.0,,-36.100000000000001,-5.46,,,,0.0,,3.6000000000000001,,
