-79.5000,-36.5000,  0.00004547
-79.5000,-35.5000,  0.00004746
-79.5000,-34.5000,  0.00004955
-79.5000,-33.5000,  0.00005147
-79.5000,-32.5000,  0.00005347
-79.5000,-31.5000,  0.00005546
-79.5000,-30.5000,  0.00005745
-79.5000,-29.5000,  0.00005944
-79.5000,-28.5000,  0.00006141
-79.5000,-27.5000,  0.00006188
-79.5000,-26.5000,  0.00006357
-79.5000,-25.5000,  0.00006595
-79.5000,-24.5000,  0.00006769
-79.5000,-23.5000,  0.00006942
-79.5000,-22.5000,  0.00007154
-79.5000,-21.5000,  0.00007368
-79.5000,-20.5000,  0.00007638
-79.5000,-19.5000,  0.00007979
-79.5000,-18.5000,  0.00008416
-79.5000,-17.5000,  0.00008900
-79.5000,-16.5000,  0.00009548
-79.5000,-15.5000,  0.00010283
-79.5000,-14.5000,  0.00011226
-79.5000,-13.5000,  0.00012350
-79.5000,-12.5000,  0.00013809
-79.5000,-11.5000,  0.00015401
-79.5000,-10.5000,  0.00017088
-79.5000, -9.5000,  0.00018802
-79.5000, -8.5000,  0.00020316
-79.5000, -7.5000,  0.00021488
-79.5000, -6.5000,  0.00021806
-79.5000, -5.5000,  0.00020827
-79.5000, -4.5000,  0.00019609
-79.5000, -3.5000,  0.00017697
-79.5000, -2.5000,  0.00015984
-79.5000, -1.5000,  0.00014623
-79.5000, -0.5000,  0.00013279
-79.5000,  0.5000,  0.00012039
-79.5000,  1.5000,  0.00011023
-79.5000,  2.5000,  0.00009930
-79.5000,  3.5000,  0.00009174
-79.5000,  4.5000,  0.00008499
-79.5000,  5.5000,  0.00007682
-79.5000,  6.5000,  0.00006947
-79.5000,  7.5000,  0.00006381
-79.5000,  8.5000,  0.00005898
-79.5000,  9.5000,  0.00005464
-79.5000, 10.5000,  0.00005104
-79.5000, 11.5000,  0.00004754
-79.5000, 12.5000,  0.00004435
-78.5000,-36.5000,  0.00004907
-78.5000,-35.5000,  0.00005084
-78.5000,-34.5000,  0.00005341
-78.5000,-33.5000,  0.00005584
-78.5000,-32.5000,  0.00005795
-78.5000,-31.5000,  0.00006008
-78.5000,-30.5000,  0.00006203
-78.5000,-29.5000,  0.00006439
-78.5000,-28.5000,  0.00006678
-78.5000,-27.5000,  0.00006762
-78.5000,-26.5000,  0.00006902
-78.5000,-25.5000,  0.00007136
-78.5000,-24.5000,  0.00007386
-78.5000,-23.5000,  0.00007588
-78.5000,-22.5000,  0.00007805
-78.5000,-21.5000,  0.00008111
-78.5000,-20.5000,  0.00008383
-78.5000,-19.5000,  0.00008779
-78.5000,-18.5000,  0.00009244
-78.5000,-17.5000,  0.00009896
-78.5000,-16.5000,  0.00010657
-78.5000,-15.5000,  0.00011648
-78.5000,-14.5000,  0.00012726
-78.5000,-13.5000,  0.00014397
-78.5000,-12.5000,  0.00016430
-78.5000,-11.5000,  0.00018835
-78.5000,-10.5000,  0.00021426
-78.5000, -9.5000,  0.00024687
-78.5000, -8.5000,  0.00027661
-78.5000, -7.5000,  0.00029903
-78.5000, -6.5000,  0.00030222
-78.5000, -5.5000,  0.00028803
-78.5000, -4.5000,  0.00025931
-78.5000, -3.5000,  0.00022866
-78.5000, -2.5000,  0.00019773
-78.5000, -1.5000,  0.00017208
-78.5000, -0.5000,  0.00015746
-78.5000,  0.5000,  0.00014016
-78.5000,  1.5000,  0.00012573
-78.5000,  2.5000,  0.00011254
-78.5000,  3.5000,  0.00010227
-78.5000,  4.5000,  0.00009343
-78.5000,  5.5000,  0.00008580
-78.5000,  6.5000,  0.00007659
-78.5000,  7.5000,  0.00007025
-78.5000,  8.5000,  0.00006442
-78.5000,  9.5000,  0.00005979
-78.5000, 10.5000,  0.00005553
-78.5000, 11.5000,  0.00005163
-78.5000, 12.5000,  0.00004799
-77.5000,-36.5000,  0.00005244
-77.5000,-35.5000,  0.00005531
-77.5000,-34.5000,  0.00005767
-77.5000,-33.5000,  0.00006068
-77.5000,-32.5000,  0.00006254
-77.5000,-31.5000,  0.00006489
-77.5000,-30.5000,  0.00006755
-77.5000,-29.5000,  0.00007011
-77.5000,-28.5000,  0.00007274
-77.5000,-27.5000,  0.00007474
-77.5000,-26.5000,  0.00007539
-77.5000,-25.5000,  0.00007795
-77.5000,-24.5000,  0.00008049
-77.5000,-23.5000,  0.00008339
-77.5000,-22.5000,  0.00008592
-77.5000,-21.5000,  0.00008821
-77.5000,-20.5000,  0.00009254
-77.5000,-19.5000,  0.00009711
-77.5000,-18.5000,  0.00010146
-77.5000,-17.5000,  0.00010994
-77.5000,-16.5000,  0.00011867
-77.5000,-15.5000,  0.00013179
-77.5000,-14.5000,  0.00014694
-77.5000,-13.5000,  0.00016882
-77.5000,-12.5000,  0.00019710
-77.5000,-11.5000,  0.00023113
-77.5000,-10.5000,  0.00027690
-77.5000, -9.5000,  0.00033766
-77.5000, -8.5000,  0.00040076
-77.5000, -7.5000,  0.00020845
-77.5000, -6.5000,  0.00027295
-77.5000, -5.5000,  0.00041294
-77.5000, -4.5000,  0.00035679
-77.5000, -3.5000,  0.00024498
-77.5000, -2.5000,  0.00025039
-77.5000, -1.5000,  0.00020734
-77.5000, -0.5000,  0.00018215
-77.5000,  0.5000,  0.00016069
-77.5000,  1.5000,  0.00014374
-77.5000,  2.5000,  0.00012788
-77.5000,  3.5000,  0.00011441
-77.5000,  4.5000,  0.00010463
-77.5000,  5.5000,  0.00009583
-77.5000,  6.5000,  0.00008501
-77.5000,  7.5000,  0.00007728
-77.5000,  8.5000,  0.00007082
-77.5000,  9.5000,  0.00006517
-77.5000, 10.5000,  0.00006053
-77.5000, 11.5000,  0.00005602
-77.5000, 12.5000,  0.00005193
-76.5000,-36.5000,  0.00005683
-76.5000,-35.5000,  0.00005905
-76.5000,-34.5000,  0.00006252
-76.5000,-33.5000,  0.00006508
-76.5000,-32.5000,  0.00006806
-76.5000,-31.5000,  0.00007120
-76.5000,-30.5000,  0.00007413
-76.5000,-29.5000,  0.00007687
-76.5000,-28.5000,  0.00008029
-76.5000,-27.5000,  0.00008121
-76.5000,-26.5000,  0.00008290
-76.5000,-25.5000,  0.00008592
-76.5000,-24.5000,  0.00008812
-76.5000,-23.5000,  0.00009151
-76.5000,-22.5000,  0.00009518
-76.5000,-21.5000,  0.00009726
-76.5000,-20.5000,  0.00010128
-76.5000,-19.5000,  0.00010633
-76.5000,-18.5000,  0.00011259
-76.5000,-17.5000,  0.00012181
-76.5000,-16.5000,  0.00013370
-76.5000,-15.5000,  0.00014771
-76.5000,-14.5000,  0.00016790
-76.5000,-13.5000,  0.00019771
-76.5000,-12.5000,  0.00023510
-76.5000,-11.5000,  0.00028549
-76.5000,-10.5000,  0.00035966
-76.5000, -9.5000,  0.00045788
-76.5000, -8.5000,  0.00020192
-76.5000, -7.5000,  0.00027844
-76.5000, -6.5000,  0.00027797
-76.5000, -5.5000,  0.00039729
-76.5000, -4.5000,  0.00045290
-76.5000, -3.5000,  0.00033562
-76.5000, -2.5000,  0.00024624
-76.5000, -1.5000,  0.00025192
-76.5000, -0.5000,  0.00021049
-76.5000,  0.5000,  0.00018436
-76.5000,  1.5000,  0.00016209
-76.5000,  2.5000,  0.00014258
-76.5000,  3.5000,  0.00012897
-76.5000,  4.5000,  0.00011713
-76.5000,  5.5000,  0.00010596
-76.5000,  6.5000,  0.00009405
-76.5000,  7.5000,  0.00008490
-76.5000,  8.5000,  0.00007784
-76.5000,  9.5000,  0.00007145
-76.5000, 10.5000,  0.00006608
-76.5000, 11.5000,  0.00006088
-76.5000, 12.5000,  0.00005602
-75.5000,-36.5000,  0.00006004
-75.5000,-35.5000,  0.00006390
-75.5000,-34.5000,  0.00006773
-75.5000,-33.5000,  0.00007086
-75.5000,-32.5000,  0.00007475
-75.5000,-31.5000,  0.00007765
-75.5000,-30.5000,  0.00008159
-75.5000,-29.5000,  0.00008474
-75.5000,-28.5000,  0.00008701
-75.5000,-27.5000,  0.00008952
-75.5000,-26.5000,  0.00009174
-75.5000,-25.5000,  0.00009424
-75.5000,-24.5000,  0.00009670
-75.5000,-23.5000,  0.00010044
-75.5000,-22.5000,  0.00010441
-75.5000,-21.5000,  0.00010821
-75.5000,-20.5000,  0.00011146
-75.5000,-19.5000,  0.00011663
-75.5000,-18.5000,  0.00012442
-75.5000,-17.5000,  0.00013438
-75.5000,-16.5000,  0.00014800
-75.5000,-15.5000,  0.00016641
-75.5000,-14.5000,  0.00019452
-75.5000,-13.5000,  0.00023026
-75.5000,-12.5000,  0.00027894
-75.5000,-11.5000,  0.00035427
-75.5000,-10.5000,  0.00046579
-75.5000, -9.5000,  0.00024292
-75.5000, -8.5000,  0.00025106
-75.5000, -7.5000,  0.00026061
-75.5000, -6.5000,  0.00012955
-75.5000, -5.5000,  0.00021125
-75.5000, -4.5000,  0.00022455
-75.5000, -3.5000,  0.00044920
-75.5000, -2.5000,  0.00030948
-75.5000, -1.5000,  0.00023283
-75.5000, -0.5000,  0.00024641
-75.5000,  0.5000,  0.00020996
-75.5000,  1.5000,  0.00018334
-75.5000,  2.5000,  0.00016259
-75.5000,  3.5000,  0.00014443
-75.5000,  4.5000,  0.00013053
-75.5000,  5.5000,  0.00011733
-75.5000,  6.5000,  0.00010425
-75.5000,  7.5000,  0.00009436
-75.5000,  8.5000,  0.00008563
-75.5000,  9.5000,  0.00007850
-75.5000, 10.5000,  0.00007216
-75.5000, 11.5000,  0.00006600
-75.5000, 12.5000,  0.00006084
-74.5000,-36.5000,  0.00006357
-74.5000,-35.5000,  0.00006796
-74.5000,-34.5000,  0.00007272
-74.5000,-33.5000,  0.00007765
-74.5000,-32.5000,  0.00008139
-74.5000,-31.5000,  0.00008575
-74.5000,-30.5000,  0.00008961
-74.5000,-29.5000,  0.00009312
-74.5000,-28.5000,  0.00009591
-74.5000,-27.5000,  0.00009921
-74.5000,-26.5000,  0.00010116
-74.5000,-25.5000,  0.00010411
-74.5000,-24.5000,  0.00010655
-74.5000,-23.5000,  0.00011060
-74.5000,-22.5000,  0.00011523
-74.5000,-21.5000,  0.00012042
-74.5000,-20.5000,  0.00012322
-74.5000,-19.5000,  0.00012831
-74.5000,-18.5000,  0.00013736
-74.5000,-17.5000,  0.00014854
-74.5000,-16.5000,  0.00016509
-74.5000,-15.5000,  0.00018607
-74.5000,-14.5000,  0.00022324
-74.5000,-13.5000,  0.00026328
-74.5000,-12.5000,  0.00032555
-74.5000,-11.5000,  0.00041865
-74.5000,-10.5000,  0.00026586
-74.5000, -9.5000,  0.00030168
-74.5000, -8.5000,  0.00032001
-74.5000, -7.5000,  0.00014139
-74.5000, -6.5000,  0.00014169
-74.5000, -5.5000,  0.00014737
-74.5000, -4.5000,  0.00024674
-74.5000, -3.5000,  0.00025041
-74.5000, -2.5000,  0.00036561
-74.5000, -1.5000,  0.00026934
-74.5000, -0.5000,  0.00022300
-74.5000,  0.5000,  0.00023701
-74.5000,  1.5000,  0.00020691
-74.5000,  2.5000,  0.00018188
-74.5000,  3.5000,  0.00016306
-74.5000,  4.5000,  0.00014610
-74.5000,  5.5000,  0.00013219
-74.5000,  6.5000,  0.00011623
-74.5000,  7.5000,  0.00010507
-74.5000,  8.5000,  0.00009524
-74.5000,  9.5000,  0.00008695
-74.5000, 10.5000,  0.00007894
-74.5000, 11.5000,  0.00007190
-74.5000, 12.5000,  0.00006572
-73.5000,-36.5000,  0.00006863
-73.5000,-35.5000,  0.00007331
-73.5000,-34.5000,  0.00007794
-73.5000,-33.5000,  0.00008340
-73.5000,-32.5000,  0.00008892
-73.5000,-31.5000,  0.00009435
-73.5000,-30.5000,  0.00009923
-73.5000,-29.5000,  0.00010280
-73.5000,-28.5000,  0.00010709
-73.5000,-27.5000,  0.00011099
-73.5000,-26.5000,  0.00011292
-73.5000,-25.5000,  0.00011504
-73.5000,-24.5000,  0.00011875
-73.5000,-23.5000,  0.00012230
-73.5000,-22.5000,  0.00012700
-73.5000,-21.5000,  0.00013316
-73.5000,-20.5000,  0.00013595
-73.5000,-19.5000,  0.00014155
-73.5000,-18.5000,  0.00015177
-73.5000,-17.5000,  0.00016416
-73.5000,-16.5000,  0.00018189
-73.5000,-15.5000,  0.00020958
-73.5000,-14.5000,  0.00025157
-73.5000,-13.5000,  0.00030398
-73.5000,-12.5000,  0.00037807
-73.5000,-11.5000,  0.00026676
-73.5000,-10.5000,  0.00020483
-73.5000, -9.5000,  0.00023605
-73.5000, -8.5000,  0.00015917
-73.5000, -7.5000,  0.00016010
-73.5000, -6.5000,  0.00016138
-73.5000, -5.5000,  0.00016354
-73.5000, -4.5000,  0.00016846
-73.5000, -3.5000,  0.00027573
-73.5000, -2.5000,  0.00027007
-73.5000, -1.5000,  0.00030100
-73.5000, -0.5000,  0.00025122
-73.5000,  0.5000,  0.00021976
-73.5000,  1.5000,  0.00023421
-73.5000,  2.5000,  0.00020814
-73.5000,  3.5000,  0.00018560
-73.5000,  4.5000,  0.00016538
-73.5000,  5.5000,  0.00014726
-73.5000,  6.5000,  0.00012933
-73.5000,  7.5000,  0.00011643
-73.5000,  8.5000,  0.00010578
-73.5000,  9.5000,  0.00009612
-73.5000, 10.5000,  0.00008651
-73.5000, 11.5000,  0.00007855
-73.5000, 12.5000,  0.00007113
-72.5000,-36.5000,  0.00007386
-72.5000,-35.5000,  0.00007953
-72.5000,-34.5000,  0.00008560
-72.5000,-33.5000,  0.00009167
-72.5000,-32.5000,  0.00009693
-72.5000,-31.5000,  0.00010269
-72.5000,-30.5000,  0.00010897
-72.5000,-29.5000,  0.00011516
-72.5000,-28.5000,  0.00012048
-72.5000,-27.5000,  0.00012519
-72.5000,-26.5000,  0.00012784
-72.5000,-25.5000,  0.00013029
-72.5000,-24.5000,  0.00013339
-72.5000,-23.5000,  0.00013622
-72.5000,-22.5000,  0.00014130
-72.5000,-21.5000,  0.00014559
-72.5000,-20.5000,  0.00015317
-72.5000,-19.5000,  0.00015679
-72.5000,-18.5000,  0.00016651
-72.5000,-17.5000,  0.00018115
-72.5000,-16.5000,  0.00019819
-72.5000,-15.5000,  0.00023267
-72.5000,-14.5000,  0.00027861
-72.5000,-13.5000,  0.00033494
-72.5000,-12.5000,  0.00041260
-72.5000,-11.5000,  0.00036857
-72.5000,-10.5000,  0.00022597
-72.5000, -9.5000,  0.00017240
-72.5000, -8.5000,  0.00017622
-72.5000, -7.5000,  0.00018186
-72.5000, -6.5000,  0.00018363
-72.5000, -5.5000,  0.00019836
-72.5000, -4.5000,  0.00019560
-72.5000, -3.5000,  0.00018879
-72.5000, -2.5000,  0.00043119
-72.5000, -1.5000,  0.00033725
-72.5000, -0.5000,  0.00028262
-72.5000,  0.5000,  0.00024793
-72.5000,  1.5000,  0.00026911
-72.5000,  2.5000,  0.00023968
-72.5000,  3.5000,  0.00021221
-72.5000,  4.5000,  0.00018866
-72.5000,  5.5000,  0.00016434
-72.5000,  6.5000,  0.00014709
-72.5000,  7.5000,  0.00013088
-72.5000,  8.5000,  0.00011879
-72.5000,  9.5000,  0.00010599
-72.5000, 10.5000,  0.00009504
-72.5000, 11.5000,  0.00008515
-72.5000, 12.5000,  0.00007685
-71.5000,-36.5000,  0.00007937
-71.5000,-35.5000,  0.00008602
-71.5000,-34.5000,  0.00009324
-71.5000,-33.5000,  0.00010023
-71.5000,-32.5000,  0.00010720
-71.5000,-31.5000,  0.00011527
-71.5000,-30.5000,  0.00012175
-71.5000,-29.5000,  0.00012836
-71.5000,-28.5000,  0.00013559
-71.5000,-27.5000,  0.00014234
-71.5000,-26.5000,  0.00014446
-71.5000,-25.5000,  0.00014913
-71.5000,-24.5000,  0.00015067
-71.5000,-23.5000,  0.00015233
-71.5000,-22.5000,  0.00015820
-71.5000,-21.5000,  0.00016354
-71.5000,-20.5000,  0.00017071
-71.5000,-19.5000,  0.00017442
-71.5000,-18.5000,  0.00018164
-71.5000,-17.5000,  0.00019665
-71.5000,-16.5000,  0.00021445
-71.5000,-15.5000,  0.00025517
-71.5000,-14.5000,  0.00030561
-71.5000,-13.5000,  0.00035279
-71.5000,-12.5000,  0.00027898
-71.5000,-11.5000,  0.00035382
-71.5000,-10.5000,  0.00036557
-71.5000, -9.5000,  0.00019617
-71.5000, -8.5000,  0.00020151
-71.5000, -7.5000,  0.00020522
-71.5000, -6.5000,  0.00022878
-71.5000, -5.5000,  0.00023029
-71.5000, -4.5000,  0.00022852
-71.5000, -3.5000,  0.00037546
-71.5000, -2.5000,  0.00030748
-71.5000, -1.5000,  0.00037481
-71.5000, -0.5000,  0.00032467
-71.5000,  0.5000,  0.00035934
-71.5000,  1.5000,  0.00031317
-71.5000,  2.5000,  0.00027355
-71.5000,  3.5000,  0.00024158
-71.5000,  4.5000,  0.00021254
-71.5000,  5.5000,  0.00018587
-71.5000,  6.5000,  0.00016649
-71.5000,  7.5000,  0.00014887
-71.5000,  8.5000,  0.00013227
-71.5000,  9.5000,  0.00011648
-71.5000, 10.5000,  0.00010357
-71.5000, 11.5000,  0.00009239
-71.5000, 12.5000,  0.00008295
-70.5000,-36.5000,  0.00008588
-70.5000,-35.5000,  0.00009299
-70.5000,-34.5000,  0.00010129
-70.5000,-33.5000,  0.00010976
-70.5000,-32.5000,  0.00011942
-70.5000,-31.5000,  0.00012889
-70.5000,-30.5000,  0.00013757
-70.5000,-29.5000,  0.00014553
-70.5000,-28.5000,  0.00015401
-70.5000,-27.5000,  0.00016186
-70.5000,-26.5000,  0.00016478
-70.5000,-25.5000,  0.00017041
-70.5000,-24.5000,  0.00017220
-70.5000,-23.5000,  0.00017476
-70.5000,-22.5000,  0.00017679
-70.5000,-21.5000,  0.00018294
-70.5000,-20.5000,  0.00018713
-70.5000,-19.5000,  0.00019628
-70.5000,-18.5000,  0.00019977
-70.5000,-17.5000,  0.00021735
-70.5000,-16.5000,  0.00023573
-70.5000,-15.5000,  0.00027282
-70.5000,-14.5000,  0.00032791
-70.5000,-13.5000,  0.00025131
-70.5000,-12.5000,  0.00028434
-70.5000,-11.5000,  0.00034131
-70.5000,-10.5000,  0.00031424
-70.5000, -9.5000,  0.00040605
-70.5000, -8.5000,  0.00023149
-70.5000, -7.5000,  0.00024817
-70.5000, -6.5000,  0.00025664
-70.5000, -5.5000,  0.00026232
-70.5000, -4.5000,  0.00044569
-70.5000, -3.5000,  0.00038115
-70.5000, -2.5000,  0.00033787
-70.5000, -1.5000,  0.00041629
-70.5000, -0.5000,  0.00047984
-70.5000,  0.5000,  0.00041713
-70.5000,  1.5000,  0.00034985
-70.5000,  2.5000,  0.00030502
-70.5000,  3.5000,  0.00027599
-70.5000,  4.5000,  0.00024015
-70.5000,  5.5000,  0.00021428
-70.5000,  6.5000,  0.00019085
-70.5000,  7.5000,  0.00016976
-70.5000,  8.5000,  0.00014693
-70.5000,  9.5000,  0.00012878
-70.5000, 10.5000,  0.00011380
-70.5000, 11.5000,  0.00010055
-70.5000, 12.5000,  0.00008947
-69.5000,-36.5000,  0.00009267
-69.5000,-35.5000,  0.00010075
-69.5000,-34.5000,  0.00011067
-69.5000,-33.5000,  0.00012217
-69.5000,-32.5000,  0.00013309
-69.5000,-31.5000,  0.00014554
-69.5000,-30.5000,  0.00015660
-69.5000,-29.5000,  0.00016736
-69.5000,-28.5000,  0.00017876
-69.5000,-27.5000,  0.00018602
-69.5000,-26.5000,  0.00019136
-69.5000,-25.5000,  0.00019553
-69.5000,-24.5000,  0.00019987
-69.5000,-23.5000,  0.00020167
-69.5000,-22.5000,  0.00020140
-69.5000,-21.5000,  0.00020530
-69.5000,-20.5000,  0.00021251
-69.5000,-19.5000,  0.00021818
-69.5000,-18.5000,  0.00022433
-69.5000,-17.5000,  0.00023519
-69.5000,-16.5000,  0.00025555
-69.5000,-15.5000,  0.00028560
-69.5000,-14.5000,  0.00024822
-69.5000,-13.5000,  0.00026261
-69.5000,-12.5000,  0.00029284
-69.5000,-11.5000,  0.00033255
-69.5000,-10.5000,  0.00039266
-69.5000, -9.5000,  0.00034144
-69.5000, -8.5000,  0.00040447
-69.5000, -7.5000,  0.00028136
-69.5000, -6.5000,  0.00029054
-69.5000, -5.5000,  0.00048220
-69.5000, -4.5000,  0.00043877
-69.5000, -3.5000,  0.00039568
-69.5000, -2.5000,  0.00051851
-69.5000, -1.5000,  0.00061052
-69.5000, -0.5000,  0.00052026
-69.5000,  0.5000,  0.00044556
-69.5000,  1.5000,  0.00038365
-69.5000,  2.5000,  0.00033947
-69.5000,  3.5000,  0.00030732
-69.5000,  4.5000,  0.00027679
-69.5000,  5.5000,  0.00025002
-69.5000,  6.5000,  0.00022065
-69.5000,  7.5000,  0.00019006
-69.5000,  8.5000,  0.00016475
-69.5000,  9.5000,  0.00014329
-69.5000, 10.5000,  0.00012405
-69.5000, 11.5000,  0.00010831
-69.5000, 12.5000,  0.00009670
-68.5000,-36.5000,  0.00009994
-68.5000,-35.5000,  0.00010992
-68.5000,-34.5000,  0.00012127
-68.5000,-33.5000,  0.00013462
-68.5000,-32.5000,  0.00014978
-68.5000,-31.5000,  0.00016589
-68.5000,-30.5000,  0.00018086
-68.5000,-29.5000,  0.00019453
-68.5000,-28.5000,  0.00020950
-68.5000,-27.5000,  0.00021872
-68.5000,-26.5000,  0.00022620
-68.5000,-25.5000,  0.00023106
-68.5000,-24.5000,  0.00023099
-68.5000,-23.5000,  0.00022882
-68.5000,-22.5000,  0.00023010
-68.5000,-21.5000,  0.00023544
-68.5000,-20.5000,  0.00023887
-68.5000,-19.5000,  0.00024634
-68.5000,-18.5000,  0.00025175
-68.5000,-17.5000,  0.00025789
-68.5000,-16.5000,  0.00027555
-68.5000,-15.5000,  0.00030200
-68.5000,-14.5000,  0.00035715
-68.5000,-13.5000,  0.00027872
-68.5000,-12.5000,  0.00030426
-68.5000,-11.5000,  0.00033812
-68.5000,-10.5000,  0.00037934
-68.5000, -9.5000,  0.00042640
-68.5000, -8.5000,  0.00035780
-68.5000, -7.5000,  0.00041157
-68.5000, -6.5000,  0.00045506
-68.5000, -5.5000,  0.00045683
-68.5000, -4.5000,  0.00041673
-68.5000, -3.5000,  0.00059491
-68.5000, -2.5000,  0.00076247
-68.5000, -1.5000,  0.00064730
-68.5000, -0.5000,  0.00043149
-68.5000,  0.5000,  0.00048037
-68.5000,  1.5000,  0.00043365
-68.5000,  2.5000,  0.00038450
-68.5000,  3.5000,  0.00036147
-68.5000,  4.5000,  0.00032680
-68.5000,  5.5000,  0.00028870
-68.5000,  6.5000,  0.00024966
-68.5000,  7.5000,  0.00021478
-68.5000,  8.5000,  0.00018387
-68.5000,  9.5000,  0.00015692
-68.5000, 10.5000,  0.00013583
-68.5000, 11.5000,  0.00011792
-68.5000, 12.5000,  0.00010381
-67.5000,-36.5000,  0.00010847
-67.5000,-35.5000,  0.00011978
-67.5000,-34.5000,  0.00013313
-67.5000,-33.5000,  0.00015014
-67.5000,-32.5000,  0.00016963
-67.5000,-31.5000,  0.00018858
-67.5000,-30.5000,  0.00020944
-67.5000,-29.5000,  0.00022979
-67.5000,-28.5000,  0.00024924
-67.5000,-27.5000,  0.00026135
-67.5000,-26.5000,  0.00027302
-67.5000,-25.5000,  0.00027531
-67.5000,-24.5000,  0.00027079
-67.5000,-23.5000,  0.00026509
-67.5000,-22.5000,  0.00026246
-67.5000,-21.5000,  0.00026104
-67.5000,-20.5000,  0.00026804
-67.5000,-19.5000,  0.00027437
-67.5000,-18.5000,  0.00027938
-67.5000,-17.5000,  0.00028483
-67.5000,-16.5000,  0.00029850
-67.5000,-15.5000,  0.00032712
-67.5000,-14.5000,  0.00035530
-67.5000,-13.5000,  0.00041501
-67.5000,-12.5000,  0.00031913
-67.5000,-11.5000,  0.00034706
-67.5000,-10.5000,  0.00038157
-67.5000, -9.5000,  0.00041681
-67.5000, -8.5000,  0.00046780
-67.5000, -7.5000,  0.00039296
-67.5000, -6.5000,  0.00044011
-67.5000, -5.5000,  0.00045969
-67.5000, -4.5000,  0.00076576
-67.5000, -3.5000,  0.00079647
-67.5000, -2.5000,  0.00078010
-67.5000, -1.5000,  0.00049236
-67.5000, -0.5000,  0.00045283
-67.5000,  0.5000,  0.00042848
-67.5000,  1.5000,  0.00048794
-67.5000,  2.5000,  0.00046723
-67.5000,  3.5000,  0.00043655
-67.5000,  4.5000,  0.00038502
-67.5000,  5.5000,  0.00033387
-67.5000,  6.5000,  0.00028625
-67.5000,  7.5000,  0.00024283
-67.5000,  8.5000,  0.00020225
-67.5000,  9.5000,  0.00017322
-67.5000, 10.5000,  0.00014806
-67.5000, 11.5000,  0.00012735
-67.5000, 12.5000,  0.00011128
-66.5000,-36.5000,  0.00011780
-66.5000,-35.5000,  0.00013073
-66.5000,-34.5000,  0.00014544
-66.5000,-33.5000,  0.00016699
-66.5000,-32.5000,  0.00019093
-66.5000,-31.5000,  0.00021626
-66.5000,-30.5000,  0.00024511
-66.5000,-29.5000,  0.00027192
-66.5000,-28.5000,  0.00029748
-66.5000,-27.5000,  0.00031795
-66.5000,-26.5000,  0.00032958
-66.5000,-25.5000,  0.00032891
-66.5000,-24.5000,  0.00032264
-66.5000,-23.5000,  0.00031256
-66.5000,-22.5000,  0.00030061
-66.5000,-21.5000,  0.00029700
-66.5000,-20.5000,  0.00029480
-66.5000,-19.5000,  0.00030251
-66.5000,-18.5000,  0.00031058
-66.5000,-17.5000,  0.00032225
-66.5000,-16.5000,  0.00032757
-66.5000,-15.5000,  0.00034658
-66.5000,-14.5000,  0.00038201
-66.5000,-13.5000,  0.00040806
-66.5000,-12.5000,  0.00046280
-66.5000,-11.5000,  0.00036500
-66.5000,-10.5000,  0.00039331
-66.5000, -9.5000,  0.00043147
-66.5000, -8.5000,  0.00047640
-66.5000, -7.5000,  0.00064700
-66.5000, -6.5000,  0.00052148
-66.5000, -5.5000,  0.00074899
-66.5000, -4.5000,  0.00082541
-66.5000, -3.5000,  0.00070096
-66.5000, -2.5000,  0.00059015
-66.5000, -1.5000,  0.00056611
-66.5000, -0.5000,  0.00055978
-66.5000,  0.5000,  0.00053596
-66.5000,  1.5000,  0.00049587
-66.5000,  2.5000,  0.00058181
-66.5000,  3.5000,  0.00053988
-66.5000,  4.5000,  0.00046399
-66.5000,  5.5000,  0.00038919
-66.5000,  6.5000,  0.00032859
-66.5000,  7.5000,  0.00027410
-66.5000,  8.5000,  0.00022904
-66.5000,  9.5000,  0.00019262
-66.5000, 10.5000,  0.00016312
-66.5000, 11.5000,  0.00014010
-66.5000, 12.5000,  0.00011995
-65.5000,-36.5000,  0.00012623
-65.5000,-35.5000,  0.00014242
-65.5000,-34.5000,  0.00016032
-65.5000,-33.5000,  0.00018323
-65.5000,-32.5000,  0.00021432
-65.5000,-31.5000,  0.00024727
-65.5000,-30.5000,  0.00028603
-65.5000,-29.5000,  0.00032611
-65.5000,-28.5000,  0.00036495
-65.5000,-27.5000,  0.00039436
-65.5000,-26.5000,  0.00025293
-65.5000,-25.5000,  0.00040249
-65.5000,-24.5000,  0.00038615
-65.5000,-23.5000,  0.00036733
-65.5000,-22.5000,  0.00034819
-65.5000,-21.5000,  0.00033978
-65.5000,-20.5000,  0.00033456
-65.5000,-19.5000,  0.00033277
-65.5000,-18.5000,  0.00035022
-65.5000,-17.5000,  0.00035953
-65.5000,-16.5000,  0.00036606
-65.5000,-15.5000,  0.00037502
-65.5000,-14.5000,  0.00039841
-65.5000,-13.5000,  0.00043284
-65.5000,-12.5000,  0.00046558
-65.5000,-11.5000,  0.00049686
-65.5000,-10.5000,  0.00042036
-65.5000, -9.5000,  0.00045326
-65.5000, -8.5000,  0.00061694
-65.5000, -7.5000,  0.00067333
-65.5000, -6.5000,  0.00072788
-65.5000, -5.5000,  0.00082885
-65.5000, -4.5000,  0.00069738
-65.5000, -3.5000,  0.00055618
-65.5000, -2.5000,  0.00058022
-65.5000, -1.5000,  0.00070555
-65.5000, -0.5000,  0.00072243
-65.5000,  0.5000,  0.00046590
-65.5000,  1.5000,  0.00042784
-65.5000,  2.5000,  0.00057894
-65.5000,  3.5000,  0.00069101
-65.5000,  4.5000,  0.00056884
-65.5000,  5.5000,  0.00032607
-65.5000,  6.5000,  0.00038272
-65.5000,  7.5000,  0.00030663
-65.5000,  8.5000,  0.00025098
-65.5000,  9.5000,  0.00020809
-65.5000, 10.5000,  0.00017538
-65.5000, 11.5000,  0.00014888
-65.5000, 12.5000,  0.00012876
-64.5000,-36.5000,  0.00013630
-64.5000,-35.5000,  0.00015266
-64.5000,-34.5000,  0.00017506
-64.5000,-33.5000,  0.00020260
-64.5000,-32.5000,  0.00023978
-64.5000,-31.5000,  0.00028196
-64.5000,-30.5000,  0.00033237
-64.5000,-29.5000,  0.00038583
-64.5000,-28.5000,  0.00045047
-64.5000,-27.5000,  0.00029677
-64.5000,-26.5000,  0.00026336
-64.5000,-25.5000,  0.00030338
-64.5000,-24.5000,  0.00047358
-64.5000,-23.5000,  0.00043278
-64.5000,-22.5000,  0.00041129
-64.5000,-21.5000,  0.00039299
-64.5000,-20.5000,  0.00038198
-64.5000,-19.5000,  0.00038437
-64.5000,-18.5000,  0.00038743
-64.5000,-17.5000,  0.00040579
-64.5000,-16.5000,  0.00041577
-64.5000,-15.5000,  0.00042592
-64.5000,-14.5000,  0.00044208
-64.5000,-13.5000,  0.00046930
-64.5000,-12.5000,  0.00049140
-64.5000,-11.5000,  0.00052148
-64.5000,-10.5000,  0.00055730
-64.5000, -9.5000,  0.00059496
-64.5000, -8.5000,  0.00063364
-64.5000, -7.5000,  0.00066207
-64.5000, -6.5000,  0.00074718
-64.5000, -5.5000,  0.00066658
-64.5000, -4.5000,  0.00061860
-64.5000, -3.5000,  0.00066271
-64.5000, -2.5000,  0.00070478
-64.5000, -1.5000,  0.00075883
-64.5000, -0.5000,  0.00068744
-64.5000,  0.5000,  0.00057551
-64.5000,  1.5000,  0.00050195
-64.5000,  2.5000,  0.00044082
-64.5000,  3.5000,  0.00064916
-64.5000,  4.5000,  0.00043872
-64.5000,  5.5000,  0.00036218
-64.5000,  6.5000,  0.00029749
-64.5000,  7.5000,  0.00033528
-64.5000,  8.5000,  0.00027264
-64.5000,  9.5000,  0.00022276
-64.5000, 10.5000,  0.00018660
-64.5000, 11.5000,  0.00015804
-64.5000, 12.5000,  0.00013452
-63.5000,-36.5000,  0.00014942
-63.5000,-35.5000,  0.00016649
-63.5000,-34.5000,  0.00018848
-63.5000,-33.5000,  0.00022183
-63.5000,-32.5000,  0.00026655
-63.5000,-31.5000,  0.00031711
-63.5000,-30.5000,  0.00038328
-63.5000,-29.5000,  0.00046119
-63.5000,-28.5000,  0.00034419
-63.5000,-27.5000,  0.00030417
-63.5000,-26.5000,  0.00031102
-63.5000,-25.5000,  0.00030641
-63.5000,-24.5000,  0.00035554
-63.5000,-23.5000,  0.00052345
-63.5000,-22.5000,  0.00048529
-63.5000,-21.5000,  0.00046305
-63.5000,-20.5000,  0.00045193
-63.5000,-19.5000,  0.00044605
-63.5000,-18.5000,  0.00045229
-63.5000,-17.5000,  0.00046327
-63.5000,-16.5000,  0.00047291
-63.5000,-15.5000,  0.00047325
-63.5000,-14.5000,  0.00049921
-63.5000,-13.5000,  0.00051092
-63.5000,-12.5000,  0.00052762
-63.5000,-11.5000,  0.00056024
-63.5000,-10.5000,  0.00058674
-63.5000, -9.5000,  0.00062555
-63.5000, -8.5000,  0.00064409
-63.5000, -7.5000,  0.00066548
-63.5000, -6.5000,  0.00063015
-63.5000, -5.5000,  0.00071893
-63.5000, -4.5000,  0.00072219
-63.5000, -3.5000,  0.00066673
-63.5000, -2.5000,  0.00069030
-63.5000, -1.5000,  0.00052595
-63.5000, -0.5000,  0.00053058
-63.5000,  0.5000,  0.00075465
-63.5000,  1.5000,  0.00065275
-63.5000,  2.5000,  0.00051125
-63.5000,  3.5000,  0.00037910
-63.5000,  4.5000,  0.00051655
-63.5000,  5.5000,  0.00041927
-63.5000,  6.5000,  0.00032811
-63.5000,  7.5000,  0.00026204
-63.5000,  8.5000,  0.00029300
-63.5000,  9.5000,  0.00023768
-63.5000, 10.5000,  0.00019349
-63.5000, 11.5000,  0.00016208
-63.5000, 12.5000,  0.00014234
-62.5000,-36.5000,  0.00016301
-62.5000,-35.5000,  0.00018294
-62.5000,-34.5000,  0.00020642
-62.5000,-33.5000,  0.00023965
-62.5000,-32.5000,  0.00029062
-62.5000,-31.5000,  0.00035178
-62.5000,-30.5000,  0.00043419
-62.5000,-29.5000,  0.00037476
-62.5000,-28.5000,  0.00034257
-62.5000,-27.5000,  0.00036697
-62.5000,-26.5000,  0.00038120
-62.5000,-25.5000,  0.00038419
-62.5000,-24.5000,  0.00034463
-62.5000,-23.5000,  0.00040117
-62.5000,-22.5000,  0.00056861
-62.5000,-21.5000,  0.00054079
-62.5000,-20.5000,  0.00050687
-62.5000,-19.5000,  0.00053627
-62.5000,-18.5000,  0.00053653
-62.5000,-17.5000,  0.00053656
-62.5000,-16.5000,  0.00055813
-62.5000,-15.5000,  0.00055636
-62.5000,-14.5000,  0.00055990
-62.5000,-13.5000,  0.00058526
-62.5000,-12.5000,  0.00060473
-62.5000,-11.5000,  0.00063699
-62.5000,-10.5000,  0.00065161
-62.5000, -9.5000,  0.00066652
-62.5000, -8.5000,  0.00066854
-62.5000, -7.5000,  0.00063867
-62.5000, -6.5000,  0.00068759
-62.5000, -5.5000,  0.00084318
-62.5000, -4.5000,  0.00094781
-62.5000, -3.5000,  0.00068878
-62.5000, -2.5000,  0.00043774
-62.5000, -1.5000,  0.00044871
-62.5000, -0.5000,  0.00054737
-62.5000,  0.5000,  0.00056326
-62.5000,  1.5000,  0.00086027
-62.5000,  2.5000,  0.00058763
-62.5000,  3.5000,  0.00073356
-62.5000,  4.5000,  0.00052991
-62.5000,  5.5000,  0.00047013
-62.5000,  6.5000,  0.00036059
-62.5000,  7.5000,  0.00028271
-62.5000,  8.5000,  0.00022939
-62.5000,  9.5000,  0.00025026
-62.5000, 10.5000,  0.00020550
-62.5000, 11.5000,  0.00017086
-62.5000, 12.5000,  0.00014531
-61.5000,-36.5000,  0.00017359
-61.5000,-35.5000,  0.00020035
-61.5000,-34.5000,  0.00022717
-61.5000,-33.5000,  0.00025861
-61.5000,-32.5000,  0.00031343
-61.5000,-31.5000,  0.00038131
-61.5000,-30.5000,  0.00037031
-61.5000,-29.5000,  0.00037266
-61.5000,-28.5000,  0.00043196
-61.5000,-27.5000,  0.00045834
-61.5000,-26.5000,  0.00049326
-61.5000,-25.5000,  0.00038036
-61.5000,-24.5000,  0.00039973
-61.5000,-23.5000,  0.00041978
-61.5000,-22.5000,  0.00045838
-61.5000,-21.5000,  0.00058141
-61.5000,-20.5000,  0.00059048
-61.5000,-19.5000,  0.00061714
-61.5000,-18.5000,  0.00065746
-61.5000,-17.5000,  0.00065677
-61.5000,-16.5000,  0.00066883
-61.5000,-15.5000,  0.00065841
-61.5000,-14.5000,  0.00067249
-61.5000,-13.5000,  0.00069189
-61.5000,-12.5000,  0.00052574
-61.5000,-11.5000,  0.00061490
-61.5000,-10.5000,  0.00061545
-61.5000, -9.5000,  0.00072563
-61.5000, -8.5000,  0.00070702
-61.5000, -7.5000,  0.00068092
-61.5000, -6.5000,  0.00078190
-61.5000, -5.5000,  0.00083650
-61.5000, -4.5000,  0.00072697
-61.5000, -3.5000,  0.00071253
-61.5000, -2.5000,  0.00047881
-61.5000, -1.5000,  0.00040794
-61.5000, -0.5000,  0.00038927
-61.5000,  0.5000,  0.00057914
-61.5000,  1.5000,  0.00054383
-61.5000,  2.5000,  0.00057933
-61.5000,  3.5000,  0.00082351
-61.5000,  4.5000,  0.00059143
-61.5000,  5.5000,  0.00043393
-61.5000,  6.5000,  0.00039496
-61.5000,  7.5000,  0.00030421
-61.5000,  8.5000,  0.00024264
-61.5000,  9.5000,  0.00020058
-61.5000, 10.5000,  0.00021054
-61.5000, 11.5000,  0.00017415
-61.5000, 12.5000,  0.00015018
-60.5000,-36.5000,  0.00018298
-60.5000,-35.5000,  0.00021581
-60.5000,-34.5000,  0.00024556
-60.5000,-33.5000,  0.00028291
-60.5000,-32.5000,  0.00033514
-60.5000,-31.5000,  0.00041076
-60.5000,-30.5000,  0.00038014
-60.5000,-29.5000,  0.00046013
-60.5000,-28.5000,  0.00051985
-60.5000,-27.5000,  0.00040670
-60.5000,-26.5000,  0.00033237
-60.5000,-25.5000,  0.00044086
-60.5000,-24.5000,  0.00048645
-60.5000,-23.5000,  0.00051125
-60.5000,-22.5000,  0.00049246
-60.5000,-21.5000,  0.00064884
-60.5000,-20.5000,  0.00069770
-60.5000,-19.5000,  0.00075391
-60.5000,-18.5000,  0.00049442
-60.5000,-17.5000,  0.00052827
-60.5000,-16.5000,  0.00082176
-60.5000,-15.5000,  0.00080252
-60.5000,-14.5000,  0.00081931
-60.5000,-13.5000,  0.00058602
-60.5000,-12.5000,  0.00050035
-60.5000,-11.5000,  0.00049796
-60.5000,-10.5000,  0.00069270
-60.5000, -9.5000,  0.00069266
-60.5000, -8.5000,  0.00074223
-60.5000, -7.5000,  0.00072692
-60.5000, -6.5000,  0.00079887
-60.5000, -5.5000,  0.00067239
-60.5000, -4.5000,  0.00074257
-60.5000, -3.5000,  0.00085937
-60.5000, -2.5000,  0.00056904
-60.5000, -1.5000,  0.00042387
-60.5000, -0.5000,  0.00040771
-60.5000,  0.5000,  0.00055947
-60.5000,  1.5000,  0.00048852
-60.5000,  2.5000,  0.00059224
-60.5000,  3.5000,  0.00047371
-60.5000,  4.5000,  0.00061792
-60.5000,  5.5000,  0.00057171
-60.5000,  6.5000,  0.00041783
-60.5000,  7.5000,  0.00031905
-60.5000,  8.5000,  0.00025120
-60.5000,  9.5000,  0.00020570
-60.5000, 10.5000,  0.00021371
-60.5000, 11.5000,  0.00017912
-60.5000, 12.5000,  0.00015273
-59.5000,-36.5000,  0.00019732
-59.5000,-35.5000,  0.00022772
-59.5000,-34.5000,  0.00026561
-59.5000,-33.5000,  0.00030331
-59.5000,-32.5000,  0.00035563
-59.5000,-31.5000,  0.00043825
-59.5000,-30.5000,  0.00052226
-59.5000,-29.5000,  0.00056769
-59.5000,-28.5000,  0.00042767
-59.5000,-27.5000,  0.00034183
-59.5000,-26.5000,  0.00037712
-59.5000,-25.5000,  0.00041240
-59.5000,-24.5000,  0.00057124
-59.5000,-23.5000,  0.00059179
-59.5000,-22.5000,  0.00069497
-59.5000,-21.5000,  0.00073738
-59.5000,-20.5000,  0.00074806
-59.5000,-19.5000,  0.00054287
-59.5000,-18.5000,  0.00056917
-59.5000,-17.5000,  0.00056480
-59.5000,-16.5000,  0.00065536
-59.5000,-15.5000,  0.00099673
-59.5000,-14.5000,  0.00068529
-59.5000,-13.5000,  0.00057240
-59.5000,-12.5000,  0.00055067
-59.5000,-11.5000,  0.00056433
-59.5000,-10.5000,  0.00054272
-59.5000, -9.5000,  0.00072758
-59.5000, -8.5000,  0.00073228
-59.5000, -7.5000,  0.00075831
-59.5000, -6.5000,  0.00072218
-59.5000, -5.5000,  0.00069061
-59.5000, -4.5000,  0.00076710
-59.5000, -3.5000,  0.00061606
-59.5000, -2.5000,  0.00069048
-59.5000, -1.5000,  0.00057086
-59.5000, -0.5000,  0.00060113
-59.5000,  0.5000,  0.00079813
-59.5000,  1.5000,  0.00076891
-59.5000,  2.5000,  0.00043538
-59.5000,  3.5000,  0.00044096
-59.5000,  4.5000,  0.00048311
-59.5000,  5.5000,  0.00056454
-59.5000,  6.5000,  0.00041414
-59.5000,  7.5000,  0.00032037
-59.5000,  8.5000,  0.00025534
-59.5000,  9.5000,  0.00025922
-59.5000, 10.5000,  0.00021462
-59.5000, 11.5000,  0.00018047
-59.5000, 12.5000,  0.00015310
-58.5000,-36.5000,  0.00021476
-58.5000,-35.5000,  0.00024269
-58.5000,-34.5000,  0.00028542
-58.5000,-33.5000,  0.00032880
-58.5000,-32.5000,  0.00038544
-58.5000,-31.5000,  0.00047628
-58.5000,-30.5000,  0.00062090
-58.5000,-29.5000,  0.00052631
-58.5000,-28.5000,  0.00036744
-58.5000,-27.5000,  0.00042022
-58.5000,-26.5000,  0.00042457
-58.5000,-25.5000,  0.00047114
-58.5000,-24.5000,  0.00046712
-58.5000,-23.5000,  0.00080112
-58.5000,-22.5000,  0.00085443
-58.5000,-21.5000,  0.00075708
-58.5000,-20.5000,  0.00052908
-58.5000,-19.5000,  0.00053081
-58.5000,-18.5000,  0.00058270
-58.5000,-17.5000,  0.00063008
-58.5000,-16.5000,  0.00069553
-58.5000,-15.5000,  0.00060480
-58.5000,-14.5000,  0.00072853
-58.5000,-13.5000,  0.00064452
-58.5000,-12.5000,  0.00067711
-58.5000,-11.5000,  0.00057599
-58.5000,-10.5000,  0.00062627
-58.5000, -9.5000,  0.00061974
-58.5000, -8.5000,  0.00073972
-58.5000, -7.5000,  0.00076168
-58.5000, -6.5000,  0.00090600
-58.5000, -5.5000,  0.00074499
-58.5000, -4.5000,  0.00074120
-58.5000, -3.5000,  0.00063396
-58.5000, -2.5000,  0.00065333
-58.5000, -1.5000,  0.00084013
-58.5000, -0.5000,  0.00074219
-58.5000,  0.5000,  0.00071150
-58.5000,  1.5000,  0.00080723
-58.5000,  2.5000,  0.00076130
-58.5000,  3.5000,  0.00052585
-58.5000,  4.5000,  0.00048184
-58.5000,  5.5000,  0.00053847
-58.5000,  6.5000,  0.00040752
-58.5000,  7.5000,  0.00031912
-58.5000,  8.5000,  0.00031358
-58.5000,  9.5000,  0.00025709
-58.5000, 10.5000,  0.00021585
-58.5000, 11.5000,  0.00018278
-58.5000, 12.5000,  0.00015428
-57.5000,-36.5000,  0.00023490
-57.5000,-35.5000,  0.00026744
-57.5000,-34.5000,  0.00030409
-57.5000,-33.5000,  0.00035572
-57.5000,-32.5000,  0.00041667
-57.5000,-31.5000,  0.00051590
-57.5000,-30.5000,  0.00048955
-57.5000,-29.5000,  0.00053987
-57.5000,-28.5000,  0.00056477
-57.5000,-27.5000,  0.00047936
-57.5000,-26.5000,  0.00052652
-57.5000,-25.5000,  0.00052844
-57.5000,-24.5000,  0.00065056
-57.5000,-23.5000,  0.00069562
-57.5000,-22.5000,  0.00076566
-57.5000,-21.5000,  0.00065544
-57.5000,-20.5000,  0.00060321
-57.5000,-19.5000,  0.00066548
-57.5000,-18.5000,  0.00064088
-57.5000,-17.5000,  0.00066973
-57.5000,-16.5000,  0.00057798
-57.5000,-15.5000,  0.00053423
-57.5000,-14.5000,  0.00056670
-57.5000,-13.5000,  0.00078451
-57.5000,-12.5000,  0.00069094
-57.5000,-11.5000,  0.00054259
-57.5000,-10.5000,  0.00062933
-57.5000, -9.5000,  0.00067218
-57.5000, -8.5000,  0.00061457
-57.5000, -7.5000,  0.00075316
-57.5000, -6.5000,  0.00087146
-57.5000, -5.5000,  0.00093630
-57.5000, -4.5000,  0.00086789
-57.5000, -3.5000,  0.00074595
-57.5000, -2.5000,  0.00073427
-57.5000, -1.5000,  0.00077707
-57.5000, -0.5000,  0.00081493
-57.5000,  0.5000,  0.00076647
-57.5000,  1.5000,  0.00077971
-57.5000,  2.5000,  0.00111729
-57.5000,  3.5000,  0.00096944
-57.5000,  4.5000,  0.00067739
-57.5000,  5.5000,  0.00051251
-57.5000,  6.5000,  0.00039385
-57.5000,  7.5000,  0.00037151
-57.5000,  8.5000,  0.00030406
-57.5000,  9.5000,  0.00025365
-57.5000, 10.5000,  0.00021171
-57.5000, 11.5000,  0.00018001
-57.5000, 12.5000,  0.00015515
-56.5000,-36.5000,  0.00025195
-56.5000,-35.5000,  0.00028903
-56.5000,-34.5000,  0.00033107
-56.5000,-33.5000,  0.00038222
-56.5000,-32.5000,  0.00045367
-56.5000,-31.5000,  0.00043660
-56.5000,-30.5000,  0.00050086
-56.5000,-29.5000,  0.00056927
-56.5000,-28.5000,  0.00059882
-56.5000,-27.5000,  0.00059553
-56.5000,-26.5000,  0.00058595
-56.5000,-25.5000,  0.00067253
-56.5000,-24.5000,  0.00081520
-56.5000,-23.5000,  0.00068109
-56.5000,-22.5000,  0.00066663
-56.5000,-21.5000,  0.00074207
-56.5000,-20.5000,  0.00078142
-56.5000,-19.5000,  0.00073541
-56.5000,-18.5000,  0.00070110
-56.5000,-17.5000,  0.00073838
-56.5000,-16.5000,  0.00065367
-56.5000,-15.5000,  0.00065781
-56.5000,-14.5000,  0.00059618
-56.5000,-13.5000,  0.00069703
-56.5000,-12.5000,  0.00072701
-56.5000,-11.5000,  0.00056465
-56.5000,-10.5000,  0.00067261
-56.5000, -9.5000,  0.00070319
-56.5000, -8.5000,  0.00064755
-56.5000, -7.5000,  0.00074382
-56.5000, -6.5000,  0.00084430
-56.5000, -5.5000,  0.00099230
-56.5000, -4.5000,  0.00092610
-56.5000, -3.5000,  0.00094182
-56.5000, -2.5000,  0.00079195
-56.5000, -1.5000,  0.00073207
-56.5000, -0.5000,  0.00079386
-56.5000,  0.5000,  0.00084603
-56.5000,  1.5000,  0.00095772
-56.5000,  2.5000,  0.00087614
-56.5000,  3.5000,  0.00080399
-56.5000,  4.5000,  0.00064719
-56.5000,  5.5000,  0.00047381
-56.5000,  6.5000,  0.00042889
-56.5000,  7.5000,  0.00035877
-56.5000,  8.5000,  0.00029902
-56.5000,  9.5000,  0.00025084
-56.5000, 10.5000,  0.00021242
-56.5000, 11.5000,  0.00018207
-56.5000, 12.5000,  0.00015629
-55.5000,-36.5000,  0.00026588
-55.5000,-35.5000,  0.00030718
-55.5000,-34.5000,  0.00035077
-55.5000,-33.5000,  0.00040342
-55.5000,-32.5000,  0.00046709
-55.5000,-31.5000,  0.00057384
-55.5000,-30.5000,  0.00052303
-55.5000,-29.5000,  0.00059128
-55.5000,-28.5000,  0.00069865
-55.5000,-27.5000,  0.00066984
-55.5000,-26.5000,  0.00070650
-55.5000,-25.5000,  0.00080876
-55.5000,-24.5000,  0.00077933
-55.5000,-23.5000,  0.00090936
-55.5000,-22.5000,  0.00085802
-55.5000,-21.5000,  0.00088914
-55.5000,-20.5000,  0.00088314
-55.5000,-19.5000,  0.00083575
-55.5000,-18.5000,  0.00079898
-55.5000,-17.5000,  0.00088764
-55.5000,-16.5000,  0.00085055
-55.5000,-15.5000,  0.00067607
-55.5000,-14.5000,  0.00076321
-55.5000,-13.5000,  0.00082678
-55.5000,-12.5000,  0.00076314
-55.5000,-11.5000,  0.00074263
-55.5000,-10.5000,  0.00073294
-55.5000, -9.5000,  0.00074419
-55.5000, -8.5000,  0.00074390
-55.5000, -7.5000,  0.00077989
-55.5000, -6.5000,  0.00084126
-55.5000, -5.5000,  0.00093476
-55.5000, -4.5000,  0.00097463
-55.5000, -3.5000,  0.00089907
-55.5000, -2.5000,  0.00089056
-55.5000, -1.5000,  0.00082806
-55.5000, -0.5000,  0.00077675
-55.5000,  0.5000,  0.00084613
-55.5000,  1.5000,  0.00080327
-55.5000,  2.5000,  0.00075857
-55.5000,  3.5000,  0.00069379
-55.5000,  4.5000,  0.00058498
-55.5000,  5.5000,  0.00048671
-55.5000,  6.5000,  0.00043022
-55.5000,  7.5000,  0.00035703
-55.5000,  8.5000,  0.00029750
-55.5000,  9.5000,  0.00024932
-55.5000, 10.5000,  0.00020975
-55.5000, 11.5000,  0.00017940
-55.5000, 12.5000,  0.00015767
-54.5000,-36.5000,  0.00027584
-54.5000,-35.5000,  0.00031905
-54.5000,-34.5000,  0.00037160
-54.5000,-33.5000,  0.00042840
-54.5000,-32.5000,  0.00049795
-54.5000,-31.5000,  0.00057870
-54.5000,-30.5000,  0.00071174
-54.5000,-29.5000,  0.00064047
-54.5000,-28.5000,  0.00071497
-54.5000,-27.5000,  0.00081921
-54.5000,-26.5000,  0.00083780
-54.5000,-25.5000,  0.00083714
-54.5000,-24.5000,  0.00094161
-54.5000,-23.5000,  0.00101891
-54.5000,-22.5000,  0.00117227
-54.5000,-21.5000,  0.00096984
-54.5000,-20.5000,  0.00099025
-54.5000,-19.5000,  0.00097194
-54.5000,-18.5000,  0.00095045
-54.5000,-17.5000,  0.00097150
-54.5000,-16.5000,  0.00091136
-54.5000,-15.5000,  0.00087808
-54.5000,-14.5000,  0.00094605
-54.5000,-13.5000,  0.00088220
-54.5000,-12.5000,  0.00076877
-54.5000,-11.5000,  0.00075622
-54.5000,-10.5000,  0.00077220
-54.5000, -9.5000,  0.00076994
-54.5000, -8.5000,  0.00089645
-54.5000, -7.5000,  0.00077675
-54.5000, -6.5000,  0.00084227
-54.5000, -5.5000,  0.00084830
-54.5000, -4.5000,  0.00082420
-54.5000, -3.5000,  0.00095064
-54.5000, -2.5000,  0.00093118
-54.5000, -1.5000,  0.00088130
-54.5000, -0.5000,  0.00082245
-54.5000,  0.5000,  0.00075516
-54.5000,  1.5000,  0.00074330
-54.5000,  2.5000,  0.00065753
-54.5000,  3.5000,  0.00060103
-54.5000,  4.5000,  0.00054049
-54.5000,  5.5000,  0.00046388
-54.5000,  6.5000,  0.00039689
-54.5000,  7.5000,  0.00037351
-54.5000,  8.5000,  0.00031285
-54.5000,  9.5000,  0.00025913
-54.5000, 10.5000,  0.00021415
-54.5000, 11.5000,  0.00017968
-54.5000, 12.5000,  0.00015526
-53.5000,-36.5000,  0.00027590
-53.5000,-35.5000,  0.00032975
-53.5000,-34.5000,  0.00038646
-53.5000,-33.5000,  0.00045424
-53.5000,-32.5000,  0.00053194
-53.5000,-31.5000,  0.00051528
-53.5000,-30.5000,  0.00071625
-53.5000,-29.5000,  0.00084648
-53.5000,-28.5000,  0.00079189
-53.5000,-27.5000,  0.00089027
-53.5000,-26.5000,  0.00087564
-53.5000,-25.5000,  0.00094859
-53.5000,-24.5000,  0.00120800
-53.5000,-23.5000,  0.00111934
-53.5000,-22.5000,  0.00107646
-53.5000,-21.5000,  0.00121446
-53.5000,-20.5000,  0.00106155
-53.5000,-19.5000,  0.00113680
-53.5000,-18.5000,  0.00110181
-53.5000,-17.5000,  0.00100786
-53.5000,-16.5000,  0.00104146
-53.5000,-15.5000,  0.00121403
-53.5000,-14.5000,  0.00105574
-53.5000,-13.5000,  0.00080350
-53.5000,-12.5000,  0.00081980
-53.5000,-11.5000,  0.00072306
-53.5000,-10.5000,  0.00079706
-53.5000, -9.5000,  0.00092472
-53.5000, -8.5000,  0.00090405
-53.5000, -7.5000,  0.00090834
-53.5000, -6.5000,  0.00079124
-53.5000, -5.5000,  0.00081018
-53.5000, -4.5000,  0.00075450
-53.5000, -3.5000,  0.00076567
-53.5000, -2.5000,  0.00094709
-53.5000, -1.5000,  0.00082976
-53.5000, -0.5000,  0.00078708
-53.5000,  0.5000,  0.00075255
-53.5000,  1.5000,  0.00071682
-53.5000,  2.5000,  0.00067325
-53.5000,  3.5000,  0.00062518
-53.5000,  4.5000,  0.00056370
-53.5000,  5.5000,  0.00048952
-53.5000,  6.5000,  0.00042239
-53.5000,  7.5000,  0.00035641
-53.5000,  8.5000,  0.00030925
-53.5000,  9.5000,  0.00026297
-53.5000, 10.5000,  0.00022298
-53.5000, 11.5000,  0.00018409
-53.5000, 12.5000,  0.00015574
-52.5000,-36.5000,  0.00027036
-52.5000,-35.5000,  0.00032050
-52.5000,-34.5000,  0.00037490
-52.5000,-33.5000,  0.00044598
-52.5000,-32.5000,  0.00043978
-52.5000,-31.5000,  0.00051762
-52.5000,-30.5000,  0.00063579
-52.5000,-29.5000,  0.00088270
-52.5000,-28.5000,  0.00107284
-52.5000,-27.5000,  0.00090641
-52.5000,-26.5000,  0.00096565
-52.5000,-25.5000,  0.00110551
-52.5000,-24.5000,  0.00110837
-52.5000,-23.5000,  0.00123048
-52.5000,-22.5000,  0.00125636
-52.5000,-21.5000,  0.00123547
-52.5000,-20.5000,  0.00119771
-52.5000,-19.5000,  0.00108906
-52.5000,-18.5000,  0.00122442
-52.5000,-17.5000,  0.00132303
-52.5000,-16.5000,  0.00136910
-52.5000,-15.5000,  0.00117500
-52.5000,-14.5000,  0.00101531
-52.5000,-13.5000,  0.00090717
-52.5000,-12.5000,  0.00082245
-52.5000,-11.5000,  0.00076745
-52.5000,-10.5000,  0.00097440
-52.5000, -9.5000,  0.00104813
-52.5000, -8.5000,  0.00087718
-52.5000, -7.5000,  0.00085735
-52.5000, -6.5000,  0.00081830
-52.5000, -5.5000,  0.00072985
-52.5000, -4.5000,  0.00075288
-52.5000, -3.5000,  0.00075427
-52.5000, -2.5000,  0.00073258
-52.5000, -1.5000,  0.00082760
-52.5000, -0.5000,  0.00080731
-52.5000,  0.5000,  0.00075994
-52.5000,  1.5000,  0.00069982
-52.5000,  2.5000,  0.00073877
-52.5000,  3.5000,  0.00051983
-52.5000,  4.5000,  0.00057017
-52.5000,  5.5000,  0.00048498
-52.5000,  6.5000,  0.00041274
-52.5000,  7.5000,  0.00035297
-52.5000,  8.5000,  0.00030090
-52.5000,  9.5000,  0.00025776
-52.5000, 10.5000,  0.00022041
-52.5000, 11.5000,  0.00018832
-52.5000, 12.5000,  0.00015877
-51.5000,-36.5000,  0.00026283
-51.5000,-35.5000,  0.00030722
-51.5000,-34.5000,  0.00036516
-51.5000,-33.5000,  0.00038448
-51.5000,-32.5000,  0.00044772
-51.5000,-31.5000,  0.00053343
-51.5000,-30.5000,  0.00064844
-51.5000,-29.5000,  0.00079566
-51.5000,-28.5000,  0.00109540
-51.5000,-27.5000,  0.00111217
-51.5000,-26.5000,  0.00106973
-51.5000,-25.5000,  0.00108818
-51.5000,-24.5000,  0.00112700
-51.5000,-23.5000,  0.00127457
-51.5000,-22.5000,  0.00147797
-51.5000,-21.5000,  0.00135646
-51.5000,-20.5000,  0.00118060
-51.5000,-19.5000,  0.00107200
-51.5000,-18.5000,  0.00116993
-51.5000,-17.5000,  0.00151226
-51.5000,-16.5000,  0.00125283
-51.5000,-15.5000,  0.00108585
-51.5000,-14.5000,  0.00101745
-51.5000,-13.5000,  0.00091420
-51.5000,-12.5000,  0.00081755
-51.5000,-11.5000,  0.00077408
-51.5000,-10.5000,  0.00086255
-51.5000, -9.5000,  0.00099668
-51.5000, -8.5000,  0.00076209
-51.5000, -7.5000,  0.00075655
-51.5000, -6.5000,  0.00090301
-51.5000, -5.5000,  0.00075958
-51.5000, -4.5000,  0.00071045
-51.5000, -3.5000,  0.00071827
-51.5000, -2.5000,  0.00073857
-51.5000, -1.5000,  0.00078478
-51.5000, -0.5000,  0.00076713
-51.5000,  0.5000,  0.00074808
-51.5000,  1.5000,  0.00067719
-51.5000,  2.5000,  0.00054785
-51.5000,  3.5000,  0.00054308
-51.5000,  4.5000,  0.00040212
-51.5000,  5.5000,  0.00042679
-51.5000,  6.5000,  0.00041058
-51.5000,  7.5000,  0.00035178
-51.5000,  8.5000,  0.00029606
-51.5000,  9.5000,  0.00025492
-51.5000, 10.5000,  0.00021630
-51.5000, 11.5000,  0.00018393
-51.5000, 12.5000,  0.00015884
-50.5000,-36.5000,  0.00025481
-50.5000,-35.5000,  0.00029818
-50.5000,-34.5000,  0.00033425
-50.5000,-33.5000,  0.00038329
-50.5000,-32.5000,  0.00045739
-50.5000,-31.5000,  0.00054958
-50.5000,-30.5000,  0.00067374
-50.5000,-29.5000,  0.00083717
-50.5000,-28.5000,  0.00089870
-50.5000,-27.5000,  0.00121069
-50.5000,-26.5000,  0.00105022
-50.5000,-25.5000,  0.00117748
-50.5000,-24.5000,  0.00126232
-50.5000,-23.5000,  0.00139512
-50.5000,-22.5000,  0.00123467
-50.5000,-21.5000,  0.00123362
-50.5000,-20.5000,  0.00119260
-50.5000,-19.5000,  0.00127999
-50.5000,-18.5000,  0.00112843
-50.5000,-17.5000,  0.00111529
-50.5000,-16.5000,  0.00134437
-50.5000,-15.5000,  0.00115334
-50.5000,-14.5000,  0.00103748
-50.5000,-13.5000,  0.00091140
-50.5000,-12.5000,  0.00083782
-50.5000,-11.5000,  0.00076997
-50.5000,-10.5000,  0.00071174
-50.5000, -9.5000,  0.00074019
-50.5000, -8.5000,  0.00087264
-50.5000, -7.5000,  0.00078213
-50.5000, -6.5000,  0.00071866
-50.5000, -5.5000,  0.00080540
-50.5000, -4.5000,  0.00069595
-50.5000, -3.5000,  0.00072200
-50.5000, -2.5000,  0.00077513
-50.5000, -1.5000,  0.00073751
-50.5000, -0.5000,  0.00073141
-50.5000,  0.5000,  0.00071125
-50.5000,  1.5000,  0.00067096
-50.5000,  2.5000,  0.00056480
-50.5000,  3.5000,  0.00043987
-50.5000,  4.5000,  0.00039601
-50.5000,  5.5000,  0.00034158
-50.5000,  6.5000,  0.00036269
-50.5000,  7.5000,  0.00034601
-50.5000,  8.5000,  0.00029349
-50.5000,  9.5000,  0.00025101
-50.5000, 10.5000,  0.00021065
-50.5000, 11.5000,  0.00018042
-50.5000, 12.5000,  0.00015482
-49.5000,-36.5000,  0.00024878
-49.5000,-35.5000,  0.00028744
-49.5000,-34.5000,  0.00033364
-49.5000,-33.5000,  0.00038796
-49.5000,-32.5000,  0.00046290
-49.5000,-31.5000,  0.00056694
-49.5000,-30.5000,  0.00070225
-49.5000,-29.5000,  0.00082373
-49.5000,-28.5000,  0.00105866
-49.5000,-27.5000,  0.00096483
-49.5000,-26.5000,  0.00106279
-49.5000,-25.5000,  0.00113293
-49.5000,-24.5000,  0.00144618
-49.5000,-23.5000,  0.00105775
-49.5000,-22.5000,  0.00109641
-49.5000,-21.5000,  0.00110266
-49.5000,-20.5000,  0.00111069
-49.5000,-19.5000,  0.00114525
-49.5000,-18.5000,  0.00136485
-49.5000,-17.5000,  0.00109785
-49.5000,-16.5000,  0.00103745
-49.5000,-15.5000,  0.00118670
-49.5000,-14.5000,  0.00093091
-49.5000,-13.5000,  0.00082779
-49.5000,-12.5000,  0.00087244
-49.5000,-11.5000,  0.00079753
-49.5000,-10.5000,  0.00093835
-49.5000, -9.5000,  0.00072694
-49.5000, -8.5000,  0.00072122
-49.5000, -7.5000,  0.00080247
-49.5000, -6.5000,  0.00075175
-49.5000, -5.5000,  0.00082564
-49.5000, -4.5000,  0.00071753
-49.5000, -3.5000,  0.00074446
-49.5000, -2.5000,  0.00079741
-49.5000, -1.5000,  0.00075789
-49.5000, -0.5000,  0.00078266
-49.5000,  0.5000,  0.00069015
-49.5000,  1.5000,  0.00066678
-49.5000,  2.5000,  0.00051985
-49.5000,  3.5000,  0.00044474
-49.5000,  4.5000,  0.00039495
-49.5000,  5.5000,  0.00033527
-49.5000,  6.5000,  0.00028797
-49.5000,  7.5000,  0.00029514
-49.5000,  8.5000,  0.00029026
-49.5000,  9.5000,  0.00024621
-49.5000, 10.5000,  0.00020409
-49.5000, 11.5000,  0.00017493
-49.5000, 12.5000,  0.00015188
-48.5000,-36.5000,  0.00023928
-48.5000,-35.5000,  0.00028036
-48.5000,-34.5000,  0.00033418
-48.5000,-33.5000,  0.00039291
-48.5000,-32.5000,  0.00047394
-48.5000,-31.5000,  0.00058331
-48.5000,-30.5000,  0.00073141
-48.5000,-29.5000,  0.00083707
-48.5000,-28.5000,  0.00088836
-48.5000,-27.5000,  0.00084341
-48.5000,-26.5000,  0.00107769
-48.5000,-25.5000,  0.00131316
-48.5000,-24.5000,  0.00079886
-48.5000,-23.5000,  0.00091883
-48.5000,-22.5000,  0.00084699
-48.5000,-21.5000,  0.00117522
-48.5000,-20.5000,  0.00110304
-48.5000,-19.5000,  0.00144059
-48.5000,-18.5000,  0.00126323
-48.5000,-17.5000,  0.00120902
-48.5000,-16.5000,  0.00104863
-48.5000,-15.5000,  0.00080577
-48.5000,-14.5000,  0.00094723
-48.5000,-13.5000,  0.00084965
-48.5000,-12.5000,  0.00078999
-48.5000,-11.5000,  0.00085781
-48.5000,-10.5000,  0.00084529
-48.5000, -9.5000,  0.00094380
-48.5000, -8.5000,  0.00081182
-48.5000, -7.5000,  0.00068135
-48.5000, -6.5000,  0.00094996
-48.5000, -5.5000,  0.00079036
-48.5000, -4.5000,  0.00074705
-48.5000, -3.5000,  0.00077115
-48.5000, -2.5000,  0.00079438
-48.5000, -1.5000,  0.00086173
-48.5000, -0.5000,  0.00076096
-48.5000,  0.5000,  0.00074765
-48.5000,  1.5000,  0.00062974
-48.5000,  2.5000,  0.00052865
-48.5000,  3.5000,  0.00046568
-48.5000,  4.5000,  0.00039503
-48.5000,  5.5000,  0.00033604
-48.5000,  6.5000,  0.00030386
-48.5000,  7.5000,  0.00025481
-48.5000,  8.5000,  0.00024353
-48.5000,  9.5000,  0.00023797
-48.5000, 10.5000,  0.00020038
-48.5000, 11.5000,  0.00016881
-48.5000, 12.5000,  0.00014672
-47.5000,-36.5000,  0.00023576
-47.5000,-35.5000,  0.00027394
-47.5000,-34.5000,  0.00033248
-47.5000,-33.5000,  0.00040036
-47.5000,-32.5000,  0.00048647
-47.5000,-31.5000,  0.00059943
-47.5000,-30.5000,  0.00074697
-47.5000,-29.5000,  0.00071742
-47.5000,-28.5000,  0.00070868
-47.5000,-27.5000,  0.00093892
-47.5000,-26.5000,  0.00107641
-47.5000,-25.5000,  0.00104604
-47.5000,-24.5000,  0.00106727
-47.5000,-23.5000,  0.00077177
-47.5000,-22.5000,  0.00088811
-47.5000,-21.5000,  0.00089746
-47.5000,-20.5000,  0.00128556
-47.5000,-19.5000,  0.00138827
-47.5000,-18.5000,  0.00121366
-47.5000,-17.5000,  0.00116680
-47.5000,-16.5000,  0.00108453
-47.5000,-15.5000,  0.00100347
-47.5000,-14.5000,  0.00080827
-47.5000,-13.5000,  0.00082677
-47.5000,-12.5000,  0.00084351
-47.5000,-11.5000,  0.00082008
-47.5000,-10.5000,  0.00085233
-47.5000, -9.5000,  0.00085896
-47.5000, -8.5000,  0.00091216
-47.5000, -7.5000,  0.00095617
-47.5000, -6.5000,  0.00085767
-47.5000, -5.5000,  0.00077113
-47.5000, -4.5000,  0.00078388
-47.5000, -3.5000,  0.00079594
-47.5000, -2.5000,  0.00087604
-47.5000, -1.5000,  0.00085274
-47.5000, -0.5000,  0.00078942
-47.5000,  0.5000,  0.00066321
-47.5000,  1.5000,  0.00060281
-47.5000,  2.5000,  0.00056060
-47.5000,  3.5000,  0.00047347
-47.5000,  4.5000,  0.00038726
-47.5000,  5.5000,  0.00033344
-47.5000,  6.5000,  0.00028652
-47.5000,  7.5000,  0.00024669
-47.5000,  8.5000,  0.00023782
-47.5000,  9.5000,  0.00020177
-47.5000, 10.5000,  0.00019480
-47.5000, 11.5000,  0.00016436
-47.5000, 12.5000,  0.00014128
-46.5000,-36.5000,  0.00022978
-46.5000,-35.5000,  0.00027091
-46.5000,-34.5000,  0.00033132
-46.5000,-33.5000,  0.00040363
-46.5000,-32.5000,  0.00049807
-46.5000,-31.5000,  0.00061317
-46.5000,-30.5000,  0.00055307
-46.5000,-29.5000,  0.00055497
-46.5000,-28.5000,  0.00082155
-46.5000,-27.5000,  0.00093123
-46.5000,-26.5000,  0.00084080
-46.5000,-25.5000,  0.00097372
-46.5000,-24.5000,  0.00107085
-46.5000,-23.5000,  0.00116740
-46.5000,-22.5000,  0.00091468
-46.5000,-21.5000,  0.00135543
-46.5000,-20.5000,  0.00116743
-46.5000,-19.5000,  0.00106996
-46.5000,-18.5000,  0.00106908
-46.5000,-17.5000,  0.00103407
-46.5000,-16.5000,  0.00121190
-46.5000,-15.5000,  0.00113016
-46.5000,-14.5000,  0.00099518
-46.5000,-13.5000,  0.00083780
-46.5000,-12.5000,  0.00078015
-46.5000,-11.5000,  0.00088740
-46.5000,-10.5000,  0.00086471
-46.5000, -9.5000,  0.00083915
-46.5000, -8.5000,  0.00082268
-46.5000, -7.5000,  0.00092116
-46.5000, -6.5000,  0.00091402
-46.5000, -5.5000,  0.00083381
-46.5000, -4.5000,  0.00081603
-46.5000, -3.5000,  0.00097262
-46.5000, -2.5000,  0.00098570
-46.5000, -1.5000,  0.00081650
-46.5000, -0.5000,  0.00076288
-46.5000,  0.5000,  0.00063428
-46.5000,  1.5000,  0.00057794
-46.5000,  2.5000,  0.00059726
-46.5000,  3.5000,  0.00050769
-46.5000,  4.5000,  0.00041341
-46.5000,  5.5000,  0.00033247
-46.5000,  6.5000,  0.00028121
-46.5000,  7.5000,  0.00027231
-46.5000,  8.5000,  0.00023075
-46.5000,  9.5000,  0.00021866
-46.5000, 10.5000,  0.00018727
-46.5000, 11.5000,  0.00015879
-46.5000, 12.5000,  0.00013822
-45.5000,-36.5000,  0.00022053
-45.5000,-35.5000,  0.00026825
-45.5000,-34.5000,  0.00032916
-45.5000,-33.5000,  0.00040965
-45.5000,-32.5000,  0.00050934
-45.5000,-31.5000,  0.00043457
-45.5000,-30.5000,  0.00042264
-45.5000,-29.5000,  0.00067665
-45.5000,-28.5000,  0.00076071
-45.5000,-27.5000,  0.00074835
-45.5000,-26.5000,  0.00082661
-45.5000,-25.5000,  0.00089846
-45.5000,-24.5000,  0.00101728
-45.5000,-23.5000,  0.00115617
-45.5000,-22.5000,  0.00133123
-45.5000,-21.5000,  0.00102028
-45.5000,-20.5000,  0.00112305
-45.5000,-19.5000,  0.00111300
-45.5000,-18.5000,  0.00102968
-45.5000,-17.5000,  0.00124240
-45.5000,-16.5000,  0.00132481
-45.5000,-15.5000,  0.00119190
-45.5000,-14.5000,  0.00102588
-45.5000,-13.5000,  0.00092179
-45.5000,-12.5000,  0.00084846
-45.5000,-11.5000,  0.00085941
-45.5000,-10.5000,  0.00085710
-45.5000, -9.5000,  0.00083544
-45.5000, -8.5000,  0.00090279
-45.5000, -7.5000,  0.00089290
-45.5000, -6.5000,  0.00090826
-45.5000, -5.5000,  0.00091891
-45.5000, -4.5000,  0.00092178
-45.5000, -3.5000,  0.00090661
-45.5000, -2.5000,  0.00092644
-45.5000, -1.5000,  0.00078405
-45.5000, -0.5000,  0.00074151
-45.5000,  0.5000,  0.00084920
-45.5000,  1.5000,  0.00060625
-45.5000,  2.5000,  0.00048372
-45.5000,  3.5000,  0.00050497
-45.5000,  4.5000,  0.00042979
-45.5000,  5.5000,  0.00034154
-45.5000,  6.5000,  0.00031227
-45.5000,  7.5000,  0.00026476
-45.5000,  8.5000,  0.00024875
-45.5000,  9.5000,  0.00020928
-45.5000, 10.5000,  0.00018025
-45.5000, 11.5000,  0.00015287
-45.5000, 12.5000,  0.00013337
-44.5000,-36.5000,  0.00021618
-44.5000,-35.5000,  0.00026421
-44.5000,-34.5000,  0.00032802
-44.5000,-33.5000,  0.00041172
-44.5000,-32.5000,  0.00034367
-44.5000,-31.5000,  0.00040806
-44.5000,-30.5000,  0.00053689
-44.5000,-29.5000,  0.00059180
-44.5000,-28.5000,  0.00063634
-44.5000,-27.5000,  0.00068858
-44.5000,-26.5000,  0.00080156
-44.5000,-25.5000,  0.00094814
-44.5000,-24.5000,  0.00106704
-44.5000,-23.5000,  0.00122424
-44.5000,-22.5000,  0.00113837
-44.5000,-21.5000,  0.00128101
-44.5000,-20.5000,  0.00115971
-44.5000,-19.5000,  0.00111544
-44.5000,-18.5000,  0.00142370
-44.5000,-17.5000,  0.00126427
-44.5000,-16.5000,  0.00120521
-44.5000,-15.5000,  0.00115059
-44.5000,-14.5000,  0.00098936
-44.5000,-13.5000,  0.00093596
-44.5000,-12.5000,  0.00087975
-44.5000,-11.5000,  0.00082182
-44.5000,-10.5000,  0.00082761
-44.5000, -9.5000,  0.00095185
-44.5000, -8.5000,  0.00094093
-44.5000, -7.5000,  0.00091844
-44.5000, -6.5000,  0.00093720
-44.5000, -5.5000,  0.00096164
-44.5000, -4.5000,  0.00092277
-44.5000, -3.5000,  0.00089113
-44.5000, -2.5000,  0.00081326
-44.5000, -1.5000,  0.00074702
-44.5000, -0.5000,  0.00073313
-44.5000,  0.5000,  0.00078222
-44.5000,  1.5000,  0.00072215
-44.5000,  2.5000,  0.00050581
-44.5000,  3.5000,  0.00040904
-44.5000,  4.5000,  0.00040231
-44.5000,  5.5000,  0.00035366
-44.5000,  6.5000,  0.00029681
-44.5000,  7.5000,  0.00027329
-44.5000,  8.5000,  0.00023185
-44.5000,  9.5000,  0.00019817
-44.5000, 10.5000,  0.00017232
-44.5000, 11.5000,  0.00014793
-44.5000, 12.5000,  0.00012936
-43.5000,-36.5000,  0.00021063
-43.5000,-35.5000,  0.00025945
-43.5000,-34.5000,  0.00032330
-43.5000,-33.5000,  0.00026996
-43.5000,-32.5000,  0.00032420
-43.5000,-31.5000,  0.00039407
-43.5000,-30.5000,  0.00049200
-43.5000,-29.5000,  0.00063484
-43.5000,-28.5000,  0.00059145
-43.5000,-27.5000,  0.00070623
-43.5000,-26.5000,  0.00073482
-43.5000,-25.5000,  0.00088095
-43.5000,-24.5000,  0.00111120
-43.5000,-23.5000,  0.00100018
-43.5000,-22.5000,  0.00115600
-43.5000,-21.5000,  0.00115170
-43.5000,-20.5000,  0.00114586
-43.5000,-19.5000,  0.00149113
-43.5000,-18.5000,  0.00145668
-43.5000,-17.5000,  0.00135327
-43.5000,-16.5000,  0.00112254
-43.5000,-15.5000,  0.00098881
-43.5000,-14.5000,  0.00095995
-43.5000,-13.5000,  0.00094016
-43.5000,-12.5000,  0.00088413
-43.5000,-11.5000,  0.00086498
-43.5000,-10.5000,  0.00097185
-43.5000, -9.5000,  0.00094737
-43.5000, -8.5000,  0.00098122
-43.5000, -7.5000,  0.00096785
-43.5000, -6.5000,  0.00103003
-43.5000, -5.5000,  0.00091860
-43.5000, -4.5000,  0.00092572
-43.5000, -3.5000,  0.00083759
-43.5000, -2.5000,  0.00079555
-43.5000, -1.5000,  0.00078795
-43.5000, -0.5000,  0.00069899
-43.5000,  0.5000,  0.00065588
-43.5000,  1.5000,  0.00066176
-43.5000,  2.5000,  0.00058294
-43.5000,  3.5000,  0.00041758
-43.5000,  4.5000,  0.00039947
-43.5000,  5.5000,  0.00033931
-43.5000,  6.5000,  0.00030420
-43.5000,  7.5000,  0.00025685
-43.5000,  8.5000,  0.00022021
-43.5000,  9.5000,  0.00018937
-43.5000, 10.5000,  0.00016386
-43.5000, 11.5000,  0.00014238
-43.5000, 12.5000,  0.00012462
-42.5000,-36.5000,  0.00020649
-42.5000,-35.5000,  0.00025387
-42.5000,-34.5000,  0.00031328
-42.5000,-33.5000,  0.00025076
-42.5000,-32.5000,  0.00029952
-42.5000,-31.5000,  0.00036079
-42.5000,-30.5000,  0.00044667
-42.5000,-29.5000,  0.00056426
-42.5000,-28.5000,  0.00072178
-42.5000,-27.5000,  0.00065107
-42.5000,-26.5000,  0.00081165
-42.5000,-25.5000,  0.00077331
-42.5000,-24.5000,  0.00096130
-42.5000,-23.5000,  0.00113937
-42.5000,-22.5000,  0.00108965
-42.5000,-21.5000,  0.00101600
-42.5000,-20.5000,  0.00147599
-42.5000,-19.5000,  0.00156858
-42.5000,-18.5000,  0.00143434
-42.5000,-17.5000,  0.00126993
-42.5000,-16.5000,  0.00112022
-42.5000,-15.5000,  0.00102532
-42.5000,-14.5000,  0.00094590
-42.5000,-13.5000,  0.00085924
-42.5000,-12.5000,  0.00092025
-42.5000,-11.5000,  0.00099287
-42.5000,-10.5000,  0.00097359
-42.5000, -9.5000,  0.00099325
-42.5000, -8.5000,  0.00106198
-42.5000, -7.5000,  0.00114174
-42.5000, -6.5000,  0.00084969
-42.5000, -5.5000,  0.00075686
-42.5000, -4.5000,  0.00084074
-42.5000, -3.5000,  0.00090301
-42.5000, -2.5000,  0.00094396
-42.5000, -1.5000,  0.00075641
-42.5000, -0.5000,  0.00071648
-42.5000,  0.5000,  0.00062499
-42.5000,  1.5000,  0.00055123
-42.5000,  2.5000,  0.00051226
-42.5000,  3.5000,  0.00044598
-42.5000,  4.5000,  0.00037961
-42.5000,  5.5000,  0.00032349
-42.5000,  6.5000,  0.00027810
-42.5000,  7.5000,  0.00023778
-42.5000,  8.5000,  0.00020401
-42.5000,  9.5000,  0.00017659
-42.5000, 10.5000,  0.00015400
-42.5000, 11.5000,  0.00013459
-42.5000, 12.5000,  0.00011773
-41.5000,-36.5000,  0.00019915
-41.5000,-35.5000,  0.00024286
-41.5000,-34.5000,  0.00030005
-41.5000,-33.5000,  0.00037181
-41.5000,-32.5000,  0.00028015
-41.5000,-31.5000,  0.00033511
-41.5000,-30.5000,  0.00041016
-41.5000,-29.5000,  0.00050628
-41.5000,-28.5000,  0.00062960
-41.5000,-27.5000,  0.00079497
-41.5000,-26.5000,  0.00070393
-41.5000,-25.5000,  0.00091518
-41.5000,-24.5000,  0.00093199
-41.5000,-23.5000,  0.00100405
-41.5000,-22.5000,  0.00105142
-41.5000,-21.5000,  0.00124997
-41.5000,-20.5000,  0.00130849
-41.5000,-19.5000,  0.00125467
-41.5000,-18.5000,  0.00129141
-41.5000,-17.5000,  0.00115014
-41.5000,-16.5000,  0.00104747
-41.5000,-15.5000,  0.00102168
-41.5000,-14.5000,  0.00092441
-41.5000,-13.5000,  0.00086007
-41.5000,-12.5000,  0.00083223
-41.5000,-11.5000,  0.00097378
-41.5000,-10.5000,  0.00098566
-41.5000, -9.5000,  0.00103502
-41.5000, -8.5000,  0.00118325
-41.5000, -7.5000,  0.00096063
-41.5000, -6.5000,  0.00081248
-41.5000, -5.5000,  0.00070772
-41.5000, -4.5000,  0.00064211
-41.5000, -3.5000,  0.00077653
-41.5000, -2.5000,  0.00091791
-41.5000, -1.5000,  0.00085971
-41.5000, -0.5000,  0.00068620
-41.5000,  0.5000,  0.00062836
-41.5000,  1.5000,  0.00052809
-41.5000,  2.5000,  0.00045061
-41.5000,  3.5000,  0.00038792
-41.5000,  4.5000,  0.00034872
-41.5000,  5.5000,  0.00029930
-41.5000,  6.5000,  0.00025655
-41.5000,  7.5000,  0.00022184
-41.5000,  8.5000,  0.00019103
-41.5000,  9.5000,  0.00016731
-41.5000, 10.5000,  0.00014706
-41.5000, 11.5000,  0.00012711
-41.5000, 12.5000,  0.00011216
-40.5000,-36.5000,  0.00019102
-40.5000,-35.5000,  0.00023015
-40.5000,-34.5000,  0.00028078
-40.5000,-33.5000,  0.00034566
-40.5000,-32.5000,  0.00042672
-40.5000,-31.5000,  0.00030846
-40.5000,-30.5000,  0.00037123
-40.5000,-29.5000,  0.00044833
-40.5000,-28.5000,  0.00054805
-40.5000,-27.5000,  0.00067249
-40.5000,-26.5000,  0.00085148
-40.5000,-25.5000,  0.00089542
-40.5000,-24.5000,  0.00096260
-40.5000,-23.5000,  0.00085608
-40.5000,-22.5000,  0.00105258
-40.5000,-21.5000,  0.00101352
-40.5000,-20.5000,  0.00102488
-40.5000,-19.5000,  0.00109391
-40.5000,-18.5000,  0.00104766
-40.5000,-17.5000,  0.00110000
-40.5000,-16.5000,  0.00109609
-40.5000,-15.5000,  0.00094783
-40.5000,-14.5000,  0.00088369
-40.5000,-13.5000,  0.00083851
-40.5000,-12.5000,  0.00079317
-40.5000,-11.5000,  0.00078351
-40.5000,-10.5000,  0.00096324
-40.5000, -9.5000,  0.00104039
-40.5000, -8.5000,  0.00078624
-40.5000, -7.5000,  0.00088961
-40.5000, -6.5000,  0.00077631
-40.5000, -5.5000,  0.00075773
-40.5000, -4.5000,  0.00073687
-40.5000, -3.5000,  0.00064687
-40.5000, -2.5000,  0.00075300
-40.5000, -1.5000,  0.00086575
-40.5000, -0.5000,  0.00070374
-40.5000,  0.5000,  0.00058244
-40.5000,  1.5000,  0.00051014
-40.5000,  2.5000,  0.00042566
-40.5000,  3.5000,  0.00038081
-40.5000,  4.5000,  0.00031958
-40.5000,  5.5000,  0.00027473
-40.5000,  6.5000,  0.00023684
-40.5000,  7.5000,  0.00020413
-40.5000,  8.5000,  0.00017703
-40.5000,  9.5000,  0.00015534
-40.5000, 10.5000,  0.00013583
-40.5000, 11.5000,  0.00011976
-40.5000, 12.5000,  0.00010763
-39.5000,-36.5000,  0.00018039
-39.5000,-35.5000,  0.00021563
-39.5000,-34.5000,  0.00026077
-39.5000,-33.5000,  0.00031596
-39.5000,-32.5000,  0.00038098
-39.5000,-31.5000,  0.00045731
-39.5000,-30.5000,  0.00033204
-39.5000,-29.5000,  0.00039811
-39.5000,-28.5000,  0.00047820
-39.5000,-27.5000,  0.00073497
-39.5000,-26.5000,  0.00081178
-39.5000,-25.5000,  0.00075372
-39.5000,-24.5000,  0.00080549
-39.5000,-23.5000,  0.00083050
-39.5000,-22.5000,  0.00085867
-39.5000,-21.5000,  0.00088741
-39.5000,-20.5000,  0.00091019
-39.5000,-19.5000,  0.00091659
-39.5000,-18.5000,  0.00097151
-39.5000,-17.5000,  0.00103303
-39.5000,-16.5000,  0.00093827
-39.5000,-15.5000,  0.00086965
-39.5000,-14.5000,  0.00081665
-39.5000,-13.5000,  0.00076824
-39.5000,-12.5000,  0.00073642
-39.5000,-11.5000,  0.00075141
-39.5000,-10.5000,  0.00083633
-39.5000, -9.5000,  0.00091929
-39.5000, -8.5000,  0.00097588
-39.5000, -7.5000,  0.00084364
-39.5000, -6.5000,  0.00092094
-39.5000, -5.5000,  0.00078327
-39.5000, -4.5000,  0.00072286
-39.5000, -3.5000,  0.00080491
-39.5000, -2.5000,  0.00062849
-39.5000, -1.5000,  0.00066998
-39.5000, -0.5000,  0.00073147
-39.5000,  0.5000,  0.00062824
-39.5000,  1.5000,  0.00048532
-39.5000,  2.5000,  0.00043496
-39.5000,  3.5000,  0.00036080
-39.5000,  4.5000,  0.00030558
-39.5000,  5.5000,  0.00025848
-39.5000,  6.5000,  0.00022247
-39.5000,  7.5000,  0.00019249
-39.5000,  8.5000,  0.00016641
-39.5000,  9.5000,  0.00014652
-39.5000, 10.5000,  0.00012901
-39.5000, 11.5000,  0.00011371
-39.5000, 12.5000,  0.00010030
-38.5000,-36.5000,  0.00016951
-38.5000,-35.5000,  0.00019983
-38.5000,-34.5000,  0.00023950
-38.5000,-33.5000,  0.00028350
-38.5000,-32.5000,  0.00033522
-38.5000,-31.5000,  0.00039242
-38.5000,-30.5000,  0.00045243
-38.5000,-29.5000,  0.00035871
-38.5000,-28.5000,  0.00055797
-38.5000,-27.5000,  0.00061361
-38.5000,-26.5000,  0.00068240
-38.5000,-25.5000,  0.00076865
-38.5000,-24.5000,  0.00066735
-38.5000,-23.5000,  0.00068651
-38.5000,-22.5000,  0.00071412
-38.5000,-21.5000,  0.00074391
-38.5000,-20.5000,  0.00077802
-38.5000,-19.5000,  0.00084354
-38.5000,-18.5000,  0.00095475
-38.5000,-17.5000,  0.00086755
-38.5000,-16.5000,  0.00080583
-38.5000,-15.5000,  0.00076453
-38.5000,-14.5000,  0.00073163
-38.5000,-13.5000,  0.00069144
-38.5000,-12.5000,  0.00067949
-38.5000,-11.5000,  0.00072905
-38.5000,-10.5000,  0.00083709
-38.5000, -9.5000,  0.00093871
-38.5000, -8.5000,  0.00100223
-38.5000, -7.5000,  0.00120420
-38.5000, -6.5000,  0.00085057
-38.5000, -5.5000,  0.00079023
-38.5000, -4.5000,  0.00061154
-38.5000, -3.5000,  0.00078510
-38.5000, -2.5000,  0.00075050
-38.5000, -1.5000,  0.00056264
-38.5000, -0.5000,  0.00058426
-38.5000,  0.5000,  0.00061839
-38.5000,  1.5000,  0.00050955
-38.5000,  2.5000,  0.00041374
-38.5000,  3.5000,  0.00034100
-38.5000,  4.5000,  0.00028581
-38.5000,  5.5000,  0.00024116
-38.5000,  6.5000,  0.00020909
-38.5000,  7.5000,  0.00018141
-38.5000,  8.5000,  0.00015717
-38.5000,  9.5000,  0.00013889
-38.5000, 10.5000,  0.00012077
-38.5000, 11.5000,  0.00010595
-38.5000, 12.5000,  0.00009315
-37.5000,-36.5000,  0.00015758
-37.5000,-35.5000,  0.00018405
-37.5000,-34.5000,  0.00021660
-37.5000,-33.5000,  0.00025233
-37.5000,-32.5000,  0.00029285
-37.5000,-31.5000,  0.00033717
-37.5000,-30.5000,  0.00038164
-37.5000,-29.5000,  0.00042703
-37.5000,-28.5000,  0.00047322
-37.5000,-27.5000,  0.00052299
-37.5000,-26.5000,  0.00057505
-37.5000,-25.5000,  0.00064881
-37.5000,-24.5000,  0.00073259
-37.5000,-23.5000,  0.00058123
-37.5000,-22.5000,  0.00060578
-37.5000,-21.5000,  0.00062322
-37.5000,-20.5000,  0.00067227
-37.5000,-19.5000,  0.00086739
-37.5000,-18.5000,  0.00079321
-37.5000,-17.5000,  0.00073256
-37.5000,-16.5000,  0.00069705
-37.5000,-15.5000,  0.00067036
-37.5000,-14.5000,  0.00064151
-37.5000,-13.5000,  0.00061287
-37.5000,-12.5000,  0.00061942
-37.5000,-11.5000,  0.00076426
-37.5000,-10.5000,  0.00092581
-37.5000, -9.5000,  0.00115781
-37.5000, -8.5000,  0.00109403
-37.5000, -7.5000,  0.00073231
-37.5000, -6.5000,  0.00164446
-37.5000, -5.5000,  0.00123188
-37.5000, -4.5000,  0.00084657
-37.5000, -3.5000,  0.00058986
-37.5000, -2.5000,  0.00084314
-37.5000, -1.5000,  0.00076821
-37.5000, -0.5000,  0.00082714
-37.5000,  0.5000,  0.00057396
-37.5000,  1.5000,  0.00044918
-37.5000,  2.5000,  0.00037731
-37.5000,  3.5000,  0.00031456
-37.5000,  4.5000,  0.00026565
-37.5000,  5.5000,  0.00022531
-37.5000,  6.5000,  0.00019399
-37.5000,  7.5000,  0.00016631
-37.5000,  8.5000,  0.00014431
-37.5000,  9.5000,  0.00012615
-37.5000, 10.5000,  0.00011060
-37.5000, 11.5000,  0.00009880
-37.5000, 12.5000,  0.00008857
-36.5000,-36.5000,  0.00014671
-36.5000,-35.5000,  0.00017013
-36.5000,-34.5000,  0.00019715
-36.5000,-33.5000,  0.00022700
-36.5000,-32.5000,  0.00025921
-36.5000,-31.5000,  0.00029451
-36.5000,-30.5000,  0.00033004
-36.5000,-29.5000,  0.00036639
-36.5000,-28.5000,  0.00040407
-36.5000,-27.5000,  0.00044421
-36.5000,-26.5000,  0.00048530
-36.5000,-25.5000,  0.00053842
-36.5000,-24.5000,  0.00060328
-36.5000,-23.5000,  0.00065945
-36.5000,-22.5000,  0.00051576
-36.5000,-21.5000,  0.00054712
-36.5000,-20.5000,  0.00074540
-36.5000,-19.5000,  0.00069260
-36.5000,-18.5000,  0.00065405
-36.5000,-17.5000,  0.00062989
-36.5000,-16.5000,  0.00059538
-36.5000,-15.5000,  0.00058353
-36.5000,-14.5000,  0.00055869
-36.5000,-13.5000,  0.00054677
-36.5000,-12.5000,  0.00060718
-36.5000,-11.5000,  0.00070498
-36.5000,-10.5000,  0.00089585
-36.5000, -9.5000,  0.00125952
-36.5000, -8.5000,  0.00055026
-36.5000, -7.5000,  0.00072735
-36.5000, -6.5000,  0.00059462
-36.5000, -5.5000,  0.00085298
-36.5000, -4.5000,  0.00080837
-36.5000, -3.5000,  0.00092393
-36.5000, -2.5000,  0.00065523
-36.5000, -1.5000,  0.00102081
-36.5000, -0.5000,  0.00071286
-36.5000,  0.5000,  0.00051907
-36.5000,  1.5000,  0.00040484
-36.5000,  2.5000,  0.00032765
-36.5000,  3.5000,  0.00027394
-36.5000,  4.5000,  0.00023044
-36.5000,  5.5000,  0.00019768
-36.5000,  6.5000,  0.00017129
-36.5000,  7.5000,  0.00014937
-36.5000,  8.5000,  0.00013068
-36.5000,  9.5000,  0.00011511
-36.5000, 10.5000,  0.00010305
-36.5000, 11.5000,  0.00009261
-36.5000, 12.5000,  0.00008352
-35.5000,-36.5000,  0.00013620
-35.5000,-35.5000,  0.00015527
-35.5000,-34.5000,  0.00017842
-35.5000,-33.5000,  0.00020375
-35.5000,-32.5000,  0.00022943
-35.5000,-31.5000,  0.00025857
-35.5000,-30.5000,  0.00028623
-35.5000,-29.5000,  0.00031705
-35.5000,-28.5000,  0.00034711
-35.5000,-27.5000,  0.00037875
-35.5000,-26.5000,  0.00041100
-35.5000,-25.5000,  0.00044638
-35.5000,-24.5000,  0.00049271
-35.5000,-23.5000,  0.00053929
-35.5000,-22.5000,  0.00057856
-35.5000,-21.5000,  0.00059610
-35.5000,-20.5000,  0.00058782
-35.5000,-19.5000,  0.00056238
-35.5000,-18.5000,  0.00054492
-35.5000,-17.5000,  0.00052739
-35.5000,-16.5000,  0.00052371
-35.5000,-15.5000,  0.00049867
-35.5000,-14.5000,  0.00048774
-35.5000,-13.5000,  0.00052905
-35.5000,-12.5000,  0.00053546
-35.5000,-11.5000,  0.00061972
-35.5000,-10.5000,  0.00080124
-35.5000, -9.5000,  0.00111058
-35.5000, -8.5000,  0.00078275
-35.5000, -7.5000,  0.00065713
-35.5000, -6.5000,  0.00079140
-35.5000, -5.5000,  0.00062699
-35.5000, -4.5000,  0.00059980
-35.5000, -3.5000,  0.00062795
-35.5000, -2.5000,  0.00100140
-35.5000, -1.5000,  0.00085449
-35.5000, -0.5000,  0.00059363
-35.5000,  0.5000,  0.00045422
-35.5000,  1.5000,  0.00036119
-35.5000,  2.5000,  0.00029686
-35.5000,  3.5000,  0.00024471
-35.5000,  4.5000,  0.00021074
-35.5000,  5.5000,  0.00018141
-35.5000,  6.5000,  0.00015567
-35.5000,  7.5000,  0.00013738
-35.5000,  8.5000,  0.00012169
-35.5000,  9.5000,  0.00010701
-35.5000, 10.5000,  0.00009626
-35.5000, 11.5000,  0.00008659
-35.5000, 12.5000,  0.00007837
-34.5000,-36.5000,  0.00012579
-34.5000,-35.5000,  0.00014271
-34.5000,-34.5000,  0.00016191
-34.5000,-33.5000,  0.00018289
-34.5000,-32.5000,  0.00020444
-34.5000,-31.5000,  0.00022763
-34.5000,-30.5000,  0.00025215
-34.5000,-29.5000,  0.00027670
-34.5000,-28.5000,  0.00030015
-34.5000,-27.5000,  0.00032623
-34.5000,-26.5000,  0.00035164
-34.5000,-25.5000,  0.00037603
-34.5000,-24.5000,  0.00040541
-34.5000,-23.5000,  0.00043823
-34.5000,-22.5000,  0.00046281
-34.5000,-21.5000,  0.00048351
-34.5000,-20.5000,  0.00047123
-34.5000,-19.5000,  0.00046231
-34.5000,-18.5000,  0.00045139
-34.5000,-17.5000,  0.00044625
-34.5000,-16.5000,  0.00044925
-34.5000,-15.5000,  0.00045298
-34.5000,-14.5000,  0.00045435
-34.5000,-13.5000,  0.00045674
-34.5000,-12.5000,  0.00048149
-34.5000,-11.5000,  0.00053098
-34.5000,-10.5000,  0.00066703
-34.5000, -9.5000,  0.00089773
-34.5000, -8.5000,  0.00113014
-34.5000, -7.5000,  0.00112973
-34.5000, -6.5000,  0.00096302
-34.5000, -5.5000,  0.00056784
-34.5000, -4.5000,  0.00054036
-34.5000, -3.5000,  0.00090766
-34.5000, -2.5000,  0.00100040
-34.5000, -1.5000,  0.00068062
-34.5000, -0.5000,  0.00050263
-34.5000,  0.5000,  0.00039566
-34.5000,  1.5000,  0.00031579
-34.5000,  2.5000,  0.00026074
-34.5000,  3.5000,  0.00022220
-34.5000,  4.5000,  0.00018938
-34.5000,  5.5000,  0.00016438
-34.5000,  6.5000,  0.00014252
-34.5000,  7.5000,  0.00012667
-34.5000,  8.5000,  0.00011276
-34.5000,  9.5000,  0.00010115
-34.5000, 10.5000,  0.00008948
-34.5000, 11.5000,  0.00008096
-34.5000, 12.5000,  0.00007349
-33.5000,-36.5000,  0.00011633
-33.5000,-35.5000,  0.00013065
-33.5000,-34.5000,  0.00014720
-33.5000,-33.5000,  0.00016505
-33.5000,-32.5000,  0.00018284
-33.5000,-31.5000,  0.00020325
-33.5000,-30.5000,  0.00022240
-33.5000,-29.5000,  0.00024029
-33.5000,-28.5000,  0.00026070
-33.5000,-27.5000,  0.00028169
-33.5000,-26.5000,  0.00030138
-33.5000,-25.5000,  0.00032330
-33.5000,-24.5000,  0.00034260
-33.5000,-23.5000,  0.00036492
-33.5000,-22.5000,  0.00038141
-33.5000,-21.5000,  0.00039808
-33.5000,-20.5000,  0.00038802
-33.5000,-19.5000,  0.00038234
-33.5000,-18.5000,  0.00038072
-33.5000,-17.5000,  0.00037896
-33.5000,-16.5000,  0.00038877
-33.5000,-15.5000,  0.00038649
-33.5000,-14.5000,  0.00038968
-33.5000,-13.5000,  0.00039643
-33.5000,-12.5000,  0.00041790
-33.5000,-11.5000,  0.00044406
-33.5000,-10.5000,  0.00051949
-33.5000, -9.5000,  0.00065984
-33.5000, -8.5000,  0.00079477
-33.5000, -7.5000,  0.00096444
-33.5000, -6.5000,  0.00078514
-33.5000, -5.5000,  0.00063382
-33.5000, -4.5000,  0.00069718
-33.5000, -3.5000,  0.00092121
-33.5000, -2.5000,  0.00069964
-33.5000, -1.5000,  0.00052654
-33.5000, -0.5000,  0.00041733
-33.5000,  0.5000,  0.00033295
-33.5000,  1.5000,  0.00027516
-33.5000,  2.5000,  0.00023336
-33.5000,  3.5000,  0.00019929
-33.5000,  4.5000,  0.00017227
-33.5000,  5.5000,  0.00014867
-33.5000,  6.5000,  0.00013087
-33.5000,  7.5000,  0.00011649
-33.5000,  8.5000,  0.00010432
-33.5000,  9.5000,  0.00009384
-33.5000, 10.5000,  0.00008331
-33.5000, 11.5000,  0.00007568
-33.5000, 12.5000,  0.00006897
-32.5000,-36.5000,  0.00010759
-32.5000,-35.5000,  0.00011988
-32.5000,-34.5000,  0.00013376
-32.5000,-33.5000,  0.00014884
-32.5000,-32.5000,  0.00016383
-32.5000,-31.5000,  0.00018012
-32.5000,-30.5000,  0.00019649
-32.5000,-29.5000,  0.00021254
-32.5000,-28.5000,  0.00022808
-32.5000,-27.5000,  0.00024462
-32.5000,-26.5000,  0.00026174
-32.5000,-25.5000,  0.00027768
-32.5000,-24.5000,  0.00029517
-32.5000,-23.5000,  0.00031106
-32.5000,-22.5000,  0.00032671
-32.5000,-21.5000,  0.00033284
-32.5000,-20.5000,  0.00032275
-32.5000,-19.5000,  0.00032301
-32.5000,-18.5000,  0.00032382
-32.5000,-17.5000,  0.00032965
-32.5000,-16.5000,  0.00033352
-32.5000,-15.5000,  0.00033261
-32.5000,-14.5000,  0.00033928
-32.5000,-13.5000,  0.00034429
-32.5000,-12.5000,  0.00035897
-32.5000,-11.5000,  0.00038091
-32.5000,-10.5000,  0.00042059
-32.5000, -9.5000,  0.00047649
-32.5000, -8.5000,  0.00057031
-32.5000, -7.5000,  0.00058774
-32.5000, -6.5000,  0.00064547
-32.5000, -5.5000,  0.00049172
-32.5000, -4.5000,  0.00067216
-32.5000, -3.5000,  0.00060182
-32.5000, -2.5000,  0.00048849
-32.5000, -1.5000,  0.00041617
-32.5000, -0.5000,  0.00033882
-32.5000,  0.5000,  0.00028005
-32.5000,  1.5000,  0.00023703
-32.5000,  2.5000,  0.00020473
-32.5000,  3.5000,  0.00017761
-32.5000,  4.5000,  0.00015369
-32.5000,  5.5000,  0.00013508
-32.5000,  6.5000,  0.00011971
-32.5000,  7.5000,  0.00010586
-32.5000,  8.5000,  0.00009644
-32.5000,  9.5000,  0.00008719
-32.5000, 10.5000,  0.00007825
-32.5000, 11.5000,  0.00007074
-32.5000, 12.5000,  0.00006468
-31.5000,-36.5000,  0.00009944
-31.5000,-35.5000,  0.00011037
-31.5000,-34.5000,  0.00012167
-31.5000,-33.5000,  0.00013462
-31.5000,-32.5000,  0.00014792
-31.5000,-31.5000,  0.00016046
-31.5000,-30.5000,  0.00017442
-31.5000,-29.5000,  0.00018700
-31.5000,-28.5000,  0.00020146
-31.5000,-27.5000,  0.00021469
-31.5000,-26.5000,  0.00022880
-31.5000,-25.5000,  0.00024363
-31.5000,-24.5000,  0.00025593
-31.5000,-23.5000,  0.00026935
-31.5000,-22.5000,  0.00028104
-31.5000,-21.5000,  0.00028367
-31.5000,-20.5000,  0.00027588
-31.5000,-19.5000,  0.00027665
-31.5000,-18.5000,  0.00027980
-31.5000,-17.5000,  0.00028493
-31.5000,-16.5000,  0.00028630
-31.5000,-15.5000,  0.00029037
-31.5000,-14.5000,  0.00029567
-31.5000,-13.5000,  0.00029997
-31.5000,-12.5000,  0.00030735
-31.5000,-11.5000,  0.00032122
-31.5000,-10.5000,  0.00033738
-31.5000, -9.5000,  0.00037456
-31.5000, -8.5000,  0.00041289
-31.5000, -7.5000,  0.00047677
-31.5000, -6.5000,  0.00043362
-31.5000, -5.5000,  0.00045118
-31.5000, -4.5000,  0.00044995
-31.5000, -3.5000,  0.00041012
-31.5000, -2.5000,  0.00037809
-31.5000, -1.5000,  0.00032671
-31.5000, -0.5000,  0.00027576
-31.5000,  0.5000,  0.00023309
-31.5000,  1.5000,  0.00020293
-31.5000,  2.5000,  0.00017848
-31.5000,  3.5000,  0.00015717
-31.5000,  4.5000,  0.00013822
-31.5000,  5.5000,  0.00012262
-31.5000,  6.5000,  0.00011043
-31.5000,  7.5000,  0.00009894
-31.5000,  8.5000,  0.00008910
-31.5000,  9.5000,  0.00008068
-31.5000, 10.5000,  0.00007304
-31.5000, 11.5000,  0.00006626
-31.5000, 12.5000,  0.00006076
-30.5000,-36.5000,  0.00009222
-30.5000,-35.5000,  0.00010134
-30.5000,-34.5000,  0.00011127
-30.5000,-33.5000,  0.00012243
-30.5000,-32.5000,  0.00013342
-30.5000,-31.5000,  0.00014502
-30.5000,-30.5000,  0.00015617
-30.5000,-29.5000,  0.00016722
-30.5000,-28.5000,  0.00017790
-30.5000,-27.5000,  0.00019070
-30.5000,-26.5000,  0.00020268
-30.5000,-25.5000,  0.00021363
-30.5000,-24.5000,  0.00022544
-30.5000,-23.5000,  0.00023578
-30.5000,-22.5000,  0.00024520
-30.5000,-21.5000,  0.00024500
-30.5000,-20.5000,  0.00023889
-30.5000,-19.5000,  0.00024022
-30.5000,-18.5000,  0.00024453
-30.5000,-17.5000,  0.00024810
-30.5000,-16.5000,  0.00024886
-30.5000,-15.5000,  0.00025299
-30.5000,-14.5000,  0.00025642
-30.5000,-13.5000,  0.00025904
-30.5000,-12.5000,  0.00026494
-30.5000,-11.5000,  0.00027427
-30.5000,-10.5000,  0.00028705
-30.5000, -9.5000,  0.00029300
-30.5000, -8.5000,  0.00031247
-30.5000, -7.5000,  0.00034110
-30.5000, -6.5000,  0.00035475
-30.5000, -5.5000,  0.00032036
-30.5000, -4.5000,  0.00032020
-30.5000, -3.5000,  0.00032394
-30.5000, -2.5000,  0.00029011
-30.5000, -1.5000,  0.00025342
-30.5000, -0.5000,  0.00022530
-30.5000,  0.5000,  0.00019757
-30.5000,  1.5000,  0.00017454
-30.5000,  2.5000,  0.00015452
-30.5000,  3.5000,  0.00013898
-30.5000,  4.5000,  0.00012470
-30.5000,  5.5000,  0.00011119
-30.5000,  6.5000,  0.00010005
-30.5000,  7.5000,  0.00009054
-30.5000,  8.5000,  0.00008227
-30.5000,  9.5000,  0.00007502
-30.5000, 10.5000,  0.00006864
-30.5000, 11.5000,  0.00006255
-30.5000, 12.5000,  0.00005751
