Longitude,Latitude,Smoothed Rate
-80.00000,-37.00000,-6.24944e+00
-80.00000,-36.00000,-6.22905e+00
-80.00000,-35.00000,-6.20865e+00
-80.00000,-34.00000,-6.18809e+00
-80.00000,-33.00000,-6.16750e+00
-80.00000,-32.00000,-6.14782e+00
-80.00000,-31.00000,-6.12872e+00
-80.00000,-30.00000,-6.10962e+00
-80.00000,-29.00000,-6.09062e+00
-80.00000,-28.00000,-6.07226e+00
-80.00000,-27.00000,-6.05441e+00
-80.00000,-26.00000,-6.03680e+00
-80.00000,-25.00000,-6.02001e+00
-80.00000,-24.00000,-6.00387e+00
-80.00000,-23.00000,-5.98837e+00
-80.00000,-22.00000,-5.97336e+00
-80.00000,-21.00000,-5.95907e+00
-80.00000,-20.00000,-5.94569e+00
-80.00000,-19.00000,-5.93306e+00
-80.00000,-18.00000,-5.92144e+00
-80.00000,-17.00000,-5.91058e+00
-80.00000,-16.00000,-5.90051e+00
-80.00000,-15.00000,-5.89170e+00
-80.00000,-14.00000,-5.88392e+00
-80.00000,-13.00000,-5.87713e+00
-80.00000,-12.00000,-5.87151e+00
-80.00000,-11.00000,-5.86691e+00
-80.00000,-10.00000,-5.86357e+00
-80.00000,-9.00000,-5.86112e+00
-80.00000,-8.00000,-5.86017e+00
-80.00000,-7.00000,-5.86017e+00
-80.00000,-6.00000,-5.86148e+00
-80.00000,-5.00000,-5.86390e+00
-80.00000,-4.00000,-5.86737e+00
-80.00000,-3.00000,-5.87213e+00
-80.00000,-2.00000,-5.87807e+00
-80.00000,-1.00000,-5.88503e+00
-80.00000,0.00000,-5.89304e+00
-80.00000,1.00000,-5.90206e+00
-80.00000,2.00000,-5.91261e+00
-80.00000,3.00000,-5.92436e+00
-80.00000,4.00000,-5.93654e+00
-80.00000,5.00000,-5.94932e+00
-80.00000,6.00000,-5.96326e+00
-80.00000,7.00000,-5.97807e+00
-80.00000,8.00000,-5.99332e+00
-80.00000,9.00000,-6.00934e+00
-80.00000,10.00000,-6.02603e+00
-80.00000,11.00000,-6.04337e+00
-80.00000,12.00000,-6.06121e+00
-79.00000,-37.00000,-6.01205e+00
-79.00000,-36.00000,-5.98503e+00
-79.00000,-35.00000,-5.95791e+00
-79.00000,-34.00000,-5.93066e+00
-79.00000,-33.00000,-5.90331e+00
-79.00000,-32.00000,-5.87635e+00
-79.00000,-31.00000,-5.84915e+00
-79.00000,-30.00000,-5.82234e+00
-79.00000,-29.00000,-5.79597e+00
-79.00000,-28.00000,-5.76966e+00
-79.00000,-27.00000,-5.74368e+00
-79.00000,-26.00000,-5.71826e+00
-79.00000,-25.00000,-5.69339e+00
-79.00000,-24.00000,-5.66893e+00
-79.00000,-23.00000,-5.64539e+00
-79.00000,-22.00000,-5.62214e+00
-79.00000,-21.00000,-5.60022e+00
-79.00000,-20.00000,-5.57929e+00
-79.00000,-19.00000,-5.55946e+00
-79.00000,-18.00000,-5.54055e+00
-79.00000,-17.00000,-5.52329e+00
-79.00000,-16.00000,-5.50760e+00
-79.00000,-15.00000,-5.49333e+00
-79.00000,-14.00000,-5.48065e+00
-79.00000,-13.00000,-5.46954e+00
-79.00000,-12.00000,-5.45976e+00
-79.00000,-11.00000,-5.45210e+00
-79.00000,-10.00000,-5.44610e+00
-79.00000,-9.00000,-5.44217e+00
-79.00000,-8.00000,-5.43970e+00
-79.00000,-7.00000,-5.43953e+00
-79.00000,-6.00000,-5.44123e+00
-79.00000,-5.00000,-5.44496e+00
-79.00000,-4.00000,-5.45073e+00
-79.00000,-3.00000,-5.45832e+00
-79.00000,-2.00000,-5.46764e+00
-79.00000,-1.00000,-5.47865e+00
-79.00000,0.00000,-5.49144e+00
-79.00000,1.00000,-5.50596e+00
-79.00000,2.00000,-5.52206e+00
-79.00000,3.00000,-5.53952e+00
-79.00000,4.00000,-5.55841e+00
-79.00000,5.00000,-5.57839e+00
-79.00000,6.00000,-5.59945e+00
-79.00000,7.00000,-5.62172e+00
-79.00000,8.00000,-5.64492e+00
-79.00000,9.00000,-5.66884e+00
-79.00000,10.00000,-5.69386e+00
-79.00000,11.00000,-5.71989e+00
-79.00000,12.00000,-5.74603e+00
-78.00000,-37.00000,-5.80955e+00
-78.00000,-36.00000,-5.77571e+00
-78.00000,-35.00000,-5.74122e+00
-78.00000,-34.00000,-5.70651e+00
-78.00000,-33.00000,-5.67127e+00
-78.00000,-32.00000,-5.63556e+00
-78.00000,-31.00000,-5.59968e+00
-78.00000,-30.00000,-5.56366e+00
-78.00000,-29.00000,-5.52718e+00
-78.00000,-28.00000,-5.49106e+00
-78.00000,-27.00000,-5.45449e+00
-78.00000,-26.00000,-5.41827e+00
-78.00000,-25.00000,-5.38224e+00
-78.00000,-24.00000,-5.34681e+00
-78.00000,-23.00000,-5.31171e+00
-78.00000,-22.00000,-5.27731e+00
-78.00000,-21.00000,-5.24383e+00
-78.00000,-20.00000,-5.21143e+00
-78.00000,-19.00000,-5.18018e+00
-78.00000,-18.00000,-5.15064e+00
-78.00000,-17.00000,-5.12258e+00
-78.00000,-16.00000,-5.09642e+00
-78.00000,-15.00000,-5.07234e+00
-78.00000,-14.00000,-5.05078e+00
-78.00000,-13.00000,-5.03170e+00
-78.00000,-12.00000,-5.01543e+00
-78.00000,-11.00000,-5.00196e+00
-78.00000,-10.00000,-4.99170e+00
-78.00000,-9.00000,-4.98465e+00
-78.00000,-8.00000,-4.98078e+00
-78.00000,-7.00000,-4.98046e+00
-78.00000,-6.00000,-4.98325e+00
-78.00000,-5.00000,-4.98937e+00
-78.00000,-4.00000,-4.99885e+00
-78.00000,-3.00000,-5.01133e+00
-78.00000,-2.00000,-5.02703e+00
-78.00000,-1.00000,-5.04531e+00
-78.00000,0.00000,-5.06631e+00
-78.00000,1.00000,-5.08989e+00
-78.00000,2.00000,-5.11630e+00
-78.00000,3.00000,-5.14409e+00
-78.00000,4.00000,-5.17398e+00
-78.00000,5.00000,-5.20515e+00
-78.00000,6.00000,-5.23779e+00
-78.00000,7.00000,-5.27153e+00
-78.00000,8.00000,-5.30654e+00
-78.00000,9.00000,-5.34206e+00
-78.00000,10.00000,-5.37860e+00
-78.00000,11.00000,-5.41562e+00
-78.00000,12.00000,-5.45282e+00
-77.00000,-37.00000,-5.64268e+00
-77.00000,-36.00000,-5.60246e+00
-77.00000,-35.00000,-5.56099e+00
-77.00000,-34.00000,-5.51856e+00
-77.00000,-33.00000,-5.47533e+00
-77.00000,-32.00000,-5.43097e+00
-77.00000,-31.00000,-5.38547e+00
-77.00000,-30.00000,-5.33938e+00
-77.00000,-29.00000,-5.29209e+00
-77.00000,-28.00000,-5.24420e+00
-77.00000,-27.00000,-5.19499e+00
-77.00000,-26.00000,-5.14571e+00
-77.00000,-25.00000,-5.09595e+00
-77.00000,-24.00000,-5.04590e+00
-77.00000,-23.00000,-4.99562e+00
-77.00000,-22.00000,-4.94554e+00
-77.00000,-21.00000,-4.89565e+00
-77.00000,-20.00000,-4.84636e+00
-77.00000,-19.00000,-4.79787e+00
-77.00000,-18.00000,-4.75101e+00
-77.00000,-17.00000,-4.70558e+00
-77.00000,-16.00000,-4.66233e+00
-77.00000,-15.00000,-4.62183e+00
-77.00000,-14.00000,-4.58448e+00
-77.00000,-13.00000,-4.55099e+00
-77.00000,-12.00000,-4.52173e+00
-77.00000,-11.00000,-4.49737e+00
-77.00000,-10.00000,-4.47831e+00
-77.00000,-9.00000,-4.46499e+00
-77.00000,-8.00000,-4.45770e+00
-77.00000,-7.00000,-4.45659e+00
-77.00000,-6.00000,-4.46168e+00
-77.00000,-5.00000,-4.47280e+00
-77.00000,-4.00000,-4.48964e+00
-77.00000,-3.00000,-4.51209e+00
-77.00000,-2.00000,-4.53950e+00
-77.00000,-1.00000,-4.57139e+00
-77.00000,0.00000,-4.60721e+00
-77.00000,1.00000,-4.64651e+00
-77.00000,2.00000,-4.68883e+00
-77.00000,3.00000,-4.73370e+00
-77.00000,4.00000,-4.78044e+00
-77.00000,5.00000,-4.82881e+00
-77.00000,6.00000,-4.87853e+00
-77.00000,7.00000,-4.92952e+00
-77.00000,8.00000,-4.98083e+00
-77.00000,9.00000,-5.03213e+00
-77.00000,10.00000,-5.08373e+00
-77.00000,11.00000,-5.13515e+00
-77.00000,12.00000,-5.18617e+00
-76.00000,-37.00000,-5.50535e+00
-76.00000,-36.00000,-5.46012e+00
-76.00000,-35.00000,-5.41316e+00
-76.00000,-34.00000,-5.36432e+00
-76.00000,-33.00000,-5.31465e+00
-76.00000,-32.00000,-5.26285e+00
-76.00000,-31.00000,-5.20955e+00
-76.00000,-30.00000,-5.15396e+00
-76.00000,-29.00000,-5.09590e+00
-76.00000,-28.00000,-5.03684e+00
-76.00000,-27.00000,-4.97552e+00
-76.00000,-26.00000,-4.91211e+00
-76.00000,-25.00000,-4.84773e+00
-76.00000,-24.00000,-4.78145e+00
-76.00000,-23.00000,-4.71346e+00
-76.00000,-22.00000,-4.64388e+00
-76.00000,-21.00000,-4.57300e+00
-76.00000,-20.00000,-4.50097e+00
-76.00000,-19.00000,-4.42821e+00
-76.00000,-18.00000,-4.35513e+00
-76.00000,-17.00000,-4.28217e+00
-76.00000,-16.00000,-4.21028e+00
-76.00000,-15.00000,-4.14022e+00
-76.00000,-14.00000,-4.07316e+00
-76.00000,-13.00000,-4.01039e+00
-76.00000,-12.00000,-3.95347e+00
-76.00000,-11.00000,-3.90429e+00
-76.00000,-10.00000,-3.86453e+00
-76.00000,-9.00000,-3.83604e+00
-76.00000,-8.00000,-3.82021e+00
-76.00000,-7.00000,-3.81789e+00
-76.00000,-6.00000,-3.82874e+00
-76.00000,-5.00000,-3.85238e+00
-76.00000,-4.00000,-3.88744e+00
-76.00000,-3.00000,-3.93205e+00
-76.00000,-2.00000,-3.98465e+00
-76.00000,-1.00000,-4.04364e+00
-76.00000,0.00000,-4.10758e+00
-76.00000,1.00000,-4.17542e+00
-76.00000,2.00000,-4.24573e+00
-76.00000,3.00000,-4.31791e+00
-76.00000,4.00000,-4.39117e+00
-76.00000,5.00000,-4.46508e+00
-76.00000,6.00000,-4.53860e+00
-76.00000,7.00000,-4.61162e+00
-76.00000,8.00000,-4.68375e+00
-76.00000,9.00000,-4.75460e+00
-76.00000,10.00000,-4.82411e+00
-76.00000,11.00000,-4.89194e+00
-76.00000,12.00000,-4.95803e+00
-75.00000,-37.00000,-5.39354e+00
-75.00000,-36.00000,-5.34616e+00
-75.00000,-35.00000,-5.29567e+00
-75.00000,-34.00000,-5.24401e+00
-75.00000,-33.00000,-5.19010e+00
-75.00000,-32.00000,-5.13374e+00
-75.00000,-31.00000,-5.07493e+00
-75.00000,-30.00000,-5.01356e+00
-75.00000,-29.00000,-4.94920e+00
-75.00000,-28.00000,-4.88184e+00
-75.00000,-27.00000,-4.81121e+00
-75.00000,-26.00000,-4.73711e+00
-75.00000,-25.00000,-4.65969e+00
-75.00000,-24.00000,-4.57848e+00
-75.00000,-23.00000,-4.49333e+00
-75.00000,-22.00000,-4.40417e+00
-75.00000,-21.00000,-4.31050e+00
-75.00000,-20.00000,-4.21266e+00
-75.00000,-19.00000,-4.11039e+00
-75.00000,-18.00000,-4.00366e+00
-75.00000,-17.00000,-3.89249e+00
-75.00000,-16.00000,-3.77730e+00
-75.00000,-15.00000,-3.65860e+00
-75.00000,-14.00000,-3.53699e+00
-75.00000,-13.00000,-3.41412e+00
-75.00000,-12.00000,-3.29263e+00
-75.00000,-11.00000,-3.17628e+00
-75.00000,-10.00000,-3.07189e+00
-75.00000,-9.00000,-2.99002e+00
-75.00000,-8.00000,-2.94307e+00
-75.00000,-7.00000,-2.93948e+00
-75.00000,-6.00000,-2.97871e+00
-75.00000,-5.00000,-3.05066e+00
-75.00000,-4.00000,-3.14304e+00
-75.00000,-3.00000,-3.24665e+00
-75.00000,-2.00000,-3.35623e+00
-75.00000,-1.00000,-3.46907e+00
-75.00000,0.00000,-3.58385e+00
-75.00000,1.00000,-3.69884e+00
-75.00000,2.00000,-3.81310e+00
-75.00000,3.00000,-3.92585e+00
-75.00000,4.00000,-4.03554e+00
-75.00000,5.00000,-4.14198e+00
-75.00000,6.00000,-4.24468e+00
-75.00000,7.00000,-4.34358e+00
-75.00000,8.00000,-4.43839e+00
-75.00000,9.00000,-4.52937e+00
-75.00000,10.00000,-4.61673e+00
-75.00000,11.00000,-4.70066e+00
-75.00000,12.00000,-4.78084e+00
-74.00000,-37.00000,-5.30175e+00
-74.00000,-36.00000,-5.25410e+00
-74.00000,-35.00000,-5.20382e+00
-74.00000,-34.00000,-5.15152e+00
-74.00000,-33.00000,-5.09563e+00
-74.00000,-32.00000,-5.03817e+00
-74.00000,-31.00000,-4.97737e+00
-74.00000,-30.00000,-4.91370e+00
-74.00000,-29.00000,-4.84640e+00
-74.00000,-28.00000,-4.77514e+00
-74.00000,-27.00000,-4.69890e+00
-74.00000,-26.00000,-4.61886e+00
-74.00000,-25.00000,-4.53399e+00
-74.00000,-24.00000,-4.44319e+00
-74.00000,-23.00000,-4.34699e+00
-74.00000,-22.00000,-4.24326e+00
-74.00000,-21.00000,-4.13313e+00
-74.00000,-20.00000,-4.01479e+00
-74.00000,-19.00000,-3.88722e+00
-74.00000,-18.00000,-3.74922e+00
-74.00000,-17.00000,-3.59926e+00
-74.00000,-16.00000,-3.43649e+00
-74.00000,-15.00000,-3.25913e+00
-74.00000,-14.00000,-3.06643e+00
-74.00000,-13.00000,-2.85768e+00
-74.00000,-12.00000,-2.63328e+00
-74.00000,-11.00000,-2.39422e+00
-74.00000,-10.00000,-2.14614e+00
-74.00000,-9.00000,-1.91314e+00
-74.00000,-8.00000,-1.76082e+00
-74.00000,-7.00000,-1.76685e+00
-74.00000,-6.00000,-1.92422e+00
-74.00000,-5.00000,-2.14458e+00
-74.00000,-4.00000,-2.36208e+00
-74.00000,-3.00000,-2.55997e+00
-74.00000,-2.00000,-2.74493e+00
-74.00000,-1.00000,-2.92548e+00
-74.00000,0.00000,-3.10467e+00
-74.00000,1.00000,-3.27991e+00
-74.00000,2.00000,-3.44860e+00
-74.00000,3.00000,-3.60822e+00
-74.00000,4.00000,-3.75770e+00
-74.00000,5.00000,-3.89737e+00
-74.00000,6.00000,-4.02754e+00
-74.00000,7.00000,-4.14896e+00
-74.00000,8.00000,-4.26276e+00
-74.00000,9.00000,-4.36954e+00
-74.00000,10.00000,-4.47003e+00
-74.00000,11.00000,-4.56487e+00
-74.00000,12.00000,-4.65450e+00
-73.00000,-37.00000,-5.21471e+00
-73.00000,-36.00000,-5.16856e+00
-73.00000,-35.00000,-5.12029e+00
-73.00000,-34.00000,-5.06998e+00
-73.00000,-33.00000,-5.01502e+00
-73.00000,-32.00000,-4.95932e+00
-73.00000,-31.00000,-4.90062e+00
-73.00000,-30.00000,-4.83817e+00
-73.00000,-29.00000,-4.77239e+00
-73.00000,-28.00000,-4.70246e+00
-73.00000,-27.00000,-4.62807e+00
-73.00000,-26.00000,-4.54855e+00
-73.00000,-25.00000,-4.46360e+00
-73.00000,-24.00000,-4.37230e+00
-73.00000,-23.00000,-4.27421e+00
-73.00000,-22.00000,-4.16821e+00
-73.00000,-21.00000,-4.05327e+00
-73.00000,-20.00000,-3.92779e+00
-73.00000,-19.00000,-3.79013e+00
-73.00000,-18.00000,-3.63745e+00
-73.00000,-17.00000,-3.46634e+00
-73.00000,-16.00000,-3.27210e+00
-73.00000,-15.00000,-3.04864e+00
-73.00000,-14.00000,-2.78890e+00
-73.00000,-13.00000,-2.48753e+00
-73.00000,-12.00000,-2.14908e+00
-73.00000,-11.00000,-1.80112e+00
-73.00000,-10.00000,-1.47853e+00
-73.00000,-9.00000,-1.14522e+00
-73.00000,-8.00000,-8.40681e-01
-73.00000,-7.00000,-9.50566e-01
-73.00000,-6.00000,-1.38278e+00
-73.00000,-5.00000,-1.76092e+00
-73.00000,-4.00000,-2.02912e+00
-73.00000,-3.00000,-2.23768e+00
-73.00000,-2.00000,-2.43483e+00
-73.00000,-1.00000,-2.64114e+00
-73.00000,0.00000,-2.85359e+00
-73.00000,1.00000,-3.06158e+00
-73.00000,2.00000,-3.25743e+00
-73.00000,3.00000,-3.43853e+00
-73.00000,4.00000,-3.60483e+00
-73.00000,5.00000,-3.75809e+00
-73.00000,6.00000,-3.90036e+00
-73.00000,7.00000,-4.03260e+00
-73.00000,8.00000,-4.15615e+00
-73.00000,9.00000,-4.27166e+00
-73.00000,10.00000,-4.37985e+00
-73.00000,11.00000,-4.48130e+00
-73.00000,12.00000,-4.57657e+00
-72.00000,-37.00000,-5.12980e+00
-72.00000,-36.00000,-5.08601e+00
-72.00000,-35.00000,-5.04042e+00
-72.00000,-34.00000,-4.99296e+00
-72.00000,-33.00000,-4.94308e+00
-72.00000,-32.00000,-4.89085e+00
-72.00000,-31.00000,-4.83593e+00
-72.00000,-30.00000,-4.77780e+00
-72.00000,-29.00000,-4.71595e+00
-72.00000,-28.00000,-4.65071e+00
-72.00000,-27.00000,-4.58112e+00
-72.00000,-26.00000,-4.50676e+00
-72.00000,-25.00000,-4.42710e+00
-72.00000,-24.00000,-4.34162e+00
-72.00000,-23.00000,-4.24946e+00
-72.00000,-22.00000,-4.14975e+00
-72.00000,-21.00000,-4.04154e+00
-72.00000,-20.00000,-3.92312e+00
-72.00000,-19.00000,-3.79413e+00
-72.00000,-18.00000,-3.65237e+00
-72.00000,-17.00000,-3.49376e+00
-72.00000,-16.00000,-3.31522e+00
-72.00000,-15.00000,-3.11006e+00
-72.00000,-14.00000,-2.87085e+00
-72.00000,-13.00000,-2.58934e+00
-72.00000,-12.00000,-2.26869e+00
-72.00000,-11.00000,-1.94793e+00
-72.00000,-10.00000,-1.70628e+00
-72.00000,-9.00000,-1.55221e+00
-72.00000,-8.00000,-1.44174e+00
-72.00000,-7.00000,-1.56840e+00
-72.00000,-6.00000,-1.89022e+00
-72.00000,-5.00000,-2.16324e+00
-72.00000,-4.00000,-2.35121e+00
-72.00000,-3.00000,-2.49564e+00
-72.00000,-2.00000,-2.62817e+00
-72.00000,-1.00000,-2.76035e+00
-72.00000,0.00000,-2.89070e+00
-72.00000,1.00000,-3.02019e+00
-72.00000,2.00000,-3.15591e+00
-72.00000,3.00000,-3.30330e+00
-72.00000,4.00000,-3.46136e+00
-72.00000,5.00000,-3.62341e+00
-72.00000,6.00000,-3.78163e+00
-72.00000,7.00000,-3.93122e+00
-72.00000,8.00000,-4.07050e+00
-72.00000,9.00000,-4.19920e+00
-72.00000,10.00000,-4.31718e+00
-72.00000,11.00000,-4.42586e+00
-72.00000,12.00000,-4.52592e+00
-71.00000,-37.00000,-5.03977e+00
-71.00000,-36.00000,-4.99627e+00
-71.00000,-35.00000,-4.95191e+00
-71.00000,-34.00000,-4.90628e+00
-71.00000,-33.00000,-4.85934e+00
-71.00000,-32.00000,-4.81123e+00
-71.00000,-31.00000,-4.76099e+00
-71.00000,-30.00000,-4.70779e+00
-71.00000,-29.00000,-4.65157e+00
-71.00000,-28.00000,-4.58916e+00
-71.00000,-27.00000,-4.52511e+00
-71.00000,-26.00000,-4.45896e+00
-71.00000,-25.00000,-4.38840e+00
-71.00000,-24.00000,-4.31263e+00
-71.00000,-23.00000,-4.23091e+00
-71.00000,-22.00000,-4.14254e+00
-71.00000,-21.00000,-4.04670e+00
-71.00000,-20.00000,-3.94228e+00
-71.00000,-19.00000,-3.82842e+00
-71.00000,-18.00000,-3.70388e+00
-71.00000,-17.00000,-3.56829e+00
-71.00000,-16.00000,-3.42059e+00
-71.00000,-15.00000,-3.26215e+00
-71.00000,-14.00000,-3.09597e+00
-71.00000,-13.00000,-2.92935e+00
-71.00000,-12.00000,-2.77479e+00
-71.00000,-11.00000,-2.64960e+00
-71.00000,-10.00000,-2.57060e+00
-71.00000,-9.00000,-2.54486e+00
-71.00000,-8.00000,-2.56526e+00
-71.00000,-7.00000,-2.61831e+00
-71.00000,-6.00000,-2.68781e+00
-71.00000,-5.00000,-2.75713e+00
-71.00000,-4.00000,-2.81017e+00
-71.00000,-3.00000,-2.83071e+00
-71.00000,-2.00000,-2.79692e+00
-71.00000,-1.00000,-2.68585e+00
-71.00000,0.00000,-2.51097e+00
-71.00000,1.00000,-2.37353e+00
-71.00000,2.00000,-2.41703e+00
-71.00000,3.00000,-2.65980e+00
-71.00000,4.00000,-2.98860e+00
-71.00000,5.00000,-3.30631e+00
-71.00000,6.00000,-3.57576e+00
-71.00000,7.00000,-3.79789e+00
-71.00000,8.00000,-3.98105e+00
-71.00000,9.00000,-4.13473e+00
-71.00000,10.00000,-4.26607e+00
-71.00000,11.00000,-4.38088e+00
-71.00000,12.00000,-4.48312e+00
-70.00000,-37.00000,-4.97468e+00
-70.00000,-36.00000,-4.93437e+00
-70.00000,-35.00000,-4.89366e+00
-70.00000,-34.00000,-4.85174e+00
-70.00000,-33.00000,-4.80889e+00
-70.00000,-32.00000,-4.76467e+00
-70.00000,-31.00000,-4.71908e+00
-70.00000,-30.00000,-4.67148e+00
-70.00000,-29.00000,-4.62205e+00
-70.00000,-28.00000,-4.57048e+00
-70.00000,-27.00000,-4.51615e+00
-70.00000,-26.00000,-4.45863e+00
-70.00000,-25.00000,-4.39758e+00
-70.00000,-24.00000,-4.33223e+00
-70.00000,-23.00000,-4.26165e+00
-70.00000,-22.00000,-4.18555e+00
-70.00000,-21.00000,-4.10259e+00
-70.00000,-20.00000,-4.01137e+00
-70.00000,-19.00000,-3.91037e+00
-70.00000,-18.00000,-3.79703e+00
-70.00000,-17.00000,-3.66952e+00
-70.00000,-16.00000,-3.52483e+00
-70.00000,-15.00000,-3.36141e+00
-70.00000,-14.00000,-3.18007e+00
-70.00000,-13.00000,-2.99021e+00
-70.00000,-12.00000,-2.81467e+00
-70.00000,-11.00000,-2.68909e+00
-70.00000,-10.00000,-2.64727e+00
-70.00000,-9.00000,-2.69287e+00
-70.00000,-8.00000,-2.79488e+00
-70.00000,-7.00000,-2.91182e+00
-70.00000,-6.00000,-3.01476e+00
-70.00000,-5.00000,-3.08757e+00
-70.00000,-4.00000,-3.11828e+00
-70.00000,-3.00000,-3.08724e+00
-70.00000,-2.00000,-2.96288e+00
-70.00000,-1.00000,-2.71387e+00
-70.00000,0.00000,-2.36737e+00
-70.00000,1.00000,-2.08785e+00
-70.00000,2.00000,-2.11370e+00
-70.00000,3.00000,-2.45442e+00
-70.00000,4.00000,-2.89741e+00
-70.00000,5.00000,-3.29600e+00
-70.00000,6.00000,-3.60973e+00
-70.00000,7.00000,-3.85084e+00
-70.00000,8.00000,-4.03859e+00
-70.00000,9.00000,-4.18955e+00
-70.00000,10.00000,-4.31548e+00
-70.00000,11.00000,-4.42360e+00
-70.00000,12.00000,-4.51907e+00
-69.00000,-37.00000,-4.85626e+00
-69.00000,-36.00000,-4.81590e+00
-69.00000,-35.00000,-4.77523e+00
-69.00000,-34.00000,-4.73427e+00
-69.00000,-33.00000,-4.69275e+00
-69.00000,-32.00000,-4.65068e+00
-69.00000,-31.00000,-4.60753e+00
-69.00000,-30.00000,-4.56385e+00
-69.00000,-29.00000,-4.51896e+00
-69.00000,-28.00000,-4.47250e+00
-69.00000,-27.00000,-4.42449e+00
-69.00000,-26.00000,-4.37455e+00
-69.00000,-25.00000,-4.32213e+00
-69.00000,-24.00000,-4.26684e+00
-69.00000,-23.00000,-4.20796e+00
-69.00000,-22.00000,-4.14479e+00
-69.00000,-21.00000,-4.07643e+00
-69.00000,-20.00000,-4.00158e+00
-69.00000,-19.00000,-3.91863e+00
-69.00000,-18.00000,-3.82550e+00
-69.00000,-17.00000,-3.71936e+00
-69.00000,-16.00000,-3.59667e+00
-69.00000,-15.00000,-3.45479e+00
-69.00000,-14.00000,-3.29340e+00
-69.00000,-13.00000,-3.12018e+00
-69.00000,-12.00000,-2.95701e+00
-69.00000,-11.00000,-2.84096e+00
-69.00000,-10.00000,-2.80737e+00
-69.00000,-9.00000,-2.86177e+00
-69.00000,-8.00000,-2.97291e+00
-69.00000,-7.00000,-3.09809e+00
-69.00000,-6.00000,-3.20781e+00
-69.00000,-5.00000,-3.28936e+00
-69.00000,-4.00000,-3.33813e+00
-69.00000,-3.00000,-3.35094e+00
-69.00000,-2.00000,-3.32438e+00
-69.00000,-1.00000,-3.26007e+00
-69.00000,0.00000,-3.17731e+00
-69.00000,1.00000,-3.12574e+00
-69.00000,2.00000,-3.16129e+00
-69.00000,3.00000,-3.29194e+00
-69.00000,4.00000,-3.47447e+00
-69.00000,5.00000,-3.66331e+00
-69.00000,6.00000,-3.83497e+00
-69.00000,7.00000,-3.98406e+00
-69.00000,8.00000,-4.11245e+00
-69.00000,9.00000,-4.22415e+00
-69.00000,10.00000,-4.32313e+00
-69.00000,11.00000,-4.41249e+00
-69.00000,12.00000,-4.49449e+00
-68.00000,-37.00000,-4.72532e+00
-68.00000,-36.00000,-4.68323e+00
-68.00000,-35.00000,-4.64096e+00
-68.00000,-34.00000,-4.59903e+00
-68.00000,-33.00000,-4.55701e+00
-68.00000,-32.00000,-4.51519e+00
-68.00000,-31.00000,-4.47321e+00
-68.00000,-30.00000,-4.43114e+00
-68.00000,-29.00000,-4.38869e+00
-68.00000,-28.00000,-4.34578e+00
-68.00000,-27.00000,-4.30214e+00
-68.00000,-26.00000,-4.25756e+00
-68.00000,-25.00000,-4.21155e+00
-68.00000,-24.00000,-4.16395e+00
-68.00000,-23.00000,-4.11423e+00
-68.00000,-22.00000,-4.06203e+00
-68.00000,-21.00000,-4.00674e+00
-68.00000,-20.00000,-3.94774e+00
-68.00000,-19.00000,-3.88442e+00
-68.00000,-18.00000,-3.81585e+00
-68.00000,-17.00000,-3.74142e+00
-68.00000,-16.00000,-3.66056e+00
-68.00000,-15.00000,-3.57331e+00
-68.00000,-14.00000,-3.48177e+00
-68.00000,-13.00000,-3.39115e+00
-68.00000,-12.00000,-3.31133e+00
-68.00000,-11.00000,-3.25519e+00
-68.00000,-10.00000,-3.23365e+00
-68.00000,-9.00000,-3.24759e+00
-68.00000,-8.00000,-3.28774e+00
-68.00000,-7.00000,-3.34004e+00
-68.00000,-6.00000,-3.39295e+00
-68.00000,-5.00000,-3.44020e+00
-68.00000,-4.00000,-3.47898e+00
-68.00000,-3.00000,-3.50893e+00
-68.00000,-2.00000,-3.53176e+00
-68.00000,-1.00000,-3.55096e+00
-68.00000,0.00000,-3.57161e+00
-68.00000,1.00000,-3.60178e+00
-68.00000,2.00000,-3.64696e+00
-68.00000,3.00000,-3.70924e+00
-68.00000,4.00000,-3.78602e+00
-68.00000,5.00000,-3.87115e+00
-68.00000,6.00000,-3.95944e+00
-68.00000,7.00000,-4.04733e+00
-68.00000,8.00000,-4.13261e+00
-68.00000,9.00000,-4.21495e+00
-68.00000,10.00000,-4.29381e+00
-68.00000,11.00000,-4.36953e+00
-68.00000,12.00000,-4.44241e+00
-67.00000,-37.00000,-4.58327e+00
-67.00000,-36.00000,-4.53741e+00
-67.00000,-35.00000,-4.49194e+00
-67.00000,-34.00000,-4.44696e+00
-67.00000,-33.00000,-4.40263e+00
-67.00000,-32.00000,-4.35887e+00
-67.00000,-31.00000,-4.31573e+00
-67.00000,-30.00000,-4.27316e+00
-67.00000,-29.00000,-4.23109e+00
-67.00000,-28.00000,-4.18940e+00
-67.00000,-27.00000,-4.14778e+00
-67.00000,-26.00000,-4.10607e+00
-67.00000,-25.00000,-4.06389e+00
-67.00000,-24.00000,-4.02084e+00
-67.00000,-23.00000,-3.97660e+00
-67.00000,-22.00000,-3.93067e+00
-67.00000,-21.00000,-3.88278e+00
-67.00000,-20.00000,-3.83247e+00
-67.00000,-19.00000,-3.77966e+00
-67.00000,-18.00000,-3.72412e+00
-67.00000,-17.00000,-3.66659e+00
-67.00000,-16.00000,-3.60779e+00
-67.00000,-15.00000,-3.54908e+00
-67.00000,-14.00000,-3.49318e+00
-67.00000,-13.00000,-3.44243e+00
-67.00000,-12.00000,-3.40070e+00
-67.00000,-11.00000,-3.37143e+00
-67.00000,-10.00000,-3.35599e+00
-67.00000,-9.00000,-3.35395e+00
-67.00000,-8.00000,-3.36331e+00
-67.00000,-7.00000,-3.37984e+00
-67.00000,-6.00000,-3.40035e+00
-67.00000,-5.00000,-3.42219e+00
-67.00000,-4.00000,-3.44405e+00
-67.00000,-3.00000,-3.46617e+00
-67.00000,-2.00000,-3.48997e+00
-67.00000,-1.00000,-3.51736e+00
-67.00000,0.00000,-3.55050e+00
-67.00000,1.00000,-3.59152e+00
-67.00000,2.00000,-3.64066e+00
-67.00000,3.00000,-3.69840e+00
-67.00000,4.00000,-3.76267e+00
-67.00000,5.00000,-3.83230e+00
-67.00000,6.00000,-3.90548e+00
-67.00000,7.00000,-3.98034e+00
-67.00000,8.00000,-4.05599e+00
-67.00000,9.00000,-4.13150e+00
-67.00000,10.00000,-4.20640e+00
-67.00000,11.00000,-4.28030e+00
-67.00000,12.00000,-4.35309e+00
-66.00000,-37.00000,-4.43215e+00
-66.00000,-36.00000,-4.38037e+00
-66.00000,-35.00000,-4.32931e+00
-66.00000,-34.00000,-4.27903e+00
-66.00000,-33.00000,-4.22987e+00
-66.00000,-32.00000,-4.18192e+00
-66.00000,-31.00000,-4.13532e+00
-66.00000,-30.00000,-4.09020e+00
-66.00000,-29.00000,-4.04654e+00
-66.00000,-28.00000,-4.00418e+00
-66.00000,-27.00000,-3.96285e+00
-66.00000,-26.00000,-3.92222e+00
-66.00000,-25.00000,-3.88191e+00
-66.00000,-24.00000,-3.84124e+00
-66.00000,-23.00000,-3.79946e+00
-66.00000,-22.00000,-3.75595e+00
-66.00000,-21.00000,-3.70977e+00
-66.00000,-20.00000,-3.66005e+00
-66.00000,-19.00000,-3.60636e+00
-66.00000,-18.00000,-3.54776e+00
-66.00000,-17.00000,-3.48458e+00
-66.00000,-16.00000,-3.41672e+00
-66.00000,-15.00000,-3.34685e+00
-66.00000,-14.00000,-3.27816e+00
-66.00000,-13.00000,-3.21705e+00
-66.00000,-12.00000,-3.17043e+00
-66.00000,-11.00000,-3.14416e+00
-66.00000,-10.00000,-3.13817e+00
-66.00000,-9.00000,-3.14730e+00
-66.00000,-8.00000,-3.16505e+00
-66.00000,-7.00000,-3.18468e+00
-66.00000,-6.00000,-3.20165e+00
-66.00000,-5.00000,-3.21376e+00
-66.00000,-4.00000,-3.22041e+00
-66.00000,-3.00000,-3.22339e+00
-66.00000,-2.00000,-3.22796e+00
-66.00000,-1.00000,-3.24126e+00
-66.00000,0.00000,-3.27044e+00
-66.00000,1.00000,-3.31920e+00
-66.00000,2.00000,-3.38558e+00
-66.00000,3.00000,-3.46420e+00
-66.00000,4.00000,-3.54966e+00
-66.00000,5.00000,-3.63735e+00
-66.00000,6.00000,-3.72549e+00
-66.00000,7.00000,-3.81281e+00
-66.00000,8.00000,-3.89890e+00
-66.00000,9.00000,-3.98390e+00
-66.00000,10.00000,-4.06744e+00
-66.00000,11.00000,-4.15016e+00
-66.00000,12.00000,-4.23129e+00
-65.00000,-37.00000,-4.27432e+00
-65.00000,-36.00000,-4.21418e+00
-65.00000,-35.00000,-4.15472e+00
-65.00000,-34.00000,-4.09642e+00
-65.00000,-33.00000,-4.03952e+00
-65.00000,-32.00000,-3.98458e+00
-65.00000,-31.00000,-3.93198e+00
-65.00000,-30.00000,-3.88195e+00
-65.00000,-29.00000,-3.83462e+00
-65.00000,-28.00000,-3.79014e+00
-65.00000,-27.00000,-3.74779e+00
-65.00000,-26.00000,-3.70776e+00
-65.00000,-25.00000,-3.66870e+00
-65.00000,-24.00000,-3.63015e+00
-65.00000,-23.00000,-3.59081e+00
-65.00000,-22.00000,-3.54874e+00
-65.00000,-21.00000,-3.50268e+00
-65.00000,-20.00000,-3.45033e+00
-65.00000,-19.00000,-3.38910e+00
-65.00000,-18.00000,-3.31631e+00
-65.00000,-17.00000,-3.22817e+00
-65.00000,-16.00000,-3.12094e+00
-65.00000,-15.00000,-2.99074e+00
-65.00000,-14.00000,-2.83765e+00
-65.00000,-13.00000,-2.67528e+00
-65.00000,-12.00000,-2.54713e+00
-65.00000,-11.00000,-2.51184e+00
-65.00000,-10.00000,-2.57186e+00
-65.00000,-9.00000,-2.66898e+00
-65.00000,-8.00000,-2.75796e+00
-65.00000,-7.00000,-2.82350e+00
-65.00000,-6.00000,-2.86200e+00
-65.00000,-5.00000,-2.87275e+00
-65.00000,-4.00000,-2.85639e+00
-65.00000,-3.00000,-2.81618e+00
-65.00000,-2.00000,-2.76479e+00
-65.00000,-1.00000,-2.72894e+00
-65.00000,0.00000,-2.74268e+00
-65.00000,1.00000,-2.82014e+00
-65.00000,2.00000,-2.94325e+00
-65.00000,3.00000,-3.08339e+00
-65.00000,4.00000,-3.22029e+00
-65.00000,5.00000,-3.34744e+00
-65.00000,6.00000,-3.46463e+00
-65.00000,7.00000,-3.57524e+00
-65.00000,8.00000,-3.68185e+00
-65.00000,9.00000,-3.78560e+00
-65.00000,10.00000,-3.88736e+00
-65.00000,11.00000,-3.98688e+00
-65.00000,12.00000,-4.08412e+00
-64.00000,-37.00000,-4.11301e+00
-64.00000,-36.00000,-4.04167e+00
-64.00000,-35.00000,-3.97056e+00
-64.00000,-34.00000,-3.90035e+00
-64.00000,-33.00000,-3.83186e+00
-64.00000,-32.00000,-3.76596e+00
-64.00000,-31.00000,-3.70362e+00
-64.00000,-30.00000,-3.64572e+00
-64.00000,-29.00000,-3.59259e+00
-64.00000,-28.00000,-3.54427e+00
-64.00000,-27.00000,-3.50077e+00
-64.00000,-26.00000,-3.46116e+00
-64.00000,-25.00000,-3.42450e+00
-64.00000,-24.00000,-3.38964e+00
-64.00000,-23.00000,-3.35451e+00
-64.00000,-22.00000,-3.31671e+00
-64.00000,-21.00000,-3.27393e+00
-64.00000,-20.00000,-3.22236e+00
-64.00000,-19.00000,-3.15724e+00
-64.00000,-18.00000,-3.07207e+00
-64.00000,-17.00000,-2.95828e+00
-64.00000,-16.00000,-2.80295e+00
-64.00000,-15.00000,-2.58847e+00
-64.00000,-14.00000,-2.28958e+00
-64.00000,-13.00000,-1.89277e+00
-64.00000,-12.00000,-1.50734e+00
-64.00000,-11.00000,-1.43649e+00
-64.00000,-10.00000,-1.70446e+00
-64.00000,-9.00000,-2.01319e+00
-64.00000,-8.00000,-2.24235e+00
-64.00000,-7.00000,-2.38816e+00
-64.00000,-6.00000,-2.45827e+00
-64.00000,-5.00000,-2.46375e+00
-64.00000,-4.00000,-2.42267e+00
-64.00000,-3.00000,-2.35028e+00
-64.00000,-2.00000,-2.25593e+00
-64.00000,-1.00000,-2.17483e+00
-64.00000,0.00000,-2.17803e+00
-64.00000,1.00000,-2.29845e+00
-64.00000,2.00000,-2.48923e+00
-64.00000,3.00000,-2.68577e+00
-64.00000,4.00000,-2.85813e+00
-64.00000,5.00000,-3.00540e+00
-64.00000,6.00000,-3.13791e+00
-64.00000,7.00000,-3.26727e+00
-64.00000,8.00000,-3.39867e+00
-64.00000,9.00000,-3.53226e+00
-64.00000,10.00000,-3.66540e+00
-64.00000,11.00000,-3.79468e+00
-64.00000,12.00000,-3.91852e+00
-63.00000,-37.00000,-3.95256e+00
-63.00000,-36.00000,-3.86662e+00
-63.00000,-35.00000,-3.77925e+00
-63.00000,-34.00000,-3.69131e+00
-63.00000,-33.00000,-3.60423e+00
-63.00000,-32.00000,-3.51988e+00
-63.00000,-31.00000,-3.44141e+00
-63.00000,-30.00000,-3.37050e+00
-63.00000,-29.00000,-3.30915e+00
-63.00000,-28.00000,-3.25720e+00
-63.00000,-27.00000,-3.21329e+00
-63.00000,-26.00000,-3.17613e+00
-63.00000,-25.00000,-3.14388e+00
-63.00000,-24.00000,-3.11488e+00
-63.00000,-23.00000,-3.08729e+00
-63.00000,-22.00000,-3.05833e+00
-63.00000,-21.00000,-3.02487e+00
-63.00000,-20.00000,-2.98231e+00
-63.00000,-19.00000,-2.92443e+00
-63.00000,-18.00000,-2.84299e+00
-63.00000,-17.00000,-2.72528e+00
-63.00000,-16.00000,-2.55302e+00
-63.00000,-15.00000,-2.30012e+00
-63.00000,-14.00000,-1.93615e+00
-63.00000,-13.00000,-1.44401e+00
-63.00000,-12.00000,-8.71887e-01
-63.00000,-11.00000,-4.64828e-01
-63.00000,-10.00000,-6.79036e-01
-63.00000,-9.00000,-1.25121e+00
-63.00000,-8.00000,-1.71282e+00
-63.00000,-7.00000,-1.97349e+00
-63.00000,-6.00000,-2.03360e+00
-63.00000,-5.00000,-1.92018e+00
-63.00000,-4.00000,-1.75289e+00
-63.00000,-3.00000,-1.72449e+00
-63.00000,-2.00000,-1.80306e+00
-63.00000,-1.00000,-1.85954e+00
-63.00000,0.00000,-1.91650e+00
-63.00000,1.00000,-2.02481e+00
-63.00000,2.00000,-2.17739e+00
-63.00000,3.00000,-2.33220e+00
-63.00000,4.00000,-2.45160e+00
-63.00000,5.00000,-2.53353e+00
-63.00000,6.00000,-2.62420e+00
-63.00000,7.00000,-2.77348e+00
-63.00000,8.00000,-2.97501e+00
-63.00000,9.00000,-3.19084e+00
-63.00000,10.00000,-3.39604e+00
-63.00000,11.00000,-3.58175e+00
-63.00000,12.00000,-3.74843e+00
-62.00000,-37.00000,-3.79894e+00
-62.00000,-36.00000,-3.69481e+00
-62.00000,-35.00000,-3.58468e+00
-62.00000,-34.00000,-3.46791e+00
-62.00000,-33.00000,-3.34560e+00
-62.00000,-32.00000,-3.21922e+00
-62.00000,-31.00000,-3.09847e+00
-62.00000,-30.00000,-2.99859e+00
-62.00000,-29.00000,-2.93143e+00
-62.00000,-28.00000,-2.89119e+00
-62.00000,-27.00000,-2.86243e+00
-62.00000,-26.00000,-2.83638e+00
-62.00000,-25.00000,-2.81214e+00
-62.00000,-24.00000,-2.79125e+00
-62.00000,-23.00000,-2.77372e+00
-62.00000,-22.00000,-2.75784e+00
-62.00000,-21.00000,-2.73996e+00
-62.00000,-20.00000,-2.71514e+00
-62.00000,-19.00000,-2.67758e+00
-62.00000,-18.00000,-2.61876e+00
-62.00000,-17.00000,-2.52690e+00
-62.00000,-16.00000,-2.38292e+00
-62.00000,-15.00000,-2.15472e+00
-62.00000,-14.00000,-1.78765e+00
-62.00000,-13.00000,-1.20214e+00
-62.00000,-12.00000,-3.19467e-01
-62.00000,-11.00000,5.22001e-01
-62.00000,-10.00000,1.68863e-01
-62.00000,-9.00000,-8.07869e-01
-62.00000,-8.00000,-1.46775e+00
-62.00000,-7.00000,-1.77389e+00
-62.00000,-6.00000,-1.78312e+00
-62.00000,-5.00000,-1.53314e+00
-62.00000,-4.00000,-1.20376e+00
-62.00000,-3.00000,-1.16789e+00
-62.00000,-2.00000,-1.33908e+00
-62.00000,-1.00000,-1.46902e+00
-62.00000,0.00000,-1.56675e+00
-62.00000,1.00000,-1.67683e+00
-62.00000,2.00000,-1.82422e+00
-62.00000,3.00000,-1.94898e+00
-62.00000,4.00000,-1.93498e+00
-62.00000,5.00000,-1.73860e+00
-62.00000,6.00000,-1.62769e+00
-62.00000,7.00000,-1.91167e+00
-62.00000,8.00000,-2.38841e+00
-62.00000,9.00000,-2.80700e+00
-62.00000,10.00000,-3.13589e+00
-62.00000,11.00000,-3.39698e+00
-62.00000,12.00000,-3.61104e+00
-61.00000,-37.00000,-3.69772e+00
-61.00000,-36.00000,-3.57398e+00
-61.00000,-35.00000,-3.43666e+00
-61.00000,-34.00000,-3.27842e+00
-61.00000,-33.00000,-3.08509e+00
-61.00000,-32.00000,-2.82941e+00
-61.00000,-31.00000,-2.47977e+00
-61.00000,-30.00000,-2.13776e+00
-61.00000,-29.00000,-2.13214e+00
-61.00000,-28.00000,-2.33628e+00
-61.00000,-27.00000,-2.44106e+00
-61.00000,-26.00000,-2.45439e+00
-61.00000,-25.00000,-2.43753e+00
-61.00000,-24.00000,-2.42125e+00
-61.00000,-23.00000,-2.41577e+00
-61.00000,-22.00000,-2.41886e+00
-61.00000,-21.00000,-2.42423e+00
-61.00000,-20.00000,-2.42545e+00
-61.00000,-19.00000,-2.41667e+00
-61.00000,-18.00000,-2.39166e+00
-61.00000,-17.00000,-2.34274e+00
-61.00000,-16.00000,-2.26021e+00
-61.00000,-15.00000,-2.13018e+00
-61.00000,-14.00000,-1.93430e+00
-61.00000,-13.00000,-1.65516e+00
-61.00000,-12.00000,-1.31986e+00
-61.00000,-11.00000,-1.09399e+00
-61.00000,-10.00000,-1.17870e+00
-61.00000,-9.00000,-1.46703e+00
-61.00000,-8.00000,-1.72415e+00
-61.00000,-7.00000,-1.84652e+00
-61.00000,-6.00000,-1.81355e+00
-61.00000,-5.00000,-1.64233e+00
-61.00000,-4.00000,-1.39704e+00
-61.00000,-3.00000,-1.15831e+00
-61.00000,-2.00000,-9.82163e-01
-61.00000,-1.00000,-1.00516e+00
-61.00000,0.00000,-1.25469e+00
-61.00000,1.00000,-1.51303e+00
-61.00000,2.00000,-1.71556e+00
-61.00000,3.00000,-1.83017e+00
-61.00000,4.00000,-1.77766e+00
-61.00000,5.00000,-1.56081e+00
-61.00000,6.00000,-1.45588e+00
-61.00000,7.00000,-1.76432e+00
-61.00000,8.00000,-2.27051e+00
-61.00000,9.00000,-2.72123e+00
-61.00000,10.00000,-3.07873e+00
-61.00000,11.00000,-3.36150e+00
-61.00000,12.00000,-3.59025e+00
-60.00000,-37.00000,-3.57897e+00
-60.00000,-36.00000,-3.44031e+00
-60.00000,-35.00000,-3.28263e+00
-60.00000,-34.00000,-3.09437e+00
-60.00000,-33.00000,-2.84671e+00
-60.00000,-32.00000,-2.45976e+00
-60.00000,-31.00000,-1.73083e+00
-60.00000,-30.00000,-7.10706e-01
-60.00000,-29.00000,-8.69803e-01
-60.00000,-28.00000,-1.70072e+00
-60.00000,-27.00000,-1.95428e+00
-60.00000,-26.00000,-1.94007e+00
-60.00000,-25.00000,-1.87980e+00
-60.00000,-24.00000,-1.85016e+00
-60.00000,-23.00000,-1.86753e+00
-60.00000,-22.00000,-1.90963e+00
-60.00000,-21.00000,-1.95343e+00
-60.00000,-20.00000,-1.99129e+00
-60.00000,-19.00000,-2.01964e+00
-60.00000,-18.00000,-2.03278e+00
-60.00000,-17.00000,-2.02324e+00
-60.00000,-16.00000,-1.98425e+00
-60.00000,-15.00000,-1.91203e+00
-60.00000,-14.00000,-1.80785e+00
-60.00000,-13.00000,-1.67584e+00
-60.00000,-12.00000,-1.51719e+00
-60.00000,-11.00000,-1.34858e+00
-60.00000,-10.00000,-1.31038e+00
-60.00000,-9.00000,-1.49843e+00
-60.00000,-8.00000,-1.70865e+00
-60.00000,-7.00000,-1.80845e+00
-60.00000,-6.00000,-1.76565e+00
-60.00000,-5.00000,-1.56317e+00
-60.00000,-4.00000,-1.17519e+00
-60.00000,-3.00000,-5.18216e-01
-60.00000,-2.00000,-2.71150e-01
-60.00000,-1.00000,-7.29435e-01
-60.00000,0.00000,-1.15634e+00
-60.00000,1.00000,-1.51183e+00
-60.00000,2.00000,-1.76641e+00
-60.00000,3.00000,-1.91819e+00
-60.00000,4.00000,-1.96952e+00
-60.00000,5.00000,-1.97202e+00
-60.00000,6.00000,-2.04676e+00
-60.00000,7.00000,-2.26345e+00
-60.00000,8.00000,-2.56976e+00
-60.00000,9.00000,-2.88401e+00
-60.00000,10.00000,-3.16538e+00
-60.00000,11.00000,-3.40628e+00
-60.00000,12.00000,-3.61115e+00
-59.00000,-37.00000,-3.48285e+00
-59.00000,-36.00000,-3.33522e+00
-59.00000,-35.00000,-3.16683e+00
-59.00000,-34.00000,-2.96962e+00
-59.00000,-33.00000,-2.73262e+00
-59.00000,-32.00000,-2.44078e+00
-59.00000,-31.00000,-2.08424e+00
-59.00000,-30.00000,-1.74355e+00
-59.00000,-29.00000,-1.65173e+00
-59.00000,-28.00000,-1.65180e+00
-59.00000,-27.00000,-1.52487e+00
-59.00000,-26.00000,-1.31834e+00
-59.00000,-25.00000,-1.10607e+00
-59.00000,-24.00000,-1.04609e+00
-59.00000,-23.00000,-1.14576e+00
-59.00000,-22.00000,-1.23327e+00
-59.00000,-21.00000,-1.31362e+00
-59.00000,-20.00000,-1.40840e+00
-59.00000,-19.00000,-1.48875e+00
-59.00000,-18.00000,-1.54915e+00
-59.00000,-17.00000,-1.58286e+00
-59.00000,-16.00000,-1.57254e+00
-59.00000,-15.00000,-1.50284e+00
-59.00000,-14.00000,-1.37296e+00
-59.00000,-13.00000,-1.20535e+00
-59.00000,-12.00000,-1.03257e+00
-59.00000,-11.00000,-8.68361e-01
-59.00000,-10.00000,-8.64840e-01
-59.00000,-9.00000,-1.17713e+00
-59.00000,-8.00000,-1.51399e+00
-59.00000,-7.00000,-1.71623e+00
-59.00000,-6.00000,-1.77354e+00
-59.00000,-5.00000,-1.68173e+00
-59.00000,-4.00000,-1.44495e+00
-59.00000,-3.00000,-1.09631e+00
-59.00000,-2.00000,-9.75806e-01
-59.00000,-1.00000,-1.21475e+00
-59.00000,0.00000,-1.46933e+00
-59.00000,1.00000,-1.72505e+00
-59.00000,2.00000,-1.95322e+00
-59.00000,3.00000,-2.13268e+00
-59.00000,4.00000,-2.26960e+00
-59.00000,5.00000,-2.38802e+00
-59.00000,6.00000,-2.52340e+00
-59.00000,7.00000,-2.69728e+00
-59.00000,8.00000,-2.90153e+00
-59.00000,9.00000,-3.11372e+00
-59.00000,10.00000,-3.31712e+00
-59.00000,11.00000,-3.50418e+00
-59.00000,12.00000,-3.67313e+00
-58.00000,-37.00000,-3.40606e+00
-58.00000,-36.00000,-3.25397e+00
-58.00000,-35.00000,-3.07757e+00
-58.00000,-34.00000,-2.86393e+00
-58.00000,-33.00000,-2.59199e+00
-58.00000,-32.00000,-2.23279e+00
-58.00000,-31.00000,-1.78313e+00
-58.00000,-30.00000,-1.42482e+00
-58.00000,-29.00000,-1.36863e+00
-58.00000,-28.00000,-1.33488e+00
-58.00000,-27.00000,-1.17382e+00
-58.00000,-26.00000,-9.02276e-01
-58.00000,-25.00000,-4.43551e-01
-58.00000,-24.00000,-1.20351e-01
-58.00000,-23.00000,-4.30285e-01
-58.00000,-22.00000,-5.56920e-01
-58.00000,-21.00000,-6.74251e-01
-58.00000,-20.00000,-8.31681e-01
-58.00000,-19.00000,-8.81334e-01
-58.00000,-18.00000,-9.10030e-01
-58.00000,-17.00000,-9.76184e-01
-58.00000,-16.00000,-1.03127e+00
-58.00000,-15.00000,-9.97321e-01
-58.00000,-14.00000,-8.07427e-01
-58.00000,-13.00000,-4.85023e-01
-58.00000,-12.00000,-2.05588e-01
-58.00000,-11.00000,-2.32191e-01
-58.00000,-10.00000,-5.55485e-01
-58.00000,-9.00000,-9.66467e-01
-58.00000,-8.00000,-1.34422e+00
-58.00000,-7.00000,-1.63082e+00
-58.00000,-6.00000,-1.80971e+00
-58.00000,-5.00000,-1.88391e+00
-58.00000,-4.00000,-1.87829e+00
-58.00000,-3.00000,-1.84075e+00
-58.00000,-2.00000,-1.82602e+00
-58.00000,-1.00000,-1.86763e+00
-58.00000,0.00000,-1.96817e+00
-58.00000,1.00000,-2.10905e+00
-58.00000,2.00000,-2.26227e+00
-58.00000,3.00000,-2.41144e+00
-58.00000,4.00000,-2.55303e+00
-58.00000,5.00000,-2.69133e+00
-58.00000,6.00000,-2.83258e+00
-58.00000,7.00000,-2.98091e+00
-58.00000,8.00000,-3.13584e+00
-58.00000,9.00000,-3.29323e+00
-58.00000,10.00000,-3.44746e+00
-58.00000,11.00000,-3.59555e+00
-58.00000,12.00000,-3.73556e+00
-57.00000,-37.00000,-3.34274e+00
-57.00000,-36.00000,-3.19513e+00
-57.00000,-35.00000,-3.02386e+00
-57.00000,-34.00000,-2.81388e+00
-57.00000,-33.00000,-2.53582e+00
-57.00000,-32.00000,-2.13660e+00
-57.00000,-31.00000,-1.57679e+00
-57.00000,-30.00000,-1.10387e+00
-57.00000,-29.00000,-1.04311e+00
-57.00000,-28.00000,-9.17166e-01
-57.00000,-27.00000,-8.60808e-01
-57.00000,-26.00000,-8.80757e-01
-57.00000,-25.00000,-4.43211e-01
-57.00000,-24.00000,2.37977e-01
-57.00000,-23.00000,1.41285e-01
-57.00000,-22.00000,-2.45150e-01
-57.00000,-21.00000,-4.70322e-01
-57.00000,-20.00000,-4.70516e-01
-57.00000,-19.00000,-2.52602e-01
-57.00000,-18.00000,-1.13148e-02
-57.00000,-17.00000,-4.48766e-02
-57.00000,-16.00000,-2.27309e-01
-57.00000,-15.00000,-4.73602e-01
-57.00000,-14.00000,-4.09285e-01
-57.00000,-13.00000,9.30333e-02
-57.00000,-12.00000,7.14768e-01
-57.00000,-11.00000,5.98499e-01
-57.00000,-10.00000,-1.03460e-01
-57.00000,-9.00000,-7.45815e-01
-57.00000,-8.00000,-1.23124e+00
-57.00000,-7.00000,-1.58169e+00
-57.00000,-6.00000,-1.82007e+00
-57.00000,-5.00000,-1.96461e+00
-57.00000,-4.00000,-2.03743e+00
-57.00000,-3.00000,-2.07421e+00
-57.00000,-2.00000,-2.11923e+00
-57.00000,-1.00000,-2.19493e+00
-57.00000,0.00000,-2.29496e+00
-57.00000,1.00000,-2.40781e+00
-57.00000,2.00000,-2.52649e+00
-57.00000,3.00000,-2.64722e+00
-57.00000,4.00000,-2.76887e+00
-57.00000,5.00000,-2.89170e+00
-57.00000,6.00000,-3.01638e+00
-57.00000,7.00000,-3.14341e+00
-57.00000,8.00000,-3.27215e+00
-57.00000,9.00000,-3.40168e+00
-57.00000,10.00000,-3.53032e+00
-57.00000,11.00000,-3.65610e+00
-57.00000,12.00000,-3.77844e+00
-56.00000,-37.00000,-3.28153e+00
-56.00000,-36.00000,-3.14433e+00
-56.00000,-35.00000,-2.99232e+00
-56.00000,-34.00000,-2.81813e+00
-56.00000,-33.00000,-2.61045e+00
-56.00000,-32.00000,-2.35706e+00
-56.00000,-31.00000,-2.06304e+00
-56.00000,-30.00000,-1.77872e+00
-56.00000,-29.00000,-1.51327e+00
-56.00000,-28.00000,-1.22525e+00
-56.00000,-27.00000,-1.12481e+00
-56.00000,-26.00000,-1.18101e+00
-56.00000,-25.00000,-1.09861e+00
-56.00000,-24.00000,-8.31348e-01
-56.00000,-23.00000,-5.25681e-01
-56.00000,-22.00000,-4.62271e-01
-56.00000,-21.00000,-4.04618e-01
-56.00000,-20.00000,-3.11643e-01
-56.00000,-19.00000,-9.43328e-02
-56.00000,-18.00000,1.57560e-01
-56.00000,-17.00000,4.06044e-01
-56.00000,-16.00000,3.62041e-01
-56.00000,-15.00000,-2.64672e-01
-56.00000,-14.00000,-4.92303e-01
-56.00000,-13.00000,-2.43380e-01
-56.00000,-12.00000,1.38665e-01
-56.00000,-11.00000,4.98314e-02
-56.00000,-10.00000,-4.42748e-01
-56.00000,-9.00000,-9.08464e-01
-56.00000,-8.00000,-1.28376e+00
-56.00000,-7.00000,-1.59098e+00
-56.00000,-6.00000,-1.81482e+00
-56.00000,-5.00000,-1.92842e+00
-56.00000,-4.00000,-1.89368e+00
-56.00000,-3.00000,-1.74415e+00
-56.00000,-2.00000,-1.77413e+00
-56.00000,-1.00000,-2.05855e+00
-56.00000,0.00000,-2.32724e+00
-56.00000,1.00000,-2.51286e+00
-56.00000,2.00000,-2.65118e+00
-56.00000,3.00000,-2.76926e+00
-56.00000,4.00000,-2.88039e+00
-56.00000,5.00000,-2.99002e+00
-56.00000,6.00000,-3.10145e+00
-56.00000,7.00000,-3.21484e+00
-56.00000,8.00000,-3.33070e+00
-56.00000,9.00000,-3.44768e+00
-56.00000,10.00000,-3.56481e+00
-56.00000,11.00000,-3.68121e+00
-56.00000,12.00000,-3.79572e+00
-55.00000,-37.00000,-3.24117e+00
-55.00000,-36.00000,-3.11080e+00
-55.00000,-35.00000,-2.97341e+00
-55.00000,-34.00000,-2.82643e+00
-55.00000,-33.00000,-2.66817e+00
-55.00000,-32.00000,-2.49875e+00
-55.00000,-31.00000,-2.32144e+00
-55.00000,-30.00000,-2.14184e+00
-55.00000,-29.00000,-1.96479e+00
-55.00000,-28.00000,-1.80452e+00
-55.00000,-27.00000,-1.68820e+00
-55.00000,-26.00000,-1.60615e+00
-55.00000,-25.00000,-1.48643e+00
-55.00000,-24.00000,-1.23506e+00
-55.00000,-23.00000,-7.86714e-01
-55.00000,-22.00000,-3.32044e-01
-55.00000,-21.00000,-2.56893e-01
-55.00000,-20.00000,-6.08544e-01
-55.00000,-19.00000,-5.64442e-01
-55.00000,-18.00000,-1.79564e-01
-55.00000,-17.00000,4.69486e-01
-55.00000,-16.00000,1.10564e-01
-55.00000,-15.00000,-5.16454e-01
-55.00000,-14.00000,-7.60604e-01
-55.00000,-13.00000,-7.31698e-01
-55.00000,-12.00000,-7.17323e-01
-55.00000,-11.00000,-8.27133e-01
-55.00000,-10.00000,-9.12899e-01
-55.00000,-9.00000,-9.03770e-01
-55.00000,-8.00000,-1.14291e+00
-55.00000,-7.00000,-1.54617e+00
-55.00000,-6.00000,-1.81122e+00
-55.00000,-5.00000,-1.90553e+00
-55.00000,-4.00000,-1.75500e+00
-55.00000,-3.00000,-1.35996e+00
-55.00000,-2.00000,-1.35659e+00
-55.00000,-1.00000,-1.88094e+00
-55.00000,0.00000,-2.30815e+00
-55.00000,1.00000,-2.54719e+00
-55.00000,2.00000,-2.69712e+00
-55.00000,3.00000,-2.81264e+00
-55.00000,4.00000,-2.91710e+00
-55.00000,5.00000,-3.02079e+00
-55.00000,6.00000,-3.12793e+00
-55.00000,7.00000,-3.23975e+00
-55.00000,8.00000,-3.35536e+00
-55.00000,9.00000,-3.47261e+00
-55.00000,10.00000,-3.59047e+00
-55.00000,11.00000,-3.70746e+00
-55.00000,12.00000,-3.82230e+00
-54.00000,-37.00000,-3.15531e+00
-54.00000,-36.00000,-3.02100e+00
-54.00000,-35.00000,-2.88143e+00
-54.00000,-34.00000,-2.73395e+00
-54.00000,-33.00000,-2.57777e+00
-54.00000,-32.00000,-2.41464e+00
-54.00000,-31.00000,-2.25212e+00
-54.00000,-30.00000,-2.10320e+00
-54.00000,-29.00000,-1.97917e+00
-54.00000,-28.00000,-1.87994e+00
-54.00000,-27.00000,-1.79334e+00
-54.00000,-26.00000,-1.70037e+00
-54.00000,-25.00000,-1.57868e+00
-54.00000,-24.00000,-1.39838e+00
-54.00000,-23.00000,-1.12283e+00
-54.00000,-22.00000,-6.95579e-01
-54.00000,-21.00000,-5.25647e-01
-54.00000,-20.00000,-9.05231e-01
-54.00000,-19.00000,-8.88082e-01
-54.00000,-18.00000,-4.82694e-01
-54.00000,-17.00000,2.04024e-01
-54.00000,-16.00000,1.23616e-01
-54.00000,-15.00000,-5.74548e-01
-54.00000,-14.00000,-8.06463e-01
-54.00000,-13.00000,-7.07667e-01
-54.00000,-12.00000,-7.36615e-01
-54.00000,-11.00000,-9.61190e-01
-54.00000,-10.00000,-1.03340e+00
-54.00000,-9.00000,-1.00442e+00
-54.00000,-8.00000,-1.20387e+00
-54.00000,-7.00000,-1.54230e+00
-54.00000,-6.00000,-1.77255e+00
-54.00000,-5.00000,-1.89844e+00
-54.00000,-4.00000,-1.92991e+00
-54.00000,-3.00000,-1.89708e+00
-54.00000,-2.00000,-1.95880e+00
-54.00000,-1.00000,-2.16348e+00
-54.00000,0.00000,-2.36772e+00
-54.00000,1.00000,-2.51931e+00
-54.00000,2.00000,-2.63321e+00
-54.00000,3.00000,-2.73008e+00
-54.00000,4.00000,-2.82592e+00
-54.00000,5.00000,-2.92985e+00
-54.00000,6.00000,-3.04511e+00
-54.00000,7.00000,-3.16934e+00
-54.00000,8.00000,-3.29824e+00
-54.00000,9.00000,-3.42764e+00
-54.00000,10.00000,-3.55595e+00
-54.00000,11.00000,-3.68068e+00
-54.00000,12.00000,-3.80182e+00
-53.00000,-37.00000,-3.06806e+00
-53.00000,-36.00000,-2.91848e+00
-53.00000,-35.00000,-2.75786e+00
-53.00000,-34.00000,-2.58000e+00
-53.00000,-33.00000,-2.37678e+00
-53.00000,-32.00000,-2.13979e+00
-53.00000,-31.00000,-1.87110e+00
-53.00000,-30.00000,-1.61813e+00
-53.00000,-29.00000,-1.48690e+00
-53.00000,-28.00000,-1.49124e+00
-53.00000,-27.00000,-1.51110e+00
-53.00000,-26.00000,-1.46506e+00
-53.00000,-25.00000,-1.35494e+00
-53.00000,-24.00000,-1.21794e+00
-53.00000,-23.00000,-1.09816e+00
-53.00000,-22.00000,-1.04491e+00
-53.00000,-21.00000,-1.06951e+00
-53.00000,-20.00000,-1.10082e+00
-53.00000,-19.00000,-1.03882e+00
-53.00000,-18.00000,-8.40741e-01
-53.00000,-17.00000,-5.48842e-01
-53.00000,-16.00000,-3.42222e-01
-53.00000,-15.00000,-4.24342e-01
-53.00000,-14.00000,-6.70773e-01
-53.00000,-13.00000,-8.32712e-01
-53.00000,-12.00000,-8.76084e-01
-53.00000,-11.00000,-7.70517e-01
-53.00000,-10.00000,-7.86852e-01
-53.00000,-9.00000,-1.07628e+00
-53.00000,-8.00000,-1.27907e+00
-53.00000,-7.00000,-1.41597e+00
-53.00000,-6.00000,-1.56042e+00
-53.00000,-5.00000,-1.71033e+00
-53.00000,-4.00000,-1.83992e+00
-53.00000,-3.00000,-1.94954e+00
-53.00000,-2.00000,-2.05668e+00
-53.00000,-1.00000,-2.17134e+00
-53.00000,0.00000,-2.28715e+00
-53.00000,1.00000,-2.39363e+00
-53.00000,2.00000,-2.48636e+00
-53.00000,3.00000,-2.57166e+00
-53.00000,4.00000,-2.66555e+00
-53.00000,5.00000,-2.78140e+00
-53.00000,6.00000,-2.91913e+00
-53.00000,7.00000,-3.06906e+00
-53.00000,8.00000,-3.22127e+00
-53.00000,9.00000,-3.36990e+00
-53.00000,10.00000,-3.51244e+00
-53.00000,11.00000,-3.64865e+00
-53.00000,12.00000,-3.77805e+00
-52.00000,-37.00000,-2.99444e+00
-52.00000,-36.00000,-2.82032e+00
-52.00000,-35.00000,-2.62511e+00
-52.00000,-34.00000,-2.39642e+00
-52.00000,-33.00000,-2.11486e+00
-52.00000,-32.00000,-1.73871e+00
-52.00000,-31.00000,-1.16811e+00
-52.00000,-30.00000,-3.07573e-01
-52.00000,-29.00000,-2.32326e-02
-52.00000,-28.00000,-5.36108e-01
-52.00000,-27.00000,-9.35210e-01
-52.00000,-26.00000,-9.70315e-01
-52.00000,-25.00000,-7.53292e-01
-52.00000,-24.00000,-4.70725e-01
-52.00000,-23.00000,-1.19170e-01
-52.00000,-22.00000,-2.20784e-02
-52.00000,-21.00000,-5.23187e-01
-52.00000,-20.00000,-8.68157e-01
-52.00000,-19.00000,-9.16457e-01
-52.00000,-18.00000,-6.98426e-01
-52.00000,-17.00000,-1.45889e-01
-52.00000,-16.00000,6.37307e-01
-52.00000,-15.00000,6.20004e-01
-52.00000,-14.00000,-7.28745e-02
-52.00000,-13.00000,-4.96620e-01
-52.00000,-12.00000,-6.52719e-01
-52.00000,-11.00000,-6.56770e-01
-52.00000,-10.00000,-7.01097e-01
-52.00000,-9.00000,-8.13060e-01
-52.00000,-8.00000,-6.74793e-01
-52.00000,-7.00000,-4.30799e-01
-52.00000,-6.00000,-7.96699e-01
-52.00000,-5.00000,-1.20323e+00
-52.00000,-4.00000,-1.41894e+00
-52.00000,-3.00000,-1.55487e+00
-52.00000,-2.00000,-1.68698e+00
-52.00000,-1.00000,-1.81879e+00
-52.00000,0.00000,-1.97196e+00
-52.00000,1.00000,-2.13579e+00
-52.00000,2.00000,-2.27933e+00
-52.00000,3.00000,-2.39772e+00
-52.00000,4.00000,-2.51432e+00
-52.00000,5.00000,-2.65362e+00
-52.00000,6.00000,-2.81744e+00
-52.00000,7.00000,-2.99154e+00
-52.00000,8.00000,-3.16347e+00
-52.00000,9.00000,-3.32712e+00
-52.00000,10.00000,-3.48060e+00
-52.00000,11.00000,-3.62517e+00
-52.00000,12.00000,-3.76073e+00
-51.00000,-37.00000,-2.97360e+00
-51.00000,-36.00000,-2.77241e+00
-51.00000,-35.00000,-2.53607e+00
-51.00000,-34.00000,-2.24825e+00
-51.00000,-33.00000,-1.89201e+00
-51.00000,-32.00000,-1.43967e+00
-51.00000,-31.00000,-8.13285e-01
-51.00000,-30.00000,1.69912e-01
-51.00000,-29.00000,7.80761e-01
-51.00000,-28.00000,3.27735e-01
-51.00000,-27.00000,-3.99532e-01
-51.00000,-26.00000,-4.49899e-01
-51.00000,-25.00000,2.94788e-01
-51.00000,-24.00000,4.90035e-01
-51.00000,-23.00000,7.51703e-01
-51.00000,-22.00000,7.63461e-01
-51.00000,-21.00000,-9.84094e-02
-51.00000,-20.00000,-6.37757e-01
-51.00000,-19.00000,-7.75910e-01
-51.00000,-18.00000,-6.27128e-01
-51.00000,-17.00000,-1.92678e-01
-51.00000,-16.00000,4.50502e-01
-51.00000,-15.00000,8.50620e-01
-51.00000,-14.00000,4.29146e-01
-51.00000,-13.00000,1.04511e-01
-51.00000,-12.00000,2.59721e-02
-51.00000,-11.00000,1.23490e-01
-51.00000,-10.00000,-8.06920e-02
-51.00000,-9.00000,-1.44896e-01
-51.00000,-8.00000,-4.10730e-02
-51.00000,-7.00000,5.10463e-01
-51.00000,-6.00000,-5.85943e-02
-51.00000,-5.00000,-6.34931e-01
-51.00000,-4.00000,-8.00519e-01
-51.00000,-3.00000,-8.05296e-01
-51.00000,-2.00000,-8.89313e-01
-51.00000,-1.00000,-7.64032e-01
-51.00000,0.00000,-1.23963e+00
-51.00000,1.00000,-1.72749e+00
-51.00000,2.00000,-2.07191e+00
-51.00000,3.00000,-2.30485e+00
-51.00000,4.00000,-2.48148e+00
-51.00000,5.00000,-2.64892e+00
-51.00000,6.00000,-2.82408e+00
-51.00000,7.00000,-3.00302e+00
-51.00000,8.00000,-3.17745e+00
-51.00000,9.00000,-3.34348e+00
-51.00000,10.00000,-3.49958e+00
-51.00000,11.00000,-3.64621e+00
-51.00000,12.00000,-3.78409e+00
-50.00000,-37.00000,-2.95479e+00
-50.00000,-36.00000,-2.73440e+00
-50.00000,-35.00000,-2.46728e+00
-50.00000,-34.00000,-2.12958e+00
-50.00000,-33.00000,-1.70653e+00
-50.00000,-32.00000,-1.20943e+00
-50.00000,-31.00000,-6.55576e-01
-50.00000,-30.00000,-3.53709e-01
-50.00000,-29.00000,-2.20859e-01
-50.00000,-28.00000,-2.96307e-01
-50.00000,-27.00000,-5.24300e-01
-50.00000,-26.00000,-3.45756e-01
-50.00000,-25.00000,2.51741e-01
-50.00000,-24.00000,4.28086e-01
-50.00000,-23.00000,5.67623e-01
-50.00000,-22.00000,5.28396e-01
-50.00000,-21.00000,9.11201e-02
-50.00000,-20.00000,-3.68192e-01
-50.00000,-19.00000,-5.45672e-01
-50.00000,-18.00000,-5.08109e-01
-50.00000,-17.00000,-1.94733e-01
-50.00000,-16.00000,4.89932e-01
-50.00000,-15.00000,1.20308e+00
-50.00000,-14.00000,1.26405e+00
-50.00000,-13.00000,9.99166e-01
-50.00000,-12.00000,6.88232e-01
-50.00000,-11.00000,4.59790e-01
-50.00000,-10.00000,4.71258e-01
-50.00000,-9.00000,1.58462e-01
-50.00000,-8.00000,-7.39836e-02
-50.00000,-7.00000,-1.71382e-01
-50.00000,-6.00000,-2.77562e-01
-50.00000,-5.00000,-4.64433e-01
-50.00000,-4.00000,-4.55611e-01
-50.00000,-3.00000,-4.72527e-01
-50.00000,-2.00000,-3.91470e-01
-50.00000,-1.00000,1.14558e-01
-50.00000,0.00000,-2.38463e-01
-50.00000,1.00000,-1.30521e+00
-50.00000,2.00000,-1.91604e+00
-50.00000,3.00000,-2.26413e+00
-50.00000,4.00000,-2.49682e+00
-50.00000,5.00000,-2.68480e+00
-50.00000,6.00000,-2.85954e+00
-50.00000,7.00000,-3.03013e+00
-50.00000,8.00000,-3.19572e+00
-50.00000,9.00000,-3.35537e+00
-50.00000,10.00000,-3.50730e+00
-50.00000,11.00000,-3.65143e+00
-50.00000,12.00000,-3.78809e+00
-49.00000,-37.00000,-2.97113e+00
-49.00000,-36.00000,-2.75150e+00
-49.00000,-35.00000,-2.49099e+00
-49.00000,-34.00000,-2.17311e+00
-49.00000,-33.00000,-1.79654e+00
-49.00000,-32.00000,-1.41277e+00
-49.00000,-31.00000,-1.08526e+00
-49.00000,-30.00000,-8.28650e-01
-49.00000,-29.00000,-5.34164e-01
-49.00000,-28.00000,-4.47072e-01
-49.00000,-27.00000,-4.37621e-01
-49.00000,-26.00000,1.56741e-02
-49.00000,-25.00000,2.30154e-01
-49.00000,-24.00000,2.34035e-01
-49.00000,-23.00000,3.81390e-01
-49.00000,-22.00000,4.64078e-01
-49.00000,-21.00000,5.72048e-01
-49.00000,-20.00000,1.98350e-01
-49.00000,-19.00000,-3.47312e-02
-49.00000,-18.00000,-2.27261e-01
-49.00000,-17.00000,-2.00605e-01
-49.00000,-16.00000,1.66115e-01
-49.00000,-15.00000,8.48736e-01
-49.00000,-14.00000,1.57149e+00
-49.00000,-13.00000,1.55836e+00
-49.00000,-12.00000,1.22735e+00
-49.00000,-11.00000,7.35154e-01
-49.00000,-10.00000,5.76036e-01
-49.00000,-9.00000,-5.33305e-02
-49.00000,-8.00000,-4.47329e-01
-49.00000,-7.00000,-6.27113e-01
-49.00000,-6.00000,-7.15425e-01
-49.00000,-5.00000,-7.78310e-01
-49.00000,-4.00000,-7.44158e-01
-49.00000,-3.00000,-7.31393e-01
-49.00000,-2.00000,-7.36319e-01
-49.00000,-1.00000,-8.43034e-01
-49.00000,0.00000,-1.02782e+00
-49.00000,1.00000,-1.59160e+00
-49.00000,2.00000,-2.03064e+00
-49.00000,3.00000,-2.33422e+00
-49.00000,4.00000,-2.55814e+00
-49.00000,5.00000,-2.74235e+00
-49.00000,6.00000,-2.91000e+00
-49.00000,7.00000,-3.07048e+00
-49.00000,8.00000,-3.22686e+00
-49.00000,9.00000,-3.37879e+00
-49.00000,10.00000,-3.52499e+00
-49.00000,11.00000,-3.66538e+00
-49.00000,12.00000,-3.79917e+00
-48.00000,-37.00000,-3.01378e+00
-48.00000,-36.00000,-2.80817e+00
-48.00000,-35.00000,-2.57796e+00
-48.00000,-34.00000,-2.32130e+00
-48.00000,-33.00000,-2.04534e+00
-48.00000,-32.00000,-1.77232e+00
-48.00000,-31.00000,-1.50876e+00
-48.00000,-30.00000,-1.18449e+00
-48.00000,-29.00000,-5.35528e-01
-48.00000,-28.00000,2.15149e-02
-48.00000,-27.00000,-2.29189e-01
-48.00000,-26.00000,2.58019e-01
-48.00000,-25.00000,3.07012e-01
-48.00000,-24.00000,2.10519e-01
-48.00000,-23.00000,3.93701e-01
-48.00000,-22.00000,6.90252e-01
-48.00000,-21.00000,1.26999e+00
-48.00000,-20.00000,1.20312e+00
-48.00000,-19.00000,9.42153e-01
-48.00000,-18.00000,2.45803e-01
-48.00000,-17.00000,-9.10128e-02
-48.00000,-16.00000,1.62893e-02
-48.00000,-15.00000,5.18685e-01
-48.00000,-14.00000,9.82958e-01
-48.00000,-13.00000,1.43450e+00
-48.00000,-12.00000,1.20751e+00
-48.00000,-11.00000,5.87459e-01
-48.00000,-10.00000,-6.56462e-02
-48.00000,-9.00000,-5.60971e-01
-48.00000,-8.00000,-8.40029e-01
-48.00000,-7.00000,-7.61559e-01
-48.00000,-6.00000,-5.24647e-01
-48.00000,-5.00000,-6.24527e-01
-48.00000,-4.00000,-1.00889e+00
-48.00000,-3.00000,-1.30770e+00
-48.00000,-2.00000,-1.45653e+00
-48.00000,-1.00000,-1.61039e+00
-48.00000,0.00000,-1.79413e+00
-48.00000,1.00000,-2.01644e+00
-48.00000,2.00000,-2.24629e+00
-48.00000,3.00000,-2.45350e+00
-48.00000,4.00000,-2.63521e+00
-48.00000,5.00000,-2.79991e+00
-48.00000,6.00000,-2.95624e+00
-48.00000,7.00000,-3.10863e+00
-48.00000,8.00000,-3.25794e+00
-48.00000,9.00000,-3.40400e+00
-48.00000,10.00000,-3.54554e+00
-48.00000,11.00000,-3.68213e+00
-48.00000,12.00000,-3.81344e+00
-47.00000,-37.00000,-3.09483e+00
-47.00000,-36.00000,-2.90160e+00
-47.00000,-35.00000,-2.69299e+00
-47.00000,-34.00000,-2.46904e+00
-47.00000,-33.00000,-2.23069e+00
-47.00000,-32.00000,-1.97584e+00
-47.00000,-31.00000,-1.68668e+00
-47.00000,-30.00000,-1.31189e+00
-47.00000,-29.00000,-7.37387e-01
-47.00000,-28.00000,-1.51181e-01
-47.00000,-27.00000,5.86984e-03
-47.00000,-26.00000,2.75931e-01
-47.00000,-25.00000,5.52770e-01
-47.00000,-24.00000,8.23674e-01
-47.00000,-23.00000,8.17163e-01
-47.00000,-22.00000,1.33308e+00
-47.00000,-21.00000,1.53930e+00
-47.00000,-20.00000,1.39340e+00
-47.00000,-19.00000,9.76793e-01
-47.00000,-18.00000,5.68047e-01
-47.00000,-17.00000,1.63210e-02
-47.00000,-16.00000,-6.65739e-02
-47.00000,-15.00000,2.16426e-01
-47.00000,-14.00000,4.53670e-01
-47.00000,-13.00000,7.03824e-01
-47.00000,-12.00000,3.68860e-01
-47.00000,-11.00000,-1.64025e-01
-47.00000,-10.00000,-6.35581e-01
-47.00000,-9.00000,-9.91250e-01
-47.00000,-8.00000,-1.18930e+00
-47.00000,-7.00000,-1.17133e+00
-47.00000,-6.00000,-9.76004e-01
-47.00000,-5.00000,-8.80145e-01
-47.00000,-4.00000,-1.24972e+00
-47.00000,-3.00000,-1.62476e+00
-47.00000,-2.00000,-1.81916e+00
-47.00000,-1.00000,-1.95850e+00
-47.00000,0.00000,-2.09906e+00
-47.00000,1.00000,-2.25136e+00
-47.00000,2.00000,-2.40946e+00
-47.00000,3.00000,-2.56632e+00
-47.00000,4.00000,-2.71914e+00
-47.00000,5.00000,-2.86875e+00
-47.00000,6.00000,-3.01714e+00
-47.00000,7.00000,-3.16409e+00
-47.00000,8.00000,-3.30950e+00
-47.00000,9.00000,-3.45194e+00
-47.00000,10.00000,-3.59066e+00
-47.00000,11.00000,-3.72529e+00
-47.00000,12.00000,-3.85481e+00
-46.00000,-37.00000,-3.15189e+00
-46.00000,-36.00000,-2.96471e+00
-46.00000,-35.00000,-2.76431e+00
-46.00000,-34.00000,-2.54869e+00
-46.00000,-33.00000,-2.31444e+00
-46.00000,-32.00000,-2.05271e+00
-46.00000,-31.00000,-1.74240e+00
-46.00000,-30.00000,-1.33067e+00
-46.00000,-29.00000,-6.50355e-01
-46.00000,-28.00000,1.30214e-01
-46.00000,-27.00000,3.87161e-01
-46.00000,-26.00000,8.16000e-01
-46.00000,-25.00000,1.18969e+00
-46.00000,-24.00000,1.15252e+00
-46.00000,-23.00000,1.23778e+00
-46.00000,-22.00000,1.34968e+00
-46.00000,-21.00000,1.73015e+00
-46.00000,-20.00000,1.33422e+00
-46.00000,-19.00000,7.97059e-01
-46.00000,-18.00000,3.95877e-01
-46.00000,-17.00000,6.80279e-02
-46.00000,-16.00000,-3.53818e-02
-46.00000,-15.00000,6.18797e-04
-46.00000,-14.00000,2.55836e-01
-46.00000,-13.00000,2.14533e-01
-46.00000,-12.00000,-4.00281e-01
-46.00000,-11.00000,-7.79217e-01
-46.00000,-10.00000,-1.06884e+00
-46.00000,-9.00000,-1.29746e+00
-46.00000,-8.00000,-1.45392e+00
-46.00000,-7.00000,-1.53177e+00
-46.00000,-6.00000,-1.55007e+00
-46.00000,-5.00000,-1.57566e+00
-46.00000,-4.00000,-1.66123e+00
-46.00000,-3.00000,-1.74524e+00
-46.00000,-2.00000,-1.84438e+00
-46.00000,-1.00000,-1.99573e+00
-46.00000,0.00000,-2.14705e+00
-46.00000,1.00000,-2.28808e+00
-46.00000,2.00000,-2.43014e+00
-46.00000,3.00000,-2.57710e+00
-46.00000,4.00000,-2.72726e+00
-46.00000,5.00000,-2.87815e+00
-46.00000,6.00000,-3.02812e+00
-46.00000,7.00000,-3.17667e+00
-46.00000,8.00000,-3.32281e+00
-46.00000,9.00000,-3.46567e+00
-46.00000,10.00000,-3.60404e+00
-46.00000,11.00000,-3.73817e+00
-46.00000,12.00000,-3.86747e+00
-45.00000,-37.00000,-3.21096e+00
-45.00000,-36.00000,-3.02644e+00
-45.00000,-35.00000,-2.82722e+00
-45.00000,-34.00000,-2.61123e+00
-45.00000,-33.00000,-2.37439e+00
-45.00000,-32.00000,-2.10961e+00
-45.00000,-31.00000,-1.80351e+00
-45.00000,-30.00000,-1.43118e+00
-45.00000,-29.00000,-9.54579e-01
-45.00000,-28.00000,-3.40221e-01
-45.00000,-27.00000,4.29454e-01
-45.00000,-26.00000,1.05205e+00
-45.00000,-25.00000,1.44234e+00
-45.00000,-24.00000,1.29379e+00
-45.00000,-23.00000,9.83848e-01
-45.00000,-22.00000,1.17351e+00
-45.00000,-21.00000,1.94133e+00
-45.00000,-20.00000,1.89472e+00
-45.00000,-19.00000,1.26474e+00
-45.00000,-18.00000,7.30098e-01
-45.00000,-17.00000,5.75833e-01
-45.00000,-16.00000,5.29408e-01
-45.00000,-15.00000,5.03330e-01
-45.00000,-14.00000,5.07527e-01
-45.00000,-13.00000,-1.15045e-03
-45.00000,-12.00000,-7.06288e-01
-45.00000,-11.00000,-1.06755e+00
-45.00000,-10.00000,-1.29621e+00
-45.00000,-9.00000,-1.45906e+00
-45.00000,-8.00000,-1.57252e+00
-45.00000,-7.00000,-1.64399e+00
-45.00000,-6.00000,-1.68238e+00
-45.00000,-5.00000,-1.68687e+00
-45.00000,-4.00000,-1.57570e+00
-45.00000,-3.00000,-9.92502e-01
-45.00000,-2.00000,-9.02938e-01
-45.00000,-1.00000,-1.67334e+00
-45.00000,0.00000,-1.98222e+00
-45.00000,1.00000,-2.14465e+00
-45.00000,2.00000,-2.30827e+00
-45.00000,3.00000,-2.48820e+00
-45.00000,4.00000,-2.66962e+00
-45.00000,5.00000,-2.84420e+00
-45.00000,6.00000,-3.01078e+00
-45.00000,7.00000,-3.17018e+00
-45.00000,8.00000,-3.32327e+00
-45.00000,9.00000,-3.47049e+00
-45.00000,10.00000,-3.61175e+00
-45.00000,11.00000,-3.74777e+00
-45.00000,12.00000,-3.87840e+00
-44.00000,-37.00000,-3.30072e+00
-44.00000,-36.00000,-3.11623e+00
-44.00000,-35.00000,-2.91656e+00
-44.00000,-34.00000,-2.69792e+00
-44.00000,-33.00000,-2.45743e+00
-44.00000,-32.00000,-2.19115e+00
-44.00000,-31.00000,-1.89602e+00
-44.00000,-30.00000,-1.56253e+00
-44.00000,-29.00000,-1.16195e+00
-44.00000,-28.00000,-6.35263e-01
-44.00000,-27.00000,-4.00652e-02
-44.00000,-26.00000,5.69777e-01
-44.00000,-25.00000,1.15593e+00
-44.00000,-24.00000,1.03811e+00
-44.00000,-23.00000,7.42575e-01
-44.00000,-22.00000,9.30148e-01
-44.00000,-21.00000,1.62564e+00
-44.00000,-20.00000,1.81149e+00
-44.00000,-19.00000,1.43253e+00
-44.00000,-18.00000,9.82680e-01
-44.00000,-17.00000,1.06994e+00
-44.00000,-16.00000,8.96765e-01
-44.00000,-15.00000,6.36076e-01
-44.00000,-14.00000,4.26156e-01
-44.00000,-13.00000,-2.39263e-01
-44.00000,-12.00000,-8.82844e-01
-44.00000,-11.00000,-1.19720e+00
-44.00000,-10.00000,-1.37727e+00
-44.00000,-9.00000,-1.49029e+00
-44.00000,-8.00000,-1.55591e+00
-44.00000,-7.00000,-1.58323e+00
-44.00000,-6.00000,-1.57918e+00
-44.00000,-5.00000,-1.54447e+00
-44.00000,-4.00000,-1.40917e+00
-44.00000,-3.00000,-7.55854e-01
-44.00000,-2.00000,-6.42928e-01
-44.00000,-1.00000,-1.47598e+00
-44.00000,0.00000,-1.70778e+00
-44.00000,1.00000,-1.82862e+00
-44.00000,2.00000,-2.05723e+00
-44.00000,3.00000,-2.33219e+00
-44.00000,4.00000,-2.58288e+00
-44.00000,5.00000,-2.80111e+00
-44.00000,6.00000,-2.99579e+00
-44.00000,7.00000,-3.17351e+00
-44.00000,8.00000,-3.33849e+00
-44.00000,9.00000,-3.49365e+00
-44.00000,10.00000,-3.64039e+00
-44.00000,11.00000,-3.78026e+00
-44.00000,12.00000,-3.91379e+00
-43.00000,-37.00000,-3.37185e+00
-43.00000,-36.00000,-3.18859e+00
-43.00000,-35.00000,-2.98951e+00
-43.00000,-34.00000,-2.76987e+00
-43.00000,-33.00000,-2.52687e+00
-43.00000,-32.00000,-2.25853e+00
-43.00000,-31.00000,-1.96946e+00
-43.00000,-30.00000,-1.66619e+00
-43.00000,-29.00000,-1.34102e+00
-43.00000,-28.00000,-9.64598e-01
-43.00000,-27.00000,-5.34247e-01
-43.00000,-26.00000,-2.41084e-02
-43.00000,-25.00000,5.96183e-01
-43.00000,-24.00000,1.08259e+00
-43.00000,-23.00000,1.00675e+00
-43.00000,-22.00000,5.91126e-01
-43.00000,-21.00000,6.63833e-01
-43.00000,-20.00000,7.27630e-01
-43.00000,-19.00000,5.53423e-01
-43.00000,-18.00000,4.72885e-01
-43.00000,-17.00000,6.77518e-01
-43.00000,-16.00000,5.10142e-01
-43.00000,-15.00000,4.42572e-02
-43.00000,-14.00000,-3.70110e-01
-43.00000,-13.00000,-7.25273e-01
-43.00000,-12.00000,-9.51695e-01
-43.00000,-11.00000,-1.10167e+00
-43.00000,-10.00000,-1.25054e+00
-43.00000,-9.00000,-1.33218e+00
-43.00000,-8.00000,-1.35193e+00
-43.00000,-7.00000,-1.32060e+00
-43.00000,-6.00000,-1.23618e+00
-43.00000,-5.00000,-1.11660e+00
-43.00000,-4.00000,-1.04427e+00
-43.00000,-3.00000,-1.07837e+00
-43.00000,-2.00000,-1.21172e+00
-43.00000,-1.00000,-1.37569e+00
-43.00000,0.00000,-1.42815e+00
-43.00000,1.00000,-1.51189e+00
-43.00000,2.00000,-1.80797e+00
-43.00000,3.00000,-2.16497e+00
-43.00000,4.00000,-2.47169e+00
-43.00000,5.00000,-2.72862e+00
-43.00000,6.00000,-2.95007e+00
-43.00000,7.00000,-3.14634e+00
-43.00000,8.00000,-3.32459e+00
-43.00000,9.00000,-3.48903e+00
-43.00000,10.00000,-3.64246e+00
-43.00000,11.00000,-3.78687e+00
-43.00000,12.00000,-3.92444e+00
-42.00000,-37.00000,-3.45068e+00
-42.00000,-36.00000,-3.27279e+00
-42.00000,-35.00000,-3.07825e+00
-42.00000,-34.00000,-2.86400e+00
-42.00000,-33.00000,-2.62681e+00
-42.00000,-32.00000,-2.36627e+00
-42.00000,-31.00000,-2.08834e+00
-42.00000,-30.00000,-1.80363e+00
-42.00000,-29.00000,-1.50356e+00
-42.00000,-28.00000,-1.14775e+00
-42.00000,-27.00000,-7.24271e-01
-42.00000,-26.00000,-2.43090e-01
-42.00000,-25.00000,4.75856e-01
-42.00000,-24.00000,9.51949e-01
-42.00000,-23.00000,8.45660e-01
-42.00000,-22.00000,3.04292e-01
-42.00000,-21.00000,1.05212e-01
-42.00000,-20.00000,1.24958e-01
-42.00000,-19.00000,-1.33112e-02
-42.00000,-18.00000,7.72521e-02
-42.00000,-17.00000,8.91711e-01
-42.00000,-16.00000,9.19811e-01
-42.00000,-15.00000,6.21175e-02
-42.00000,-14.00000,-4.37005e-01
-42.00000,-13.00000,-6.78902e-01
-42.00000,-12.00000,-3.91900e-01
-42.00000,-11.00000,-2.29859e-01
-42.00000,-10.00000,-8.60411e-01
-42.00000,-9.00000,-9.58631e-01
-42.00000,-8.00000,-9.64400e-01
-42.00000,-7.00000,-9.03359e-01
-42.00000,-6.00000,-6.95336e-01
-42.00000,-5.00000,-2.00587e-01
-42.00000,-4.00000,1.37198e-01
-42.00000,-3.00000,-2.01426e-01
-42.00000,-2.00000,-6.63655e-01
-42.00000,-1.00000,-1.07818e+00
-42.00000,0.00000,-1.33426e+00
-42.00000,1.00000,-1.52858e+00
-42.00000,2.00000,-1.79772e+00
-42.00000,3.00000,-2.11271e+00
-42.00000,4.00000,-2.41382e+00
-42.00000,5.00000,-2.68236e+00
-42.00000,6.00000,-2.91830e+00
-42.00000,7.00000,-3.12745e+00
-42.00000,8.00000,-3.31568e+00
-42.00000,9.00000,-3.48767e+00
-42.00000,10.00000,-3.64692e+00
-42.00000,11.00000,-3.79641e+00
-42.00000,12.00000,-3.93699e+00
-41.00000,-37.00000,-3.56225e+00
-41.00000,-36.00000,-3.39158e+00
-41.00000,-35.00000,-3.20701e+00
-41.00000,-34.00000,-3.00532e+00
-41.00000,-33.00000,-2.78508e+00
-41.00000,-32.00000,-2.54647e+00
-41.00000,-31.00000,-2.29352e+00
-41.00000,-30.00000,-2.03003e+00
-41.00000,-29.00000,-1.74115e+00
-41.00000,-28.00000,-1.38934e+00
-41.00000,-27.00000,-9.49409e-01
-41.00000,-26.00000,-3.59203e-01
-41.00000,-25.00000,4.49580e-01
-41.00000,-24.00000,7.14088e-01
-41.00000,-23.00000,7.05551e-01
-41.00000,-22.00000,7.18981e-01
-41.00000,-21.00000,3.40228e-01
-41.00000,-20.00000,-2.31039e-01
-41.00000,-19.00000,-4.29231e-01
-41.00000,-18.00000,-1.88247e-01
-41.00000,-17.00000,7.43959e-01
-41.00000,-16.00000,1.21537e+00
-41.00000,-15.00000,7.36354e-01
-41.00000,-14.00000,1.83397e-01
-41.00000,-13.00000,-2.74167e-01
-41.00000,-12.00000,-3.99510e-01
-41.00000,-11.00000,-2.99193e-01
-41.00000,-10.00000,-2.90693e-01
-41.00000,-9.00000,-1.95162e-01
-41.00000,-8.00000,-3.29992e-01
-41.00000,-7.00000,-3.88518e-01
-41.00000,-6.00000,-1.51359e-01
-41.00000,-5.00000,4.92143e-01
-41.00000,-4.00000,1.45442e+00
-41.00000,-3.00000,1.32246e+00
-41.00000,-2.00000,8.85531e-02
-41.00000,-1.00000,-7.64156e-01
-41.00000,0.00000,-1.25566e+00
-41.00000,1.00000,-1.58432e+00
-41.00000,2.00000,-1.86627e+00
-41.00000,3.00000,-2.15072e+00
-41.00000,4.00000,-2.43272e+00
-41.00000,5.00000,-2.69582e+00
-41.00000,6.00000,-2.93349e+00
-41.00000,7.00000,-3.14728e+00
-41.00000,8.00000,-3.34059e+00
-41.00000,9.00000,-3.51821e+00
-41.00000,10.00000,-3.68186e+00
-41.00000,11.00000,-3.83468e+00
-41.00000,12.00000,-3.97846e+00
-40.00000,-37.00000,-3.65661e+00
-40.00000,-36.00000,-3.49391e+00
-40.00000,-35.00000,-3.32095e+00
-40.00000,-34.00000,-3.13502e+00
-40.00000,-33.00000,-2.93579e+00
-40.00000,-32.00000,-2.72406e+00
-40.00000,-31.00000,-2.50047e+00
-40.00000,-30.00000,-2.26391e+00
-40.00000,-29.00000,-2.00330e+00
-40.00000,-28.00000,-1.69713e+00
-40.00000,-27.00000,-1.31595e+00
-40.00000,-26.00000,-8.01851e-01
-40.00000,-25.00000,-1.92359e-01
-40.00000,-24.00000,1.70736e-01
-40.00000,-23.00000,6.05144e-01
-40.00000,-22.00000,1.01453e+00
-40.00000,-21.00000,8.77211e-01
-40.00000,-20.00000,-2.00036e-01
-40.00000,-19.00000,-6.93855e-01
-40.00000,-18.00000,-6.10654e-01
-40.00000,-17.00000,-4.50733e-02
-40.00000,-16.00000,4.40294e-01
-40.00000,-15.00000,6.49790e-01
-40.00000,-14.00000,8.14306e-01
-40.00000,-13.00000,5.93435e-01
-40.00000,-12.00000,-1.20104e-01
-40.00000,-11.00000,-4.37867e-02
-40.00000,-10.00000,9.36766e-01
-40.00000,-9.00000,4.48231e-01
-40.00000,-8.00000,1.86869e-01
-40.00000,-7.00000,4.58709e-01
-40.00000,-6.00000,5.29167e-01
-40.00000,-5.00000,8.48482e-01
-40.00000,-4.00000,1.46445e+00
-40.00000,-3.00000,1.35322e+00
-40.00000,-2.00000,1.91962e-01
-40.00000,-1.00000,-6.43306e-01
-40.00000,0.00000,-1.18737e+00
-40.00000,1.00000,-1.57986e+00
-40.00000,2.00000,-1.89752e+00
-40.00000,3.00000,-2.18487e+00
-40.00000,4.00000,-2.45637e+00
-40.00000,5.00000,-2.71024e+00
-40.00000,6.00000,-2.94389e+00
-40.00000,7.00000,-3.15706e+00
-40.00000,8.00000,-3.35289e+00
-40.00000,9.00000,-3.53294e+00
-40.00000,10.00000,-3.70009e+00
-40.00000,11.00000,-3.85704e+00
-40.00000,12.00000,-4.00375e+00
-39.00000,-37.00000,-3.75374e+00
-39.00000,-36.00000,-3.60093e+00
-39.00000,-35.00000,-3.43855e+00
-39.00000,-34.00000,-3.26687e+00
-39.00000,-33.00000,-3.08607e+00
-39.00000,-32.00000,-2.89640e+00
-39.00000,-31.00000,-2.69839e+00
-39.00000,-30.00000,-2.49026e+00
-39.00000,-29.00000,-2.26642e+00
-39.00000,-28.00000,-2.01661e+00
-39.00000,-27.00000,-1.72784e+00
-39.00000,-26.00000,-1.39203e+00
-39.00000,-25.00000,-1.02683e+00
-39.00000,-24.00000,-6.25946e-01
-39.00000,-23.00000,-6.14024e-02
-39.00000,-22.00000,2.58853e-01
-39.00000,-21.00000,-5.23626e-02
-39.00000,-20.00000,-6.60153e-01
-39.00000,-19.00000,-1.04099e+00
-39.00000,-18.00000,-1.06881e+00
-39.00000,-17.00000,-8.65340e-01
-39.00000,-16.00000,-5.22987e-01
-39.00000,-15.00000,-1.16402e-01
-39.00000,-14.00000,3.32002e-01
-39.00000,-13.00000,8.78887e-01
-39.00000,-12.00000,3.66803e-01
-39.00000,-11.00000,-6.79644e-02
-39.00000,-10.00000,2.13978e-01
-39.00000,-9.00000,3.85421e-01
-39.00000,-8.00000,4.54596e-01
-39.00000,-7.00000,1.15041e+00
-39.00000,-6.00000,1.47851e+00
-39.00000,-5.00000,1.48451e+00
-39.00000,-4.00000,1.43608e+00
-39.00000,-3.00000,7.15821e-01
-39.00000,-2.00000,-5.82887e-02
-39.00000,-1.00000,-6.91470e-01
-39.00000,0.00000,-1.19172e+00
-39.00000,1.00000,-1.59133e+00
-39.00000,2.00000,-1.92434e+00
-39.00000,3.00000,-2.21779e+00
-39.00000,4.00000,-2.48635e+00
-39.00000,5.00000,-2.73567e+00
-39.00000,6.00000,-2.96648e+00
-39.00000,7.00000,-3.17998e+00
-39.00000,8.00000,-3.37650e+00
-39.00000,9.00000,-3.55859e+00
-39.00000,10.00000,-3.72761e+00
-39.00000,11.00000,-3.88506e+00
-39.00000,12.00000,-4.03327e+00
-38.00000,-37.00000,-3.87491e+00
-38.00000,-36.00000,-3.72958e+00
-38.00000,-35.00000,-3.57699e+00
-38.00000,-34.00000,-3.41658e+00
-38.00000,-33.00000,-3.24763e+00
-38.00000,-32.00000,-3.07238e+00
-38.00000,-31.00000,-2.89161e+00
-38.00000,-30.00000,-2.70702e+00
-38.00000,-29.00000,-2.51807e+00
-38.00000,-28.00000,-2.32109e+00
-38.00000,-27.00000,-2.11021e+00
-38.00000,-26.00000,-1.88311e+00
-38.00000,-25.00000,-1.64187e+00
-38.00000,-24.00000,-1.39017e+00
-38.00000,-23.00000,-1.16129e+00
-38.00000,-22.00000,-1.07434e+00
-38.00000,-21.00000,-1.16923e+00
-38.00000,-20.00000,-1.34958e+00
-38.00000,-19.00000,-1.47714e+00
-38.00000,-18.00000,-1.47432e+00
-38.00000,-17.00000,-1.34508e+00
-38.00000,-16.00000,-1.11362e+00
-38.00000,-15.00000,-8.04617e-01
-38.00000,-14.00000,-3.95344e-01
-38.00000,-13.00000,2.76630e-02
-38.00000,-12.00000,1.26625e-03
-38.00000,-11.00000,-7.54094e-02
-38.00000,-10.00000,1.84670e-01
-38.00000,-9.00000,5.19121e-01
-38.00000,-8.00000,5.82432e-01
-38.00000,-7.00000,1.03144e+00
-38.00000,-6.00000,1.63658e+00
-38.00000,-5.00000,1.81738e+00
-38.00000,-4.00000,1.67006e+00
-38.00000,-3.00000,5.84303e-01
-38.00000,-2.00000,-2.06768e-01
-38.00000,-1.00000,-7.91304e-01
-38.00000,0.00000,-1.25692e+00
-38.00000,1.00000,-1.64026e+00
-38.00000,2.00000,-1.96838e+00
-38.00000,3.00000,-2.26270e+00
-38.00000,4.00000,-2.53442e+00
-38.00000,5.00000,-2.78668e+00
-38.00000,6.00000,-3.01967e+00
-38.00000,7.00000,-3.23418e+00
-38.00000,8.00000,-3.43170e+00
-38.00000,9.00000,-3.61503e+00
-38.00000,10.00000,-3.78515e+00
-38.00000,11.00000,-3.94305e+00
-38.00000,12.00000,-4.09470e+00
-37.00000,-37.00000,-3.97364e+00
-37.00000,-36.00000,-3.83359e+00
-37.00000,-35.00000,-3.68637e+00
-37.00000,-34.00000,-3.53194e+00
-37.00000,-33.00000,-3.36863e+00
-37.00000,-32.00000,-3.19688e+00
-37.00000,-31.00000,-3.01960e+00
-37.00000,-30.00000,-2.84339e+00
-37.00000,-29.00000,-2.67765e+00
-37.00000,-28.00000,-2.52746e+00
-37.00000,-27.00000,-2.38540e+00
-37.00000,-26.00000,-2.24021e+00
-37.00000,-25.00000,-2.09007e+00
-37.00000,-24.00000,-1.94620e+00
-37.00000,-23.00000,-1.83342e+00
-37.00000,-22.00000,-1.77985e+00
-37.00000,-21.00000,-1.78916e+00
-37.00000,-20.00000,-1.82659e+00
-37.00000,-19.00000,-1.84246e+00
-37.00000,-18.00000,-1.80044e+00
-37.00000,-17.00000,-1.68929e+00
-37.00000,-16.00000,-1.51257e+00
-37.00000,-15.00000,-1.27904e+00
-37.00000,-14.00000,-1.00387e+00
-37.00000,-13.00000,-7.29464e-01
-37.00000,-12.00000,-4.32105e-01
-37.00000,-11.00000,1.80490e-01
-37.00000,-10.00000,7.94667e-01
-37.00000,-9.00000,1.06021e+00
-37.00000,-8.00000,1.24642e+00
-37.00000,-7.00000,1.03633e+00
-37.00000,-6.00000,1.37648e+00
-37.00000,-5.00000,1.39609e+00
-37.00000,-4.00000,8.97934e-01
-37.00000,-3.00000,2.41738e-01
-37.00000,-2.00000,-3.77992e-01
-37.00000,-1.00000,-8.95331e-01
-37.00000,0.00000,-1.31265e+00
-37.00000,1.00000,-1.65030e+00
-37.00000,2.00000,-1.95281e+00
-37.00000,3.00000,-2.25326e+00
-37.00000,4.00000,-2.54396e+00
-37.00000,5.00000,-2.81176e+00
-37.00000,6.00000,-3.05382e+00
-37.00000,7.00000,-3.27312e+00
-37.00000,8.00000,-3.47307e+00
-37.00000,9.00000,-3.65758e+00
-37.00000,10.00000,-3.82726e+00
-37.00000,11.00000,-3.98791e+00
-37.00000,12.00000,-4.13843e+00
-36.00000,-37.00000,-4.09314e+00
-36.00000,-36.00000,-3.95864e+00
-36.00000,-35.00000,-3.81564e+00
-36.00000,-34.00000,-3.66289e+00
-36.00000,-33.00000,-3.49758e+00
-36.00000,-32.00000,-3.31816e+00
-36.00000,-31.00000,-3.12509e+00
-36.00000,-30.00000,-2.93130e+00
-36.00000,-29.00000,-2.76632e+00
-36.00000,-28.00000,-2.65581e+00
-36.00000,-27.00000,-2.58731e+00
-36.00000,-26.00000,-2.52304e+00
-36.00000,-25.00000,-2.44595e+00
-36.00000,-24.00000,-2.36357e+00
-36.00000,-23.00000,-2.29244e+00
-36.00000,-22.00000,-2.24490e+00
-36.00000,-21.00000,-2.21958e+00
-36.00000,-20.00000,-2.20176e+00
-36.00000,-19.00000,-2.16981e+00
-36.00000,-18.00000,-2.10528e+00
-36.00000,-17.00000,-1.99846e+00
-36.00000,-16.00000,-1.84730e+00
-36.00000,-15.00000,-1.65505e+00
-36.00000,-14.00000,-1.42504e+00
-36.00000,-13.00000,-1.14686e+00
-36.00000,-12.00000,-7.49341e-01
-36.00000,-11.00000,-9.47804e-02
-36.00000,-10.00000,6.98737e-01
-36.00000,-9.00000,1.38880e+00
-36.00000,-8.00000,1.79405e+00
-36.00000,-7.00000,1.43139e+00
-36.00000,-6.00000,2.34348e+00
-36.00000,-5.00000,2.18217e+00
-36.00000,-4.00000,9.01440e-01
-36.00000,-3.00000,5.13448e-02
-36.00000,-2.00000,-5.63692e-01
-36.00000,-1.00000,-1.03869e+00
-36.00000,0.00000,-1.37357e+00
-36.00000,1.00000,-1.58545e+00
-36.00000,2.00000,-1.84083e+00
-36.00000,3.00000,-2.20488e+00
-36.00000,4.00000,-2.56183e+00
-36.00000,5.00000,-2.86451e+00
-36.00000,6.00000,-3.12207e+00
-36.00000,7.00000,-3.34717e+00
-36.00000,8.00000,-3.54854e+00
-36.00000,9.00000,-3.73319e+00
-36.00000,10.00000,-3.90267e+00
-36.00000,11.00000,-4.06233e+00
-36.00000,12.00000,-4.20999e+00
-35.00000,-37.00000,-4.18853e+00
-35.00000,-36.00000,-4.05975e+00
-35.00000,-35.00000,-3.92096e+00
-35.00000,-34.00000,-3.77034e+00
-35.00000,-33.00000,-3.60206e+00
-35.00000,-32.00000,-3.41168e+00
-35.00000,-31.00000,-3.19729e+00
-35.00000,-30.00000,-2.97418e+00
-35.00000,-29.00000,-2.79298e+00
-35.00000,-28.00000,-2.70938e+00
-35.00000,-27.00000,-2.70930e+00
-35.00000,-26.00000,-2.71950e+00
-35.00000,-25.00000,-2.70068e+00
-35.00000,-24.00000,-2.65856e+00
-35.00000,-23.00000,-2.60948e+00
-35.00000,-22.00000,-2.56408e+00
-35.00000,-21.00000,-2.52383e+00
-35.00000,-20.00000,-2.48186e+00
-35.00000,-19.00000,-2.42770e+00
-35.00000,-18.00000,-2.35131e+00
-35.00000,-17.00000,-2.24583e+00
-35.00000,-16.00000,-2.10707e+00
-35.00000,-15.00000,-1.93289e+00
-35.00000,-14.00000,-1.71735e+00
-35.00000,-13.00000,-1.44241e+00
-35.00000,-12.00000,-1.06889e+00
-35.00000,-11.00000,-5.52226e-01
-35.00000,-10.00000,8.42059e-02
-35.00000,-9.00000,7.03973e-01
-35.00000,-8.00000,1.10445e+00
-35.00000,-7.00000,1.02790e+00
-35.00000,-6.00000,1.62421e+00
-35.00000,-5.00000,1.48743e+00
-35.00000,-4.00000,6.00319e-01
-35.00000,-3.00000,-1.62920e-01
-35.00000,-2.00000,-7.62841e-01
-35.00000,-1.00000,-1.19855e+00
-35.00000,0.00000,-1.43572e+00
-35.00000,1.00000,-1.48650e+00
-35.00000,2.00000,-1.70756e+00
-35.00000,3.00000,-2.16754e+00
-35.00000,4.00000,-2.59345e+00
-35.00000,5.00000,-2.92271e+00
-35.00000,6.00000,-3.18807e+00
-35.00000,7.00000,-3.41376e+00
-35.00000,8.00000,-3.61420e+00
-35.00000,9.00000,-3.79654e+00
-35.00000,10.00000,-3.96431e+00
-35.00000,11.00000,-4.11970e+00
-35.00000,12.00000,-4.26444e+00
-34.00000,-37.00000,-4.30860e+00
-34.00000,-36.00000,-4.18393e+00
-34.00000,-35.00000,-4.05081e+00
-34.00000,-34.00000,-3.90563e+00
-34.00000,-33.00000,-3.74194e+00
-34.00000,-32.00000,-3.55435e+00
-34.00000,-31.00000,-3.34181e+00
-34.00000,-30.00000,-3.12014e+00
-34.00000,-29.00000,-2.94445e+00
-34.00000,-28.00000,-2.87439e+00
-34.00000,-27.00000,-2.89627e+00
-34.00000,-26.00000,-2.93481e+00
-34.00000,-25.00000,-2.94346e+00
-34.00000,-24.00000,-2.92188e+00
-34.00000,-23.00000,-2.88392e+00
-34.00000,-22.00000,-2.83985e+00
-34.00000,-21.00000,-2.79245e+00
-34.00000,-20.00000,-2.73943e+00
-34.00000,-19.00000,-2.67521e+00
-34.00000,-18.00000,-2.59367e+00
-34.00000,-17.00000,-2.48955e+00
-34.00000,-16.00000,-2.35873e+00
-34.00000,-15.00000,-2.19674e+00
-34.00000,-14.00000,-1.99595e+00
-34.00000,-13.00000,-1.74143e+00
-34.00000,-12.00000,-1.40441e+00
-34.00000,-11.00000,-9.21338e-01
-34.00000,-10.00000,-2.63388e-01
-34.00000,-9.00000,8.90184e-02
-34.00000,-8.00000,1.16610e-01
-34.00000,-7.00000,1.27507e-01
-34.00000,-6.00000,2.69961e-01
-34.00000,-5.00000,2.53871e-01
-34.00000,-4.00000,6.19767e-02
-34.00000,-3.00000,-5.10392e-01
-34.00000,-2.00000,-1.07461e+00
-34.00000,-1.00000,-1.46485e+00
-34.00000,0.00000,-1.69215e+00
-34.00000,1.00000,-1.79216e+00
-34.00000,2.00000,-2.00253e+00
-34.00000,3.00000,-2.38061e+00
-34.00000,4.00000,-2.75067e+00
-34.00000,5.00000,-3.05430e+00
-34.00000,6.00000,-3.30636e+00
-34.00000,7.00000,-3.52318e+00
-34.00000,8.00000,-3.71712e+00
-34.00000,9.00000,-3.89326e+00
-34.00000,10.00000,-4.05502e+00
-34.00000,11.00000,-4.20581e+00
-34.00000,12.00000,-4.34799e+00
-33.00000,-37.00000,-4.40656e+00
-33.00000,-36.00000,-4.28897e+00
-33.00000,-35.00000,-4.16249e+00
-33.00000,-34.00000,-4.02708e+00
-33.00000,-33.00000,-3.87667e+00
-33.00000,-32.00000,-3.70938e+00
-33.00000,-31.00000,-3.52590e+00
-33.00000,-30.00000,-3.34456e+00
-33.00000,-29.00000,-3.20215e+00
-33.00000,-28.00000,-3.13529e+00
-33.00000,-27.00000,-3.13525e+00
-33.00000,-26.00000,-3.15398e+00
-33.00000,-25.00000,-3.15562e+00
-33.00000,-24.00000,-3.13529e+00
-33.00000,-23.00000,-3.09986e+00
-33.00000,-22.00000,-3.05481e+00
-33.00000,-21.00000,-3.00394e+00
-33.00000,-20.00000,-2.94552e+00
-33.00000,-19.00000,-2.87712e+00
-33.00000,-18.00000,-2.79431e+00
-33.00000,-17.00000,-2.69347e+00
-33.00000,-16.00000,-2.57088e+00
-33.00000,-15.00000,-2.42228e+00
-33.00000,-14.00000,-2.24200e+00
-33.00000,-13.00000,-2.02081e+00
-33.00000,-12.00000,-1.74310e+00
-33.00000,-11.00000,-1.38245e+00
-33.00000,-10.00000,-8.64618e-01
-33.00000,-9.00000,2.23473e-02
-33.00000,-8.00000,-3.98039e-01
-33.00000,-7.00000,-6.39256e-01
-33.00000,-6.00000,-6.11504e-01
-33.00000,-5.00000,-6.21556e-01
-33.00000,-4.00000,-7.29360e-01
-33.00000,-3.00000,-1.07084e+00
-33.00000,-2.00000,-1.46147e+00
-33.00000,-1.00000,-1.77939e+00
-33.00000,0.00000,-2.01907e+00
-33.00000,1.00000,-2.20689e+00
-33.00000,2.00000,-2.41651e+00
-33.00000,3.00000,-2.67886e+00
-33.00000,4.00000,-2.95198e+00
-33.00000,5.00000,-3.20275e+00
-33.00000,6.00000,-3.42567e+00
-33.00000,7.00000,-3.62616e+00
-33.00000,8.00000,-3.80844e+00
-33.00000,9.00000,-3.97551e+00
-33.00000,10.00000,-4.13089e+00
-33.00000,11.00000,-4.27676e+00
-33.00000,12.00000,-4.41511e+00
-32.00000,-37.00000,-4.50504e+00
-32.00000,-36.00000,-4.39426e+00
-32.00000,-35.00000,-4.27866e+00
-32.00000,-34.00000,-4.15398e+00
-32.00000,-33.00000,-4.02169e+00
-32.00000,-32.00000,-3.88065e+00
-32.00000,-31.00000,-3.73398e+00
-32.00000,-30.00000,-3.59532e+00
-32.00000,-29.00000,-3.48542e+00
-32.00000,-28.00000,-3.41903e+00
-32.00000,-27.00000,-3.39101e+00
-32.00000,-26.00000,-3.37809e+00
-32.00000,-25.00000,-3.36092e+00
-32.00000,-24.00000,-3.33236e+00
-32.00000,-23.00000,-3.29285e+00
-32.00000,-22.00000,-3.24631e+00
-32.00000,-21.00000,-3.19314e+00
-32.00000,-20.00000,-3.13229e+00
-32.00000,-19.00000,-3.06278e+00
-32.00000,-18.00000,-2.98137e+00
-32.00000,-17.00000,-2.88547e+00
-32.00000,-16.00000,-2.77248e+00
-32.00000,-15.00000,-2.63899e+00
-32.00000,-14.00000,-2.48230e+00
-32.00000,-13.00000,-2.29842e+00
-32.00000,-12.00000,-2.08392e+00
-32.00000,-11.00000,-1.83593e+00
-32.00000,-10.00000,-1.54582e+00
-32.00000,-9.00000,-1.26820e+00
-32.00000,-8.00000,-1.24722e+00
-32.00000,-7.00000,-1.27561e+00
-32.00000,-6.00000,-1.27655e+00
-32.00000,-5.00000,-1.31783e+00
-32.00000,-4.00000,-1.43272e+00
-32.00000,-3.00000,-1.63151e+00
-32.00000,-2.00000,-1.87495e+00
-32.00000,-1.00000,-2.11474e+00
-32.00000,0.00000,-2.33226e+00
-32.00000,1.00000,-2.53149e+00
-32.00000,2.00000,-2.73058e+00
-32.00000,3.00000,-2.94117e+00
-32.00000,4.00000,-3.15618e+00
-32.00000,5.00000,-3.36454e+00
-32.00000,6.00000,-3.55891e+00
-32.00000,7.00000,-3.74108e+00
-32.00000,8.00000,-3.90874e+00
-32.00000,9.00000,-4.06621e+00
-32.00000,10.00000,-4.21365e+00
-32.00000,11.00000,-4.35341e+00
-32.00000,12.00000,-4.48721e+00
-31.00000,-37.00000,-4.62422e+00
-31.00000,-36.00000,-4.52112e+00
-31.00000,-35.00000,-4.41406e+00
-31.00000,-34.00000,-4.30374e+00
-31.00000,-33.00000,-4.18758e+00
-31.00000,-32.00000,-4.06953e+00
-31.00000,-31.00000,-3.95207e+00
-31.00000,-30.00000,-3.84327e+00
-31.00000,-29.00000,-3.75254e+00
-31.00000,-28.00000,-3.68607e+00
-31.00000,-27.00000,-3.64124e+00
-31.00000,-26.00000,-3.60683e+00
-31.00000,-25.00000,-3.57336e+00
-31.00000,-24.00000,-3.53497e+00
-31.00000,-23.00000,-3.49162e+00
-31.00000,-22.00000,-3.44163e+00
-31.00000,-21.00000,-3.38698e+00
-31.00000,-20.00000,-3.32598e+00
-31.00000,-19.00000,-3.25748e+00
-31.00000,-18.00000,-3.17910e+00
-31.00000,-17.00000,-3.08945e+00
-31.00000,-16.00000,-2.98667e+00
-31.00000,-15.00000,-2.86918e+00
-31.00000,-14.00000,-2.73569e+00
-31.00000,-13.00000,-2.58608e+00
-31.00000,-12.00000,-2.42176e+00
-31.00000,-11.00000,-2.24843e+00
-31.00000,-10.00000,-2.07926e+00
-31.00000,-9.00000,-1.94238e+00
-31.00000,-8.00000,-1.86308e+00
-31.00000,-7.00000,-1.82889e+00
-31.00000,-6.00000,-1.82837e+00
-31.00000,-5.00000,-1.86984e+00
-31.00000,-4.00000,-1.96148e+00
-31.00000,-3.00000,-2.10082e+00
-31.00000,-2.00000,-2.27215e+00
-31.00000,-1.00000,-2.45710e+00
-31.00000,0.00000,-2.64124e+00
-31.00000,1.00000,-2.82220e+00
-31.00000,2.00000,-3.00202e+00
-31.00000,3.00000,-3.18437e+00
-31.00000,4.00000,-3.36648e+00
-31.00000,5.00000,-3.54476e+00
-31.00000,6.00000,-3.71751e+00
-31.00000,7.00000,-3.88077e+00
-31.00000,8.00000,-4.03606e+00
-31.00000,9.00000,-4.18272e+00
-31.00000,10.00000,-4.32281e+00
-31.00000,11.00000,-4.45874e+00
-31.00000,12.00000,-4.59123e+00
