# gsimlt_path=b1,smlt_path=b1,imt=PGA,investigation_time=50.0
lon,lat,iml
-79.0017,0.407533,0.005
-79.0017,-0.590714,0.005
-79.0015,1.40578,0.005
-79.0014,-1.58896,0.005
-79.0009,2.40403,0.005
-79.0007,-2.58721,0.005
-79,3.40227,0.005
-78.9998,-3.58546,0.005
-78.9988,4.40052,0.005
-78.9986,-4.5837,0.005
-78.9973,5.39877,0.005
-78.997,-5.58195,0.005
-78.9955,6.39701,0.005
-78.9951,-6.5802,0.005
-78.9934,7.39526,0.005
-78.993,-7.57844,0.005
-78.9909,8.39351,0.005
-78.9905,-8.57669,0.005
-78.9882,9.39176,0.005
-78.9877,-9.57494,0.005
-78.9851,10.39,0.005
-78.9845,-10.5732,0.005
-78.9817,11.3882,0.005
-78.981,-11.5714,0.005
-78.978,12.3865,0.005
-78.9772,-12.5697,0.005
-78.9739,13.3847,0.005
-78.9731,-13.5679,0.005
-78.9686,-14.5662,0.005
-78.9638,-15.5644,0.005
-78.9586,-16.5627,0.005
-78.953,-17.5609,0.005
-78.947,-18.5592,0.005
-78.9406,-19.5574,0.005
-78.9339,-20.5557,0.005
-78.9267,-21.5539,0.005
-78.9191,-22.5521,0.005
-78.9111,-23.5504,0.005
-78.9026,-24.5486,0.005
-78.8936,-25.5469,0.005
-78.8841,-26.5451,0.005
-78.8742,-27.5434,0.005
-78.8637,-28.5416,0.005
-78.8526,-29.5399,0.005
-78.841,-30.5381,0.005
-78.8288,-31.5364,0.005
-78.816,-32.5346,0.005
-78.8025,-33.5329,0.005
-78.7883,-34.5311,0.005
-78.7734,-35.5294,0.005
-78.7578,-36.5276,0.005
-78.0035,0.407533,0.005
-78.0034,-0.590714,0.005
-78.0029,1.40578,0.005
-78.0027,-1.58896,0.005
-78.0017,2.40403,0.005
-78.0015,-2.58721,0.005
-78,3.40227,0.005
-77.9996,-3.58546,0.005
-77.9976,4.40052,0.005
-77.9971,-4.5837,0.005
-77.9946,5.39877,0.005
-77.994,-5.58195,0.005
-77.991,6.39701,0.005
-77.9903,-6.5802,0.005
-77.9868,7.39526,0.005
-77.9859,-7.57844,0.005
-77.9819,8.39351,0.005
-77.9809,-8.57669,0.005
-77.9764,9.39176,0.005
-77.9753,-9.57494,0.005
-77.9702,10.39,0.005
-77.969,-10.5732,0.005
-77.9634,11.3882,0.005
-77.9621,-11.5714,0.005
-77.9559,12.3865,0.005
-77.9545,-12.5697,0.005
-77.9478,13.3847,0.005
-77.9462,-13.5679,0.005
-77.9372,-14.5662,0.005
-77.9275,-15.5644,0.005
-77.9171,-16.5627,0.005
-77.9059,-17.5609,0.005
-77.894,-18.5592,0.005
-77.8813,-19.5574,0.005
-77.8678,-20.5557,0.005
-77.8534,-21.5539,0.005
-77.8382,-22.5521,0.005
-77.8221,-23.5504,0.005
-77.8052,-24.5486,0.005
-77.7872,-25.5469,0.005
-77.7683,-26.5451,0.005
-77.7484,-27.5434,0.005
-77.7274,-28.5416,0.005
-77.7053,-29.5399,0.005
-77.6821,-30.5381,0.005
-77.6576,-31.5364,0.005
-77.632,-32.5346,0.005
-77.605,-33.5329,0.005
-77.5767,-34.5311,0.005
-77.5469,-35.5294,0.005
-77.5156,-36.5276,0.005
-77.4828,-37.5259,0.005
-77.0052,0.407533,0.005
-77.0051,-0.590714,0.005
-77.0044,1.40578,0.005
-77.0041,-1.58896,0.005
-77.0026,2.40403,0.005
-77.0022,-2.58721,0.005
-77,3.40227,0.005
-76.9994,-3.58546,0.005
-76.9964,4.40052,0.005
-76.9957,-4.5837,0.005
-76.9919,5.39877,0.005
-76.991,-5.58195,0.005
-76.9865,6.39701,0.005
-76.9854,-6.5802,0.005
-76.9801,7.39526,0.005
-76.9789,-7.57844,0.005
-76.9728,8.39351,0.005
-76.9714,-8.57669,0.005
-76.9646,9.39176,0.005
-76.963,-9.57494,0.005
-76.9553,10.39,0.005
-76.9535,-10.5732,0.005
-76.9451,11.3882,0.005
-76.9431,-11.5714,0.005
-76.9339,12.3865,0.005
-76.9317,-12.5697,0.005
-76.9217,13.3847,0.005
-76.9193,-13.5679,0.005
-76.9058,-14.5662,0.005
-76.8913,-15.5644,0.005
-76.8757,-16.5627,0.005
-76.8589,-17.5609,0.005
-76.841,-18.5592,0.005
-76.8219,-19.5574,0.005
-76.8017,-20.5557,0.005
-76.7801,-21.5539,0.005
-76.7573,-22.5521,0.005
-76.7332,-23.5504,0.005
-76.7077,-24.5486,0.005
-76.6808,-25.5469,0.005
-76.6524,-26.5451,0.005
-76.6225,-27.5434,0.005
-76.5911,-28.5416,0.005
-76.5579,-29.5399,0.005
-76.5231,-30.5381,0.005
-76.4865,-31.5364,0.005
-76.4479,-32.5346,0.005
-76.4075,-33.5329,0.005
-76.365,-34.5311,0.005
-76.3203,-35.5294,0.005
-76.2734,-36.5276,0.005
-76.2241,-37.5259,0.005
-76.0069,0.407533,0.005
-76.0068,-0.590714,0.005
-76.0058,1.40578,0.005
-76.0055,-1.58896,0.005
-76.0035,2.40403,0.005
-76.0029,-2.58721,0.005
-76,3.40227,0.005
-75.9992,-3.58546,0.005
-75.9952,4.40052,0.005
-75.9942,-4.5837,0.005
-75.9892,5.39877,0.005
-75.988,-5.58195,0.005
-75.982,6.39701,0.005
-75.9805,-6.5802,0.005
-75.9735,7.39526,0.005
-75.9718,-7.57844,0.005
-75.9638,8.39351,0.005
-75.9619,-8.57669,0.005
-75.9528,9.39176,0.005
-75.9506,-9.57494,0.005
-75.9405,10.39,0.005
-75.9381,-10.5732,0.005
-75.9268,11.3882,0.005
-75.9242,-11.5714,0.005
-75.9119,12.3865,0.005
-75.909,-12.5697,0.005
-75.8955,13.3847,0.005
-75.8924,-13.5679,0.005
-75.8778,14.383,0.005
-75.8744,-14.5662,0.005
-75.855,-15.5644,0.005
-75.8342,-16.5627,0.005
-75.8119,-17.5609,0.005
-75.788,-18.5592,0.005
-75.7626,-19.5574,0.005
-75.7356,-20.5557,0.005
-75.7069,-21.5539,0.005
-75.6765,-22.5521,0.005
-75.6443,-23.5504,0.005
-75.6103,-24.5486,0.005
-75.5744,-25.5469,0.005
-75.5366,-26.5451,0.005
-75.4967,-27.5434,0.005
-75.4547,-28.5416,0.005
-75.4106,-29.5399,0.005
-75.3641,-30.5381,0.005
-75.3153,-31.5364,0.005
-75.2639,-32.5346,0.005
-75.21,-33.5329,0.005
-75.1533,-34.5311,0.005
-75.0938,-35.5294,0.005
-75.0312,-36.5276,0.005
-75.0086,0.407533,0.005
-75.0085,-0.590714,0.005
-75.0073,1.40578,0.005
-75.0068,-1.58896,0.005
-75.0044,2.40403,0.005
-75.0037,-2.58721,0.005
-75,3.40227,0.005
-74.999,-3.58546,0.005
-74.994,4.40052,0.005
-74.9928,-4.5837,0.005
-74.9865,5.39877,0.005
-74.985,-5.58195,0.005
-74.9775,6.39701,0.005
-74.9757,-6.5802,0.00977447
-74.9669,7.39526,0.005
-74.9655,-37.5259,0.005
-74.9648,-7.57844,0.0141973
-74.9547,8.39351,0.005
-74.9523,-8.57669,0.0167364
-74.941,9.39176,0.005
-74.9383,-9.57494,0.0159344
-74.9256,10.39,0.005
-74.9226,-10.5732,0.0073263
-74.9085,11.3882,0.005
-74.9052,-11.5714,0.005
-74.8898,12.3865,0.005
-74.8862,-12.5697,0.005
-74.8694,13.3847,0.005
-74.8655,-13.5679,0.005
-74.8473,14.383,0.005
-74.843,-14.5662,0.005
-74.8188,-15.5644,0.005
-74.7928,-16.5627,0.005
-74.7648,-17.5609,0.005
-74.735,-18.5592,0.005
-74.7032,-19.5574,0.005
-74.6694,-20.5557,0.005
-74.6336,-21.5539,0.005
-74.5956,-22.5521,0.005
-74.5554,-23.5504,0.005
-74.5129,-24.5486,0.005
-74.468,-25.5469,0.005
-74.4207,-26.5451,0.005
-74.3709,-27.5434,0.005
-74.3184,-28.5416,0.005
-74.2632,-29.5399,0.005
-74.2051,-30.5381,0.005
-74.1441,-31.5364,0.005
-74.0799,-32.5346,0.005
-74.0125,-33.5329,0.005
-74.0104,0.407533,0.005
-74.0102,-0.590714,0.005
-74.0087,1.40578,0.005
-74.0082,-1.58896,0.005
-74.0052,2.40403,0.005
-74.0044,-2.58721,0.005
-73.9999,3.40227,0.005
-73.9988,-3.58546,0.005
-73.9928,4.40052,0.005
-73.9913,-4.5837,0.005
-73.9838,5.39877,0.005
-73.982,-5.58195,0.010954
-73.973,6.39701,0.005
-73.9708,-6.5802,0.0606491
-73.9603,7.39526,0.005
-73.9578,-7.57844,0.0719542
-73.9457,8.39351,0.005
-73.9428,-8.57669,0.0757961
-73.9416,-34.5311,0.005
-73.9292,9.39176,0.005
-73.9259,-9.57494,0.0736989
-73.9107,10.39,0.005
-73.9071,-10.5732,0.0203901
-73.8903,11.3882,0.005
-73.8863,-11.5714,0.005
-73.8678,12.3865,0.005
-73.8672,-35.5294,0.005
-73.8635,-12.5697,0.005
-73.8433,13.3847,0.005
-73.8386,-13.5679,0.005
-73.8168,14.383,0.005
-73.8117,-14.5662,0.005
-73.789,-36.5276,0.005
-73.7826,-15.5644,0.005
-73.7513,-16.5627,0.005
-73.7178,-17.5609,0.005
-73.7069,-37.5259,0.005
-73.682,-18.5592,0.005
-73.6439,-19.5574,0.005
-73.6033,-20.5557,0.005
-73.5603,-21.5539,0.005
-73.5147,-22.5521,0.005
-73.4664,-23.5504,0.005
-73.4155,-24.5486,0.005
-73.3616,-25.5469,0.005
-73.3049,-26.5451,0.005
-73.2451,-27.5434,0.005
-73.1821,-28.5416,0.005
-73.1159,-29.5399,0.005
-73.0462,-30.5381,0.005
-73.0121,0.407533,0.005
-73.0119,-0.590714,0.005
-73.0102,1.40578,0.005
-73.0096,-1.58896,0.005
-73.0061,2.40403,0.005
-73.0051,-2.58721,0.005
-72.9999,3.40227,0.005
-72.9986,-3.58546,0.005
-72.9916,4.40052,0.005
-72.9899,-4.5837,0.005
-72.9811,5.39877,0.005
-72.979,-5.58195,0.00806427
-72.9729,-31.5364,0.005
-72.9685,6.39701,0.005
-72.9659,-6.5802,0.0306498
-72.9537,7.39526,0.005
-72.9507,-7.57844,0.077461
-72.9366,8.39351,0.005
-72.9333,-8.57669,0.081546
-72.9174,9.39176,0.005
-72.9136,-9.57494,0.0804624
-72.8959,-32.5346,0.005
-72.8958,10.39,0.005
-72.8916,-10.5732,0.0469702
-72.872,11.3882,0.005
-72.8673,-11.5714,0.0103375
-72.8458,12.3865,0.005
-72.8407,-12.5697,0.005
-72.8172,13.3847,0.005
-72.815,-33.5329,0.005
-72.8117,-13.5679,0.005
-72.7862,14.383,0.005
-72.7803,-14.5662,0.005
-72.7463,-15.5644,0.005
-72.73,-34.5311,0.005
-72.7099,-16.5627,0.005
-72.6708,-17.5609,0.005
-72.6406,-35.5294,0.005
-72.629,-18.5592,0.005
-72.5845,-19.5574,0.005
-72.5468,-36.5276,0.005
-72.5372,-20.5557,0.005
-72.487,-21.5539,0.005
-72.4483,-37.5259,0.005
-72.4338,-22.5521,0.005
-72.3775,-23.5504,0.005
-72.318,-24.5486,0.005
-72.2552,-25.5469,0.005
-72.189,-26.5451,0.005
-72.1193,-27.5434,0.005
-72.0458,-28.5416,0.005
-72.0138,0.407533,0.005
-72.0136,-0.590714,0.005
-72.0116,1.40578,0.005
-72.011,-1.58896,0.005
-72.007,2.40403,0.005
-72.0059,-2.58721,0.005
-71.9999,3.40227,0.005
-71.9984,-3.58546,0.005
-71.9904,4.40052,0.005
-71.9884,-4.5837,0.005
-71.9784,5.39877,0.005
-71.976,-5.58195,0.005
-71.9685,-29.5399,0.005
-71.964,6.39701,0.005
-71.9611,-6.5802,0.0114323
-71.9471,7.39526,0.005
-71.9437,-7.57844,0.0356101
-71.9276,8.39351,0.005
-71.9237,-8.57669,0.0783674
-71.9055,9.39176,0.005
-71.9012,-9.57494,0.0813777
-71.8872,-30.5381,0.005
-71.8809,10.39,0.005
-71.8761,-10.5732,0.074976
-71.8537,11.3882,0.005
-71.8484,-11.5714,0.0189429
-71.8237,12.3865,0.005
-71.818,-12.5697,0.005
-71.8017,-31.5364,0.005
-71.7911,13.3847,0.005
-71.7848,-13.5679,0.005
-71.7557,14.383,0.005
-71.7489,-14.5662,0.005
-71.7119,-32.5346,0.005
-71.7101,-15.5644,0.005
-71.6684,-16.5627,0.005
-71.6237,-17.5609,0.005
-71.6175,-33.5329,0.005
-71.576,-18.5592,0.005
-71.5252,-19.5574,0.005
-71.5183,-34.5311,0.005
-71.4711,-20.5557,0.005
-71.4141,-35.5294,0.005
-71.4137,-21.5539,0.005
-71.3529,-22.5521,0.005
-71.3046,-36.5276,0.005
-71.2886,-23.5504,0.005
-71.2206,-24.5486,0.005
-71.1896,-37.5259,0.005
-71.1489,-25.5469,0.005
-71.0732,-26.5451,0.005
-71.0688,-38.5241,0.005
-71.0155,0.407533,0.005
-71.0153,-0.590714,0.005
-71.0131,1.40578,0.005
-71.0123,-1.58896,0.005
-71.0079,2.40403,0.005
-71.0066,-2.58721,0.005
-70.9999,3.40227,0.005
-70.9982,-3.58546,0.005
-70.9935,-27.5434,0.005
-70.9892,4.40052,0.005
-70.987,-4.5837,0.005
-70.9758,5.39877,0.005
-70.973,-5.58195,0.005
-70.9595,6.39701,0.005
-70.9562,-6.5802,0.005
-70.9404,7.39526,0.005
-70.9366,-7.57844,0.0122334
-70.9185,8.39351,0.005
-70.9142,-8.57669,0.0386072
-70.9095,-28.5416,0.005
-70.8937,9.39176,0.005
-70.8889,-9.57494,0.0787024
-70.866,10.39,0.005
-70.8606,-10.5732,0.0794813
-70.8354,11.3882,0.005
-70.8294,-11.5714,0.0361283
-70.8212,-29.5399,0.005
-70.8017,12.3865,0.005
-70.7952,-12.5697,0.00821026
-70.765,13.3847,0.005
-70.7579,-13.5679,0.005
-70.7282,-30.5381,0.005
-70.7251,14.383,0.005
-70.7175,-14.5662,0.005
-70.6739,-15.5644,0.005
-70.6305,-31.5364,0.005
-70.627,-16.5627,0.005
-70.5767,-17.5609,0.005
-70.5279,-32.5346,0.005
-70.523,-18.5592,0.005
-70.4658,-19.5574,0.005
-70.42,-33.5329,0.005
-70.405,-20.5557,0.005
-70.3404,-21.5539,0.005
-70.3066,-34.5311,0.005
-70.272,-22.5521,0.005
-70.1997,-23.5504,0.005
-70.1875,-35.5294,0.005
-70.1232,-24.5486,0.005
-70.0624,-36.5276,0.005
-70.0425,-25.5469,0.005
-70.0173,0.407533,0.005
-70.017,-0.590714,0.005
-70.0145,1.40578,0.005
-70.0137,-1.58896,0.005
-70.0087,2.40403,0.005
-70.0073,-2.58721,0.005
-69.9999,3.40227,0.005
-69.998,-3.58546,0.005
-69.988,4.40052,0.005
-69.9855,-4.5837,0.005
-69.9731,5.39877,0.005
-69.97,-5.58195,0.005
-69.9573,-26.5451,0.005
-69.955,6.39701,0.005
-69.9513,-6.5802,0.005
-69.9338,7.39526,0.005
-69.931,-37.5259,0.005
-69.9296,-7.57844,0.005
-69.9095,8.39351,0.005
-69.9047,-8.57669,0.0130616
-69.8819,9.39176,0.005
-69.8765,-9.57494,0.0420225
-69.8676,-27.5434,0.005
-69.8512,10.39,0.005
-69.8451,-10.5732,0.0753606
-69.8171,11.3882,0.005
-69.8105,-11.5714,0.0654941
-69.7929,-38.5241,0.005
-69.7797,12.3865,0.005
-69.7732,-28.5416,0.005
-69.7724,-12.5697,0.00967092
-69.7389,13.3847,0.005
-69.731,-13.5679,0.005
-69.6946,14.383,0.005
-69.6861,-14.5662,0.005
-69.6738,-29.5399,0.005
-69.6376,-15.5644,0.005
-69.5855,-16.5627,0.005
-69.5693,-30.5381,0.005
-69.5297,-17.5609,0.005
-69.47,-18.5592,0.005
-69.4594,-31.5364,0.005
-69.4065,-19.5574,0.005
-69.3438,-32.5346,0.005
-69.3389,-20.5557,0.005
-69.2672,-21.5539,0.005
-69.2225,-33.5329,0.005
-69.1912,-22.5521,0.005
-69.1107,-23.5504,0.005
-69.0949,-34.5311,0.005
-69.0258,-24.5486,0.005
-69.019,0.407533,0.005
-69.0187,-0.590714,0.005
-69.016,1.40578,0.005
-69.0151,-1.58896,0.005
-69.0096,2.40403,0.005
-69.0081,-2.58721,0.005
-68.9999,3.40227,0.005
-68.9978,-3.58546,0.005
-68.9868,4.40052,0.005
-68.9841,-4.5837,0.005
-68.9704,5.39877,0.005
-68.967,-5.58195,0.005
-68.961,-35.5294,0.005
-68.9505,6.39701,0.005
-68.9465,-6.5802,0.005
-68.9361,-25.5469,0.005
-68.9272,7.39526,0.005
-68.9225,-7.57844,0.005
-68.9004,8.39351,0.005
-68.8951,-8.57669,0.005
-68.8701,9.39176,0.005
-68.8642,-9.57494,0.0106855
-68.8415,-26.5451,0.005
-68.8363,10.39,0.005
-68.8297,-10.5732,0.0169071
-68.8202,-36.5276,0.005
-68.7988,11.3882,0.005
-68.7915,-11.5714,0.0129891
-68.7576,12.3865,0.005
-68.7497,-12.5697,0.005
-68.7418,-27.5434,0.005
-68.7128,13.3847,0.005
-68.7041,-13.5679,0.005
-68.6724,-37.5259,0.005
-68.6641,14.383,0.005
-68.6547,-14.5662,0.005
-68.6369,-28.5416,0.005
-68.6014,-15.5644,0.005
-68.5441,-16.5627,0.005
-68.5264,-29.5399,0.005
-68.517,-38.5241,0.005
-68.4826,-17.5609,0.005
-68.417,-18.5592,0.005
-68.4103,-30.5381,0.005
-68.3471,-19.5574,0.005
-68.2882,-31.5364,0.005
-68.2728,-20.5557,0.005
-68.1939,-21.5539,0.005
-68.1598,-32.5346,0.005
-68.1103,-22.5521,0.005
-68.025,-33.5329,0.005
-68.0218,-23.5504,0.005
-68.0207,0.407533,0.005
-68.0204,-0.590714,0.005
-68.0174,1.40578,0.005
-68.0164,-1.58896,0.005
-68.0105,2.40403,0.005
-68.0088,-2.58721,0.005
-67.9999,3.40227,0.005
-67.9975,-3.58546,0.005
-67.9856,4.40052,0.005
-67.9826,-4.5837,0.005
-67.9677,5.39877,0.005
-67.964,-5.58195,0.005
-67.946,6.39701,0.005
-67.9416,-6.5802,0.005
-67.9283,-24.5486,0.005
-67.9206,7.39526,0.005
-67.9155,-7.57844,0.005
-67.8914,8.39351,0.005
-67.8856,-8.57669,0.005
-67.8833,-34.5311,0.005
-67.8583,9.39176,0.005
-67.8518,-9.57494,0.005
-67.8297,-25.5469,0.005
-67.8214,10.39,0.005
-67.8142,-10.5732,0.005
-67.7805,11.3882,0.005
-67.7726,-11.5714,0.005
-67.7356,12.3865,0.005
-67.7344,-35.5294,0.005
-67.7269,-12.5697,0.005
-67.7256,-26.5451,0.005
-67.6866,13.3847,0.005
-67.6772,-13.5679,0.005
-67.6335,14.383,0.005
-67.6233,-14.5662,0.005
-67.616,-27.5434,0.005
-67.578,-36.5276,0.005
-67.5651,-15.5644,0.005
-67.5026,-16.5627,0.005
-67.5006,-28.5416,0.005
-67.4356,-17.5609,0.005
-67.4138,-37.5259,0.005
-67.3791,-29.5399,0.005
-67.364,-18.5592,0.005
-67.2878,-19.5574,0.005
-67.2513,-30.5381,0.005
-67.2412,-38.5241,0.005
-67.2067,-20.5557,0.005
-67.1206,-21.5539,0.005
-67.117,-31.5364,0.005
-67.0294,-22.5521,0.005
-67.0225,0.407533,0.005
-67.0221,-0.590714,0.005
-67.0189,1.40578,0.005
-67.0178,-1.58896,0.005
-67.0114,2.40403,0.005
-67.0096,-2.58721,0.005
-66.9999,3.40227,0.005
-66.9973,-3.58546,0.005
-66.9844,4.40052,0.005
-66.9812,-4.5837,0.005
-66.9758,-32.5346,0.005
-66.965,5.39877,0.005
-66.961,-5.58195,0.005
-66.9415,6.39701,0.005
-66.9368,-6.5802,0.005
-66.9329,-23.5504,0.005
-66.914,7.39526,0.005
-66.9085,-7.57844,0.005
-66.8823,8.39351,0.005
-66.8761,-8.57669,0.005
-66.8465,9.39176,0.005
-66.8395,-9.57494,0.005
-66.8309,-24.5486,0.005
-66.8275,-33.5329,0.005
-66.8065,10.39,0.005
-66.7987,-10.5732,0.005
-66.7622,11.3882,0.005
-66.7536,-11.5714,0.005
-66.7233,-25.5469,0.005
-66.7136,12.3865,0.005
-66.7042,-12.5697,0.005
-66.6716,-34.5311,0.005
-66.6605,13.3847,0.005
-66.6503,-13.5679,0.005
-66.6098,-26.5451,0.005
-66.603,14.383,0.005
-66.5919,-14.5662,0.005
-66.5289,-15.5644,0.005
-66.5079,-35.5294,0.005
-66.4902,-27.5434,0.005
-66.4612,-16.5627,0.005
-66.3886,-17.5609,0.005
-66.3642,-28.5416,0.005
-66.3358,-36.5276,0.005
-66.3111,-18.5592,0.005
-66.2317,-29.5399,0.005
-66.2284,-19.5574,0.005
-66.1551,-37.5259,0.005
-66.1406,-20.5557,0.005
-66.0923,-30.5381,0.005
-66.0473,-21.5539,0.005
-66.0242,0.407533,0.005
-66.0238,-0.590714,0.005
-66.0203,1.40578,0.005
-66.0192,-1.58896,0.005
-66.0122,2.40403,0.005
-66.0103,-2.58721,0.005
-65.9999,3.40227,0.005
-65.9971,-3.58546,0.005
-65.9832,4.40052,0.005
-65.9797,-4.5837,0.005
-65.9653,-38.5241,0.005
-65.9623,5.39877,0.005
-65.958,-5.58195,0.005
-65.9485,-22.5521,0.005
-65.9458,-31.5364,0.005
-65.937,6.39701,0.005
-65.9319,-6.5802,0.005
-65.9073,7.39526,0.005
-65.9014,-7.57844,0.005
-65.8733,8.39351,0.005
-65.8665,-8.57669,0.005
-65.844,-23.5504,0.005
-65.8347,9.39176,0.005
-65.8271,-9.57494,0.005
-65.7918,-32.5346,0.005
-65.7916,10.39,0.005
-65.7832,-10.5732,0.005
-65.7439,11.3882,0.005
-65.7347,-11.5714,0.005
-65.7335,-24.5486,0.005
-65.6916,12.3865,0.005
-65.6814,-12.5697,0.005
-65.6344,13.3847,0.005
-65.6299,-33.5329,0.005
-65.6234,-13.5679,0.005
-65.6169,-25.5469,0.005
-65.5724,14.383,0.005
-65.5605,-14.5662,0.005
-65.4939,-26.5451,0.005
-65.4927,-15.5644,0.005
-65.4599,-34.5311,0.005
-65.4197,-16.5627,0.005
-65.3644,-27.5434,0.005
-65.3416,-17.5609,0.005
-65.2813,-35.5294,0.005
-65.2581,-18.5592,0.005
-65.2279,-28.5416,0.005
-65.1691,-19.5574,0.005
-65.0936,-36.5276,0.005
-65.0844,-29.5399,0.005
-65.0745,-20.5557,0.005
-65.0259,0.407533,0.00572113
-65.0255,-0.590714,0.00654771
-65.0218,1.40578,0.005
-65.0205,-1.58896,0.00660987
-65.0131,2.40403,0.005
-65.011,-2.58721,0.00672353
-64.9999,3.40227,0.005
-64.9969,-3.58546,0.0061832
-64.982,4.40052,0.005
-64.9783,-4.5837,0.005
-64.974,-21.5539,0.005
-64.9596,5.39877,0.005
-64.955,-5.58195,0.005
-64.9334,-30.5381,0.005
-64.9325,6.39701,0.005
-64.927,-6.5802,0.005
-64.9007,7.39526,0.005
-64.8965,-37.5259,0.005
-64.8944,-7.57844,0.005
-64.8676,-22.5521,0.005
-64.8642,8.39351,0.005
-64.857,-8.57669,0.005
-64.8229,9.39176,0.005
-64.8148,-9.57494,0.005
-64.7767,10.39,0.005
-64.7746,-31.5364,0.005
-64.7677,-10.5732,0.005
-64.755,-23.5504,0.005
-64.7256,11.3882,0.005
-64.7157,-11.5714,0.005
-64.6894,-38.5241,0.005
-64.6695,12.3865,0.005
-64.6587,-12.5697,0.005
-64.6361,-24.5486,0.005
-64.6083,13.3847,0.005
-64.6078,-32.5346,0.005
-64.5965,-13.5679,0.005
-64.5419,14.383,0.005
-64.5291,-14.5662,0.005
-64.5105,-25.5469,0.005
-64.4564,-15.5644,0.005
-64.4324,-33.5329,0.005
-64.3783,-16.5627,0.005
-64.3781,-26.5451,0.005
-64.2945,-17.5609,0.005
-64.2482,-34.5311,0.005
-64.2385,-27.5434,0.005
-64.2051,-18.5592,0.005
-64.1097,-19.5574,0.005
-64.0916,-28.5416,0.005
-64.0547,-35.5294,0.005
-64.0276,0.407533,0.0350265
-64.0272,-0.590714,0.03642
-64.0232,1.40578,0.013177
-64.0219,-1.58896,0.036776
-64.014,2.40403,0.005
-64.0118,-2.58721,0.0373537
-64.0083,-20.5557,0.005
-63.9999,3.40227,0.005
-63.9967,-3.58546,0.0368984
-63.9808,4.40052,0.005
-63.9768,-4.5837,0.0142486
-63.9569,5.39877,0.005
-63.952,-5.58195,0.005
-63.937,-29.5399,0.005
-63.928,6.39701,0.005
-63.9222,-6.5802,0.005
-63.9007,-21.5539,0.005
-63.8941,7.39526,0.005
-63.8873,-7.57844,0.005
-63.8552,8.39351,0.005
-63.8515,-36.5276,0.005
-63.8475,-8.57669,0.005
-63.8111,9.39176,0.005
-63.8024,-9.57494,0.005
-63.7867,-22.5521,0.005
-63.7744,-30.5381,0.005
-63.7618,10.39,0.005
-63.7522,-10.5732,0.005
-63.7073,11.3882,0.005
-63.6968,-11.5714,0.005
-63.6661,-23.5504,0.005
-63.6475,12.3865,0.005
-63.6379,-37.5259,0.005
-63.6359,-12.5697,0.005
-63.6034,-31.5364,0.005
-63.5822,13.3847,0.005
-63.5696,-13.5679,0.005
-63.5387,-24.5486,0.005
-63.5113,14.383,0.005
-63.4977,-14.5662,0.005
-63.4238,-32.5346,0.005
-63.4202,-15.5644,0.005
-63.4135,-38.5241,0.005
-63.4041,-25.5469,0.005
-63.3368,-16.5627,0.005
-63.2622,-26.5451,0.005
-63.2475,-17.5609,0.005
-63.2349,-33.5329,0.005
-63.1521,-18.5592,0.005
-63.1127,-27.5434,0.005
-63.0504,-19.5574,0.005
-63.0366,-34.5311,0.005
-63.0294,0.407533,0.0491328
-63.0289,-0.590714,0.0497843
-63.0247,1.40578,0.0397684
-63.0233,-1.58896,0.0498023
-63.0149,2.40403,0.00939151
-63.0125,-2.58721,0.0498212
-62.9998,3.40227,0.005
-62.9965,-3.58546,0.0487343
-62.9796,4.40052,0.005
-62.9754,-4.5837,0.0242536
-62.9553,-28.5416,0.005
-62.9542,5.39877,0.005
-62.949,-5.58195,0.005
-62.9422,-20.5557,0.005
-62.9235,6.39701,0.005
-62.9173,-6.5802,0.005
-62.8875,7.39526,0.005
-62.8803,-7.57844,0.005
-62.8461,8.39351,0.005
-62.8379,-8.57669,0.005
-62.8282,-35.5294,0.005
-62.8275,-21.5539,0.005
-62.7993,9.39176,0.005
-62.7901,-9.57494,0.005
-62.7897,-29.5399,0.005
-62.747,10.39,0.005
-62.7368,-10.5732,0.005
-62.7059,-22.5521,0.005
-62.689,11.3882,0.005
-62.6778,-11.5714,0.005
-62.6255,12.3865,0.005
-62.6154,-30.5381,0.005
-62.6132,-12.5697,0.005
-62.6093,-36.5276,0.005
-62.5772,-23.5504,0.005
-62.5561,13.3847,0.005
-62.5427,-13.5679,0.005
-62.4808,14.383,0.005
-62.4663,-14.5662,0.005
-62.4412,-24.5486,0.005
-62.4323,-31.5364,0.005
-62.3839,-15.5644,0.005
-62.3793,-37.5259,0.005
-62.2977,-25.5469,0.005
-62.2954,-16.5627,0.005
-62.2397,-32.5346,0.005
-62.2005,-17.5609,0.005
-62.1464,-26.5451,0.005
-62.1376,-38.5241,0.005
-62.0991,-18.5592,0.005
-62.0374,-33.5329,0.005
-62.0311,0.407533,0.0502551
-62.0306,-0.590714,0.0503652
-62.0261,1.40578,0.0481795
-62.0246,-1.58896,0.0503721
-62.0157,2.40403,0.0206606
-62.0132,-2.58721,0.0503709
-61.9998,3.40227,0.00544848
-61.9963,-3.58546,0.0495919
-61.991,-19.5574,0.005
-61.9869,-27.5434,0.005
-61.9784,4.40052,0.005
-61.9739,-4.5837,0.0330924
-61.9515,5.39877,0.005
-61.946,-5.58195,0.00629235
-61.919,6.39701,0.005
-61.9124,-6.5802,0.005
-61.8837,-39.5223,0.005
-61.8809,7.39526,0.005
-61.8761,-20.5557,0.005
-61.8733,-7.57844,0.005
-61.837,8.39351,0.005
-61.8284,-8.57669,0.005
-61.8249,-34.5311,0.005
-61.819,-28.5416,0.005
-61.7875,9.39176,0.005
-61.7777,-9.57494,0.005
-61.7542,-21.5539,0.005
-61.7321,10.39,0.005
-61.7213,-10.5732,0.005
-61.6708,11.3882,0.005
-61.6589,-11.5714,0.005
-61.6423,-29.5399,0.005
-61.625,-22.5521,0.005
-61.6034,12.3865,0.005
-61.6016,-35.5294,0.005
-61.5904,-12.5697,0.005
-61.53,13.3847,0.005
-61.5158,-13.5679,0.005
-61.4883,-23.5504,0.005
-61.4565,-30.5381,0.005
-61.4503,14.383,0.005
-61.435,-14.5662,0.005
-61.3671,-36.5276,0.005
-61.3477,-15.5644,0.005
-61.3438,-24.5486,0.005
-61.2611,-31.5364,0.005
-61.2539,-16.5627,0.005
-61.1913,-25.5469,0.005
-61.1534,-17.5609,0.005
-61.1206,-37.5259,0.005
-61.0557,-32.5346,0.005
-61.0461,-18.5592,0.005
-61.0328,0.407533,0.0503549
-61.0323,-0.590714,0.0503641
-61.0305,-26.5451,0.005
-61.0276,1.40578,0.0499199
-61.026,-1.58896,0.0503696
-61.0166,2.40403,0.0444551
-61.014,-2.58721,0.0503722
-60.9998,3.40227,0.0117234
-60.9961,-3.58546,0.0498541
-60.9772,4.40052,0.005
-60.9725,-4.5837,0.0400019
-60.9488,5.39877,0.005
-60.943,-5.58195,0.0077351
-60.9317,-19.5574,0.005
-60.9145,6.39701,0.005
-60.9076,-6.5802,0.005
-60.8742,7.39526,0.005
-60.8662,-7.57844,0.005
-60.8617,-38.5241,0.005
-60.8611,-27.5434,0.005
-60.8399,-33.5329,0.005
-60.828,8.39351,0.005
-60.8189,-8.57669,0.005
-60.81,-20.5557,0.005
-60.7757,9.39176,0.005
-60.7654,-9.57494,0.005
-60.7172,10.39,0.005
-60.7058,-10.5732,0.005
-60.6827,-28.5416,0.005
-60.6809,-21.5539,0.005
-60.6525,11.3882,0.005
-60.6399,-11.5714,0.005
-60.6132,-34.5311,0.005
-60.5897,-39.5223,0.005
-60.5814,12.3865,0.005
-60.5676,-12.5697,0.005
-60.5441,-22.5521,0.005
-60.5039,13.3847,0.005
-60.4949,-29.5399,0.005
-60.4889,-13.5679,0.005
-60.4197,14.383,0.005
-60.4036,-14.5662,0.005
-60.3993,-23.5504,0.005
-60.3751,-35.5294,0.005
-60.3115,-15.5644,0.005
-60.2975,-30.5381,0.005
-60.2464,-24.5486,0.005
-60.2125,-16.5627,0.005
-60.1249,-36.5276,0.005
-60.1064,-17.5609,0.005
-60.0899,-31.5364,0.005
-60.0849,-25.5469,0.005
-60.0346,0.407533,0.0503223
-60.034,-0.590714,0.0503639
-60.0291,1.40578,0.0501941
-60.0274,-1.58896,0.0503724
-60.0175,2.40403,0.048322
-60.0147,-2.58721,0.0503732
-59.9998,3.40227,0.0218904
-59.9959,-3.58546,0.0500414
-59.9931,-18.5592,0.005
-59.976,4.40052,0.005
-59.971,-4.5837,0.0435765
-59.9461,5.39877,0.005
-59.94,-5.58195,0.00938759
-59.9147,-26.5451,0.005
-59.91,6.39701,0.005
-59.9027,-6.5802,0.005
-59.8723,-19.5574,0.005
-59.8717,-32.5346,0.005
-59.8676,7.39526,0.005
-59.862,-37.5259,0.005
-59.8592,-7.57844,0.005
-59.8189,8.39351,0.005
-59.8093,-8.57669,0.005
-59.7639,9.39176,0.005
-59.7531,-9.57494,0.005
-59.7439,-20.5557,0.005
-59.7353,-27.5434,0.005
-59.7023,10.39,0.005
-59.6903,-10.5732,0.0131785
-59.6424,-33.5329,0.005
-59.6342,11.3882,0.005
-59.6209,-11.5714,0.0187373
-59.6076,-21.5539,0.005
-59.5859,-38.5241,0.005
-59.5594,12.3865,0.005
-59.5464,-28.5416,0.005
-59.5449,-12.5697,0.0202635
-59.4777,13.3847,0.005
-59.4632,-22.5521,0.005
-59.462,-13.5679,0.0157791
-59.4015,-34.5311,0.005
-59.3892,14.383,0.005
-59.3722,-14.5662,0.00560292
-59.3476,-29.5399,0.005
-59.3104,-23.5504,0.005
-59.2956,-39.5223,0.005
-59.2752,-15.5644,0.005
-59.171,-16.5627,0.005
-59.149,-24.5486,0.005
-59.1485,-35.5294,0.005
-59.1385,-30.5381,0.005
-59.0594,-17.5609,0.005
-59.0363,0.407533,0.048245
-59.0357,-0.590714,0.0492432
-59.0305,1.40578,0.0463776
-59.0288,-1.58896,0.0497898
-59.0184,2.40403,0.0415502
-59.0154,-2.58721,0.05009
-58.9998,3.40227,0.015379
-58.9957,-3.58546,0.0500529
-58.9785,-25.5469,0.005
-58.9748,4.40052,0.005
-58.9696,-4.5837,0.0456424
-58.9434,5.39877,0.005
-58.9401,-18.5592,0.00992933
-58.937,-5.58195,0.0112263
-58.9187,-31.5364,0.005
-58.9055,6.39701,0.005
-58.8978,-6.5802,0.005
-58.8827,-36.5276,0.005
-58.861,7.39526,0.005
-58.8521,-7.57844,0.005
-58.813,-19.5574,0.0174938
-58.8099,8.39351,0.005
-58.7998,-8.57669,0.005
-58.7988,-26.5451,0.005
-58.7521,9.39176,0.005
-58.7407,-9.57494,0.0153164
-58.6877,-32.5346,0.005
-58.6874,10.39,0.005
-58.6778,-20.5557,0.0275953
-58.6748,-10.5732,0.108688
-58.6159,11.3882,0.005
-58.6094,-27.5434,0.005
-58.6034,-37.5259,0.005
-58.602,-11.5714,0.13028
-58.5373,12.3865,0.005
-58.5343,-21.5539,0.0353087
-58.5221,-12.5697,0.137406
-58.4516,13.3847,0.005
-58.4449,-33.5329,0.005
-58.4351,-13.5679,0.0831245
-58.4101,-28.5416,0.005
-58.3823,-22.5521,0.00656255
-58.3586,14.383,0.005
-58.3408,-14.5662,0.0132978
-58.31,-38.5241,0.005
-58.239,-15.5644,0.005
-58.2215,-23.5504,0.005
-58.2002,-29.5399,0.005
-58.1899,-34.5311,0.005
-58.1296,-16.5627,0.0068332
-58.0515,-24.5486,0.005
-58.038,0.407533,0.0165236
-58.0374,-0.590714,0.0242156
-58.032,1.40578,0.0119424
-58.0301,-1.58896,0.0377732
-58.0192,2.40403,0.00823871
-58.0162,-2.58721,0.0440181
-58.0123,-17.5609,0.0195463
-58.0016,-39.5223,0.005
-57.9998,3.40227,0.005
-57.9955,-3.58546,0.0466762
-57.9795,-30.5381,0.005
-57.9736,4.40052,0.005
-57.9681,-4.5837,0.0449058
-57.9407,5.39877,0.005
-57.934,-5.58195,0.0114297
-57.9219,-35.5294,0.005
-57.901,6.39701,0.005
-57.893,-6.5802,0.005
-57.8871,-18.5592,0.0445458
-57.8721,-25.5469,0.005
-57.8544,7.39526,0.005
-57.8451,-7.57844,0.005
-57.8008,8.39351,0.005
-57.7902,-8.57669,0.005
-57.7536,-19.5574,0.0450728
-57.7475,-31.5364,0.005
-57.7402,9.39176,0.005
-57.7284,-9.57494,0.0217648
-57.683,-26.5451,0.005
-57.6725,10.39,0.005
-57.6593,-10.5732,0.1393
-57.6405,-36.5276,0.005
-57.6117,-20.5557,0.0451493
-57.5976,11.3882,0.005
-57.583,-11.5714,0.14984
-57.5153,12.3865,0.005
-57.5037,-32.5346,0.005
-57.4994,-12.5697,0.149794
-57.4836,-27.5434,0.005
-57.461,-21.5539,0.0447966
-57.4255,13.3847,0.005
-57.4082,-13.5679,0.102129
-57.3448,-37.5259,0.005
-57.3281,14.383,0.005
-57.3094,-14.5662,0.0166128
-57.3014,-22.5521,0.0146405
-57.2737,-28.5416,0.005
-57.2474,-33.5329,0.005
-57.2027,-15.5644,0.009729
-57.1326,-23.5504,0.005
-57.0881,-16.5627,0.0414262
-57.0529,-29.5399,0.005
-57.0397,0.407533,0.005
-57.0391,-0.590714,0.005
-57.0341,-38.5241,0.005
-57.0334,1.40578,0.005
-57.0315,-1.58896,0.00707203
-57.0201,2.40403,0.005
-57.0169,-2.58721,0.00956909
-56.9998,3.40227,0.005
-56.9953,-3.58546,0.0125035
-56.9782,-34.5311,0.005
-56.9724,4.40052,0.005
-56.9667,-4.5837,0.0137158
-56.9653,-17.5609,0.0450236
-56.9541,-24.5486,0.005
-56.938,5.39877,0.005
-56.931,-5.58195,0.00612363
-56.8965,6.39701,0.005
-56.8881,-6.5802,0.005
-56.8478,7.39526,0.005
-56.838,-7.57844,0.005
-56.8341,-18.5592,0.0451839
-56.8206,-30.5381,0.005
-56.7918,8.39351,0.005
-56.7807,-8.57669,0.005
-56.7657,-25.5469,0.005
-56.7284,9.39176,0.005
-56.716,-9.57494,0.0176213
-56.7076,-39.5223,0.005
-56.6954,-35.5294,0.005
-56.6943,-19.5574,0.0452175
-56.6577,10.39,0.005
-56.6438,-10.5732,0.12295
-56.5793,11.3882,0.005
-56.5763,-31.5364,0.005
-56.5671,-26.5451,0.005
-56.5641,-11.5714,0.139492
-56.5456,-20.5557,0.0452239
-56.4933,12.3865,0.005
-56.4766,-12.5697,0.143539
-56.3994,13.3847,0.005
-56.3983,-36.5276,0.005
-56.3878,-21.5539,0.0449881
-56.3813,-13.5679,0.0973707
-56.3578,-27.5434,0.005
-56.3196,-32.5346,0.005
-56.2976,14.383,0.005
-56.278,-14.5662,0.014152
-56.2206,-22.5521,0.0147189
-56.1665,-15.5644,0.0432408
-56.1374,-28.5416,0.005
-56.0862,-37.5259,0.005
-56.0499,-33.5329,0.005
-56.0467,-16.5627,0.045151
-56.0436,-23.5504,0.005
-56.0415,0.407533,0.005
-56.0408,-0.590714,0.005
-56.0349,1.40578,0.005
-56.0329,-1.58896,0.005
-56.021,2.40403,0.005
-56.0176,-2.58721,0.005
-55.9998,3.40227,0.005
-55.9951,-3.58546,0.005
-55.9713,4.40052,0.005
-55.9652,-4.5837,0.005
-55.9353,5.39877,0.005
-55.9279,-5.58195,0.005
-55.9183,-17.5609,0.0452188
-55.9055,-29.5399,0.005
-55.892,6.39701,0.005
-55.8832,-6.5802,0.005
-55.8567,-24.5486,0.005
-55.8412,7.39526,0.005
-55.831,-7.57844,0.005
-55.7827,8.39351,0.005
-55.7811,-18.5592,0.0451873
-55.7712,-8.57669,0.005
-55.7665,-34.5311,0.005
-55.7582,-38.5241,0.005
-55.7166,9.39176,0.005
-55.7037,-9.57494,0.00681844
-55.6616,-30.5381,0.005
-55.6594,-25.5469,0.005
-55.6428,10.39,0.005
-55.6349,-19.5574,0.0451187
-55.6284,-10.5732,0.0165111
-55.561,11.3882,0.005
-55.5451,-11.5714,0.0225887
-55.4795,-20.5557,0.0446096
-55.4712,12.3865,0.005
-55.4688,-35.5294,0.005
-55.4539,-12.5697,0.0243596
-55.4513,-26.5451,0.005
-55.4136,-39.5223,0.005
-55.4052,-31.5364,0.005
-55.3733,13.3847,0.005
-55.3544,-13.5679,0.0174467
-55.3145,-21.5539,0.0341506
-55.267,14.383,0.005
-55.2466,-14.5662,0.00790987
-55.232,-27.5434,0.005
-55.1561,-36.5276,0.005
-55.1397,-22.5521,0.00659905
-55.1356,-32.5346,0.005
-55.1303,-15.5644,0.040844
-55.0432,0.407533,0.005
-55.0425,-0.590714,0.005
-55.0363,1.40578,0.005
-55.0342,-1.58896,0.005
-55.0218,2.40403,0.005
-55.0184,-2.58721,0.005
-55.0052,-16.5627,0.0451867
-55.0011,-28.5416,0.005
-54.9998,3.40227,0.005
-54.9949,-3.58546,0.005
-54.9701,4.40052,0.005
-54.9638,-4.5837,0.005
-54.9547,-23.5504,0.005
-54.9326,5.39877,0.005
-54.9249,-5.58195,0.005
-54.8875,6.39701,0.005
-54.8784,-6.5802,0.005
-54.8712,-17.5609,0.0452096
-54.8524,-33.5329,0.005
-54.8345,7.39526,0.005
-54.8275,-37.5259,0.005
-54.824,-7.57844,0.005
-54.7737,8.39351,0.005
-54.7616,-8.57669,0.005
-54.7593,-24.5486,0.005
-54.7582,-29.5399,0.005
-54.7281,-18.5592,0.0446332
-54.7048,9.39176,0.005
-54.6913,-9.57494,0.005
-54.6279,10.39,0.005
-54.6129,-10.5732,0.005
-54.5756,-19.5574,0.0254527
-54.5549,-34.5311,0.005
-54.553,-25.5469,0.005
-54.5427,11.3882,0.005
-54.5262,-11.5714,0.005
-54.5026,-30.5381,0.005
-54.4823,-38.5241,0.005
-54.4492,12.3865,0.005
-54.4311,-12.5697,0.005
-54.4134,-20.5557,0.00951923
-54.3472,13.3847,0.005
-54.3354,-26.5451,0.005
-54.3275,-13.5679,0.005
-54.2423,-35.5294,0.005
-54.2412,-21.5539,0.00505528
-54.2365,14.383,0.005
-54.234,-31.5364,0.005
-54.2152,-14.5662,0.005
-54.1196,-39.5223,0.005
-54.1062,-27.5434,0.005
-54.094,-15.5644,0.0273765
-54.0588,-22.5521,0.005
-54.0449,0.407533,0.005
-54.0442,-0.590714,0.005
-54.0378,1.40578,0.005
-54.0356,-1.58896,0.005
-54.0227,2.40403,0.005
-54.0191,-2.58721,0.005
-53.9998,3.40227,0.005
-53.9947,-3.58546,0.005
-53.9689,4.40052,0.005
-53.9638,-16.5627,0.0451446
-53.9623,-4.5837,0.005
-53.9516,-32.5346,0.005
-53.93,5.39877,0.005
-53.9219,-5.58195,0.005
-53.9139,-36.5276,0.005
-53.883,6.39701,0.005
-53.8735,-6.5802,0.005
-53.8658,-23.5504,0.005
-53.8648,-28.5416,0.005
-53.8279,7.39526,0.005
-53.8242,-17.5609,0.0451425
-53.8169,-7.57844,0.005
-53.7646,8.39351,0.005
-53.7521,-8.57669,0.005
-53.693,9.39176,0.005
-53.679,-9.57494,0.005
-53.6751,-18.5592,0.027142
-53.6618,-24.5486,0.005
-53.6549,-33.5329,0.005
-53.613,10.39,0.005
-53.6108,-29.5399,0.005
-53.5974,-10.5732,0.005
-53.5689,-37.5259,0.005
-53.5244,11.3882,0.005
-53.5162,-19.5574,0.0058731
-53.5072,-11.5714,0.005
-53.4466,-25.5469,0.005
-53.4272,12.3865,0.005
-53.4084,-12.5697,0.005
-53.3472,-20.5557,0.005
-53.3437,-30.5381,0.005
-53.3432,-34.5311,0.005
-53.3211,13.3847,0.005
-53.3006,-13.5679,0.005
-53.2196,-26.5451,0.005
-53.2064,-38.5241,0.005
-53.2059,14.383,0.005
-53.1838,-14.5662,0.00626248
-53.1679,-21.5539,0.005
-53.0628,-31.5364,0.005
-53.0578,-15.5644,0.0194303
-53.0466,0.407533,0.005
-53.0459,-0.590714,0.005
-53.0392,1.40578,0.005
-53.037,-1.58896,0.005
-53.0236,2.40403,0.005
-53.0198,-2.58721,0.005
-53.0157,-35.5294,0.005
-52.9998,3.40227,0.005
-52.9945,-3.58546,0.005
-52.9804,-27.5434,0.005
-52.9779,-22.5521,0.005
-52.9677,4.40052,0.005
-52.9609,-4.5837,0.005
-52.9273,5.39877,0.005
-52.9223,-16.5627,0.0451461
-52.9189,-5.58195,0.005
-52.8785,6.39701,0.005
-52.8686,-6.5802,0.005
-52.8255,-39.5223,0.005
-52.8213,7.39526,0.005
-52.8099,-7.57844,0.005
-52.7772,-17.5609,0.0449628
-52.7769,-23.5504,0.005
-52.7676,-32.5346,0.005
-52.7556,8.39351,0.005
-52.7426,-8.57669,0.005
-52.7285,-28.5416,0.005
-52.6812,9.39176,0.005
-52.6717,-36.5276,0.005
-52.6666,-9.57494,0.005
-52.6221,-18.5592,0.0126547
-52.5981,10.39,0.005
-52.5819,-10.5732,0.005
-52.5644,-24.5486,0.005
-52.5061,11.3882,0.005
-52.4883,-11.5714,0.005
-52.4635,-29.5399,0.005
-52.4574,-33.5329,0.005
-52.4569,-19.5574,0.005
-52.4051,12.3865,0.005
-52.3856,-12.5697,0.005
-52.3402,-25.5469,0.005
-52.3103,-37.5259,0.005
-52.2949,13.3847,0.005
-52.2811,-20.5557,0.005
-52.2737,-13.5679,0.00741032
-52.1847,-30.5381,0.005
-52.1754,14.383,0.005
-52.1524,-14.5662,0.0264733
-52.1315,-34.5311,0.005
-52.1037,-26.5451,0.005
-52.0946,-21.5539,0.005
-52.0484,0.407533,0.005
-52.0476,-0.590714,0.00687874
-52.0407,1.40578,0.005
-52.0383,-1.58896,0.00949034
-52.0245,2.40403,0.005
-52.0216,-15.5644,0.0449006
-52.0206,-2.58721,0.00961569
-51.9997,3.40227,0.005
-51.9943,-3.58546,0.00980255
-51.9665,4.40052,0.005
-51.9594,-4.5837,0.00968615
-51.9306,-38.5241,0.005
-51.9246,5.39877,0.005
-51.9159,-5.58195,0.0100854
-51.897,-22.5521,0.005
-51.8916,-31.5364,0.005
-51.8809,-16.5627,0.0452087
-51.874,6.39701,0.005
-51.8638,-6.5802,0.0105821
-51.8545,-27.5434,0.005
-51.8147,7.39526,0.005
-51.8028,-7.57844,0.0107875
-51.7891,-35.5294,0.005
-51.7465,8.39351,0.005
-51.733,-8.57669,0.0117055
-51.7301,-17.5609,0.0442934
-51.6879,-23.5504,0.005
-51.6694,9.39176,0.005
-51.6543,-9.57494,0.0125928
-51.5922,-28.5416,0.005
-51.5836,-32.5346,0.005
-51.5832,10.39,0.005
-51.5691,-18.5592,0.00794602
-51.5664,-10.5732,0.00948879
-51.5315,-39.5223,0.005
-51.4878,11.3882,0.005
-51.4693,-11.5714,0.00721534
-51.467,-24.5486,0.00663368
-51.4295,-36.5276,0.005
-51.3975,-19.5574,0.005
-51.3831,12.3865,0.005
-51.3629,-12.5697,0.0105926
-51.3161,-29.5399,0.005
-51.2688,13.3847,0.005
-51.2599,-33.5329,0.005
-51.2468,-13.5679,0.0423981
-51.2338,-25.5469,0.0128503
-51.215,-20.5557,0.005
-51.1449,14.383,0.005
-51.121,-14.5662,0.0450712
-51.0517,-37.5259,0.005
-51.0501,0.407533,0.0197366
-51.0493,-0.590714,0.0431686
-51.0421,1.40578,0.00747594
-51.0397,-1.58896,0.0447194
-51.0257,-30.5381,0.00690078
-51.0253,2.40403,0.005
-51.0213,-21.5539,0.005
-51.0213,-2.58721,0.0447298
-50.9997,3.40227,0.005
-50.9941,-3.58546,0.0447326
-50.9878,-26.5451,0.0126542
-50.9853,-15.5644,0.0452207
-50.9653,4.40052,0.005
-50.958,-4.5837,0.0447336
-50.9219,5.39877,0.005
-50.9198,-34.5311,0.005
-50.9129,-5.58195,0.0448058
-50.8695,6.39701,0.005
-50.8589,-6.5802,0.0448564
-50.8394,-16.5627,0.0450267
-50.8161,-22.5521,0.00855058
-50.8081,7.39526,0.005
-50.7958,-7.57844,0.0448617
-50.7375,8.39351,0.005
-50.7287,-27.5434,0.00503488
-50.7235,-8.57669,0.0449061
-50.7204,-31.5364,0.0137959
-50.6831,-17.5609,0.0245976
-50.6576,9.39176,0.005
-50.6547,-38.5241,0.005
-50.6419,-9.57494,0.0449425
-50.599,-23.5504,0.0275437
-50.5683,10.39,0.005
-50.5626,-35.5294,0.005
-50.5509,-10.5732,0.0445653
-50.5161,-18.5592,0.005
-50.4696,11.3882,0.005
-50.4559,-28.5416,0.005
-50.4504,-11.5714,0.0426333
-50.3996,-32.5346,0.0115697
-50.3696,-24.5486,0.040963
-50.3611,12.3865,0.005
-50.3401,-12.5697,0.0445291
-50.3381,-19.5574,0.005
-50.2427,13.3847,0.005
-50.2375,-39.5223,0.005
-50.2199,-13.5679,0.0451414
-50.1873,-36.5276,0.005
-50.1687,-29.5399,0.013705
-50.1489,-20.5557,0.00695025
-50.1274,-25.5469,0.0413333
-50.1143,14.383,0.005
-50.0897,-14.5662,0.0452125
-50.0624,-33.5329,0.005
-50.0518,0.407533,0.0446498
-50.051,-0.590714,0.0451917
-50.0436,1.40578,0.0115224
-50.0411,-1.58896,0.045228
-50.0262,2.40403,0.005
-50.022,-2.58721,0.0452115
-49.9997,3.40227,0.005
-49.9939,-3.58546,0.0451792
-49.9641,4.40052,0.005
-49.9565,-4.5837,0.0451763
-49.9491,-15.5644,0.0450678
-49.9481,-21.5539,0.024303
-49.9192,5.39877,0.005
-49.9099,-5.58195,0.0451466
-49.872,-26.5451,0.0412007
-49.8667,-30.5381,0.0313502
-49.865,6.39701,0.005
-49.854,-6.5802,0.0450406
-49.8014,7.39526,0.005
-49.798,-16.5627,0.0321339
-49.793,-37.5259,0.005
-49.7888,-7.57844,0.0447951
-49.7353,-22.5521,0.0412137
-49.7284,8.39351,0.005
-49.714,-8.57669,0.044905
-49.7082,-34.5311,0.005
-49.6458,9.39176,0.005
-49.6361,-17.5609,0.00635079
-49.6296,-9.57494,0.0451326
-49.6029,-27.5434,0.0188976
-49.5535,10.39,0.005
-49.5492,-31.5364,0.0949668
-49.5354,-10.5732,0.0452027
-49.5101,-23.5504,0.0414081
-49.4631,-18.5592,0.005
-49.4513,11.3882,0.005
-49.4314,-11.5714,0.0452074
-49.3788,-38.5241,0.005
-49.339,12.3865,0.005
-49.336,-35.5294,0.005
-49.3195,-28.5416,0.023559
-49.3173,-12.5697,0.0452115
-49.2788,-19.5574,0.0125638
-49.2721,-24.5486,0.0414028
-49.2166,13.3847,0.005
-49.2155,-32.5346,0.0282663
-49.193,-13.5679,0.0451949
-49.0838,14.383,0.005
-49.0828,-20.5557,0.0409045
-49.0583,-14.5662,0.0450724
-49.0536,0.407533,0.0373661
-49.0527,-0.590714,0.0450299
-49.045,1.40578,0.00605382
-49.0424,-1.58896,0.0449953
-49.0271,2.40403,0.005
-49.0228,-2.58721,0.0447317
-49.0214,-29.5399,0.0763397
-49.021,-25.5469,0.0415698
-48.9997,3.40227,0.005
-48.9937,-3.58546,0.0440718
-48.9629,4.40052,0.005
-48.9551,-4.5837,0.0416839
-48.9451,-36.5276,0.005
-48.9435,-39.5223,0.005
-48.9165,5.39877,0.005
-48.9128,-15.5644,0.0365776
-48.9069,-5.58195,0.0260322
-48.8748,-21.5539,0.0414013
-48.8649,-33.5329,0.005
-48.8605,6.39701,0.005
-48.8492,-6.5802,0.0145023
-48.7948,7.39526,0.005
-48.7817,-7.57844,0.0104031
-48.7565,-16.5627,0.00711424
-48.7561,-26.5451,0.0408969
-48.7194,8.39351,0.005
-48.7078,-30.5381,0.10536
-48.7044,-8.57669,0.0134165
-48.6544,-22.5521,0.0414442
-48.634,9.39176,0.005
-48.6172,-9.57494,0.0351623
-48.589,-17.5609,0.00693326
-48.5386,10.39,0.005
-48.5344,-37.5259,0.005
-48.52,-10.5732,0.0441843
-48.4965,-34.5311,0.005
-48.4771,-27.5434,0.0440683
-48.433,11.3882,0.005
-48.4212,-23.5504,0.0414374
-48.4125,-11.5714,0.0449747
-48.4101,-18.5592,0.0304405
-48.3781,-31.5364,0.0784569
-48.317,12.3865,0.005
-48.2946,-12.5697,0.045141
-48.2194,-19.5574,0.0412939
-48.1905,13.3847,0.005
-48.1832,-28.5416,0.103926
-48.1747,-24.5486,0.0415919
-48.1661,-13.5679,0.0450163
-48.1095,-35.5294,0.005
-48.1029,-38.5241,0.005
-48.0553,0.407533,0.00877311
-48.0544,-0.590714,0.0182749
-48.0532,14.383,0.005
-48.0465,1.40578,0.005
-48.0438,-1.58896,0.0129922
-48.0315,-32.5346,0.0141044
-48.028,2.40403,0.005
-48.0269,-14.5662,0.036889
-48.0235,-2.58721,0.00981874
-48.0167,-20.5557,0.0414137
-47.9997,3.40227,0.005
-47.9935,-3.58546,0.00757848
-47.9617,4.40052,0.005
-47.9536,-4.5837,0.00589279
-47.9146,-25.5469,0.0202237
-47.9138,5.39877,0.005
-47.9039,-5.58195,0.005
-47.8766,-15.5644,0.0079052
-47.874,-29.5399,0.107263
-47.856,6.39701,0.005
-47.8443,-6.5802,0.005
-47.8015,-21.5539,0.0414421
-47.7882,7.39526,0.005
-47.7747,-7.57844,0.005
-47.7151,-16.5627,0.0106956
-47.7103,8.39351,0.005
-47.7029,-36.5276,0.005
-47.6949,-8.57669,0.005
-47.6674,-33.5329,0.005
-47.6403,-26.5451,0.0865302
-47.6222,9.39176,0.005
-47.6049,-9.57494,0.00559741
-47.5735,-22.5521,0.0414478
-47.5488,-30.5381,0.0699436
-47.542,-17.5609,0.0406715
-47.5237,10.39,0.005
-47.5045,-10.5732,0.00862699
-47.4147,11.3882,0.005
-47.3935,-11.5714,0.0146802
-47.3571,-18.5592,0.0413992
-47.3513,-27.5434,0.107917
-47.3322,-23.5504,0.0415317
-47.295,12.3865,0.005
-47.2848,-34.5311,0.005
-47.2758,-37.5259,0.005
-47.2718,-12.5697,0.0375822
-47.2069,-31.5364,0.0165318
-47.1644,13.3847,0.005
-47.1601,-19.5574,0.0414143
-47.1392,-13.5679,0.0294042
-47.0773,-24.5486,0.0372656
-47.057,0.407533,0.005
-47.0561,-0.590714,0.005
-47.0479,1.40578,0.005
-47.0469,-28.5416,0.107564
-47.0452,-1.58896,0.005
-47.0288,2.40403,0.005
-47.0242,-2.58721,0.005
-47.0227,14.383,0.005
-46.9997,3.40227,0.005
-46.9955,-14.5662,0.00877152
-46.9933,-3.58546,0.005
-46.9605,4.40052,0.005
-46.9522,-4.5837,0.005
-46.9506,-20.5557,0.0414223
-46.9111,5.39877,0.005
-46.9009,-5.58195,0.005
-46.8829,-35.5294,0.005
-46.8515,6.39701,0.005
-46.8475,-32.5346,0.005
-46.8404,-15.5644,0.0244827
-46.8394,-6.5802,0.005
-46.827,-38.5241,0.005
-46.8082,-25.5469,0.0798999
-46.7816,7.39526,0.005
-46.7676,-7.57844,0.005
-46.7282,-21.5539,0.0414422
-46.7267,-29.5399,0.057642
-46.7013,8.39351,0.005
-46.6854,-8.57669,0.005
-46.6736,-16.5627,0.0412687
-46.6104,9.39176,0.005
-46.5925,-9.57494,0.005
-46.5244,-26.5451,0.10837
-46.5088,10.39,0.005
-46.495,-17.5609,0.0414359
-46.4926,-22.5521,0.0414445
-46.489,-10.5732,0.005
-46.4699,-33.5329,0.005
-46.4607,-36.5276,0.005
-46.3964,11.3882,0.005
-46.3898,-30.5381,0.0153997
-46.3746,-11.5714,0.005
-46.3041,-18.5592,0.0414386
-46.2729,12.3865,0.005
-46.2491,-12.5697,0.00523069
-46.2433,-23.5504,0.0426689
-46.2254,-27.5434,0.107796
-46.1383,13.3847,0.005
-46.1123,-13.5679,0.00712293
-46.1007,-19.5574,0.0414164
-46.0731,-34.5311,0.005
-46.0587,0.407533,0.005
-46.0578,-0.590714,0.005
-46.0494,1.40578,0.005
-46.0465,-1.58896,0.005
-46.0357,-31.5364,0.005
-46.0297,2.40403,0.005
-46.025,-2.58721,0.005
-46.0172,-37.5259,0.005
-45.9997,3.40227,0.005
-45.9931,-3.58546,0.005
-45.9922,14.383,0.005
-45.9799,-24.5486,0.0446714
-45.9641,-14.5662,0.0403799
-45.9593,4.40052,0.005
-45.9507,-4.5837,0.005
-45.9106,-28.5416,0.0488383
-45.9084,5.39877,0.005
-45.8979,-5.58195,0.005
-45.8845,-20.5557,0.0414225
-45.847,6.39701,0.005
-45.8346,-6.5802,0.005
-45.8041,-15.5644,0.0413713
-45.775,7.39526,0.005
-45.7606,-7.57844,0.005
-45.7018,-25.5469,0.107808
-45.6922,8.39351,0.005
-45.6758,-8.57669,0.005
-45.6635,-32.5346,0.005
-45.6564,-35.5294,0.005
-45.6549,-21.5539,0.0414426
-45.6322,-16.5627,0.0414394
-45.5986,9.39176,0.005
-45.5802,-9.57494,0.005
-45.5793,-29.5399,0.0141872
-45.5511,-38.5241,0.005
-45.4939,10.39,0.005
-45.4735,-10.5732,0.005
-45.4479,-17.5609,0.0414487
-45.4117,-22.5521,0.041498
-45.4086,-26.5451,0.108931
-45.3781,11.3882,0.005
-45.3556,-11.5714,0.005
-45.2724,-33.5329,0.005
-45.2511,-18.5592,0.0414385
-45.2509,12.3865,0.005
-45.2309,-30.5381,0.005
-45.2263,-12.5697,0.005
-45.2185,-36.5276,0.005
-45.1544,-23.5504,0.0335092
-45.1122,13.3847,0.005
-45.0996,-27.5434,0.0849752
-45.0854,-13.5679,0.00714052
-45.0605,0.407533,0.005
-45.0595,-0.590714,0.005
-45.0508,1.40578,0.005
-45.0479,-1.58896,0.005
-45.0414,-19.5574,0.0414161
-45.0306,2.40403,0.005
-45.0257,-2.58721,0.005
-44.9997,3.40227,0.005
-44.9928,-3.58546,0.005
-44.9616,14.383,0.005
-44.9581,4.40052,0.005
-44.9493,-4.5837,0.005
-44.9327,-14.5662,0.0410654
-44.9057,5.39877,0.005
-44.8949,-5.58195,0.005
-44.8825,-24.5486,0.0997915
-44.8645,-31.5364,0.005
-44.8615,-34.5311,0.005
-44.8425,6.39701,0.005
-44.8297,-6.5802,0.005
-44.8184,-20.5557,0.0414229
-44.7743,-28.5416,0.0156915
-44.7684,7.39526,0.005
-44.7679,-15.5644,0.0414183
-44.7585,-37.5259,0.005
-44.7535,-7.57844,0.005
-44.6831,8.39351,0.005
-44.6663,-8.57669,0.005
-44.5954,-25.5469,0.109185
-44.5907,-16.5627,0.0414429
-44.5868,9.39176,0.005
-44.5816,-21.5539,0.0414427
-44.5678,-9.57494,0.005
-44.4795,-32.5346,0.005
-44.479,10.39,0.005
-44.458,-10.5732,0.005
-44.432,-29.5399,0.005
-44.4298,-35.5294,0.005
-44.4009,-17.5609,0.0414482
-44.3598,11.3882,0.005
-44.3367,-11.5714,0.005
-44.3308,-22.5521,0.0423438
-44.2927,-26.5451,0.105023
-44.2753,-38.5241,0.005
-44.2289,12.3865,0.005
-44.2036,-12.5697,0.005
-44.1981,-18.5592,0.0414391
-44.086,13.3847,0.005
-44.0749,-33.5329,0.005
-44.0719,-30.5381,0.005
-44.0655,-23.5504,0.0345214
-44.0622,0.407533,0.005
-44.0612,-0.590714,0.005
-44.0585,-13.5679,0.00639229
-44.0523,1.40578,0.005
-44.0493,-1.58896,0.005
-44.0315,2.40403,0.005
-44.0264,-2.58721,0.005
-43.9997,3.40227,0.005
-43.9926,-3.58546,0.005
-43.982,-19.5574,0.0414158
-43.9763,-36.5276,0.005
-43.9738,-27.5434,0.0252373
-43.9569,4.40052,0.005
-43.9478,-4.5837,0.005
-43.9311,14.383,0.005
-43.903,5.39877,0.005
-43.9013,-14.5662,0.0408472
-43.8919,-5.58195,0.005
-43.838,6.39701,0.005
-43.8249,-6.5802,0.005
-43.785,-24.5486,0.107408
-43.7617,7.39526,0.005
-43.7522,-20.5557,0.0414228
-43.7465,-7.57844,0.005
-43.7316,-15.5644,0.0414162
-43.6933,-31.5364,0.005
-43.6741,8.39351,0.005
-43.6568,-8.57669,0.005
-43.6498,-34.5311,0.005
-43.638,-28.5416,0.005
-43.575,9.39176,0.005
-43.5555,-9.57494,0.005
-43.5493,-16.5627,0.0414429
-43.5084,-21.5539,0.0414381
-43.4999,-37.5259,0.005
-43.489,-25.5469,0.108338
-43.4642,10.39,0.005
-43.4425,-10.5732,0.005
-43.3539,-17.5609,0.0414476
-43.3415,11.3882,0.005
-43.3177,-11.5714,0.005
-43.2954,-32.5346,0.005
-43.2846,-29.5399,0.005
-43.2499,-22.5521,0.0447549
-43.2068,12.3865,0.005
-43.2032,-35.5294,0.005
-43.1808,-12.5697,0.005
-43.1769,-26.5451,0.0508025
-43.1451,-18.5592,0.0414394
-43.0639,0.407533,0.005
-43.0629,-0.590714,0.005
-43.0599,13.3847,0.005
-43.0537,1.40578,0.005
-43.0507,-1.58896,0.005
-43.0323,2.40403,0.005
-43.0316,-13.5679,0.00568998
-43.0272,-2.58721,0.005
-42.9997,3.40227,0.005
-42.9994,-38.5241,0.005
-42.9924,-3.58546,0.005
-42.9765,-23.5504,0.089563
-42.9557,4.40052,0.005
-42.9464,-4.5837,0.005
-42.9227,-19.5574,0.0414157
-42.9129,-30.5381,0.005
-42.9005,14.383,0.005
-42.9003,5.39877,0.005
-42.8889,-5.58195,0.005
-42.8774,-33.5329,0.005
-42.8699,-14.5662,0.0404197
-42.848,-27.5434,0.0105323
-42.8335,6.39701,0.005
-42.82,-6.5802,0.005
-42.7551,7.39526,0.005
-42.7395,-7.57844,0.005
-42.7341,-36.5276,0.005
-42.6954,-15.5644,0.0414125
-42.6876,-24.5486,0.108831
-42.6861,-20.5557,0.0414222
-42.665,8.39351,0.005
-42.6472,-8.57669,0.005
-42.5631,9.39176,0.005
-42.5432,-9.57494,0.005
-42.5221,-31.5364,0.005
-42.5078,-16.5627,0.0414424
-42.5017,-28.5416,0.005
-42.4493,10.39,0.005
-42.4381,-34.5311,0.005
-42.4351,-21.5539,0.0433068
-42.4271,-10.5732,0.005
-42.3826,-25.5469,0.10026
-42.3232,11.3882,0.005
-42.3068,-17.5609,0.0414479
-42.2988,-11.5714,0.005
-42.2413,-37.5259,0.005
-42.1848,12.3865,0.005
-42.1691,-22.5521,0.0400178
-42.1581,-12.5697,0.005
-42.1372,-29.5399,0.005
-42.1114,-32.5346,0.005
-42.0921,-18.5592,0.0414391
-42.0657,0.407533,0.005
-42.0646,-0.590714,0.005
-42.061,-26.5451,0.019243
-42.0552,1.40578,0.005
-42.052,-1.58896,0.005
-42.0338,13.3847,0.005
-42.0332,2.40403,0.005
-42.0279,-2.58721,0.00698876
-42.0047,-13.5679,0.00607788
-41.9997,3.40227,0.005
-41.9922,-3.58546,0.0143349
-41.9767,-35.5294,0.005
-41.9545,4.40052,0.005
-41.9449,-4.5837,0.0130358
-41.8976,5.39877,0.005
-41.8876,-23.5504,0.106627
-41.8859,-5.58195,0.00516845
-41.87,14.383,0.005
-41.8633,-19.5574,0.0414626
-41.8385,-14.5662,0.0395533
-41.829,6.39701,0.005
-41.8151,-6.5802,0.005
-41.7539,-30.5381,0.005
-41.7485,7.39526,0.005
-41.7324,-7.57844,0.005
-41.7235,-38.5241,0.005
-41.7222,-27.5434,0.005
-41.6799,-33.5329,0.005
-41.6592,-15.5644,0.041408
-41.656,8.39351,0.005
-41.6377,-8.57669,0.005
-41.62,-20.5557,0.0438083
-41.5902,-24.5486,0.10712
-41.5513,9.39176,0.005
-41.5308,-9.57494,0.005
-41.4919,-36.5276,0.005
-41.4664,-16.5627,0.041442
-41.4344,10.39,0.005
-41.4116,-10.5732,0.005
-41.3654,-28.5416,0.005
-41.3618,-21.5539,0.0562637
-41.351,-31.5364,0.005
-41.3049,11.3882,0.005
-41.2798,-11.5714,0.005
-41.2762,-25.5469,0.033542
-41.2598,-17.5609,0.0414483
-41.2264,-34.5311,0.005
-41.1628,12.3865,0.005
-41.1353,-12.5697,0.00731621
-41.0882,-22.5521,0.105335
-41.0674,0.407533,0.005
-41.0663,-0.590714,0.005
-41.0566,1.40578,0.005
-41.0534,-1.58896,0.00567481
-41.0391,-18.5592,0.0415642
-41.0341,2.40403,0.005
-41.0287,-2.58721,0.0195593
-41.0077,13.3847,0.005
-40.9996,3.40227,0.005
-40.992,-3.58546,0.104673
-40.9899,-29.5399,0.005
-40.9827,-37.5259,0.005
-40.9778,-13.5679,0.0247058
-40.9533,4.40052,0.005
-40.9452,-26.5451,0.00703573
-40.9435,-4.5837,0.0565291
-40.9274,-32.5346,0.005
-40.8949,5.39877,0.005
-40.8829,-5.58195,0.0133568
-40.8395,14.383,0.005
-40.8245,6.39701,0.005
-40.8103,-6.5802,0.005
-40.8071,-14.5662,0.0381008
-40.804,-19.5574,0.0443956
-40.7987,-23.5504,0.10868
-40.7501,-35.5294,0.005
-40.7419,7.39526,0.005
-40.7254,-7.57844,0.005
-40.6469,8.39351,0.005
-40.6282,-8.57669,0.005
-40.6229,-15.5644,0.0414026
-40.5963,-27.5434,0.005
-40.595,-30.5381,0.005
-40.5539,-20.5557,0.0608347
-40.5395,9.39176,0.005
-40.5185,-9.57494,0.005
-40.4928,-24.5486,0.0822816
-40.4824,-33.5329,0.005
-40.4476,-38.5241,0.005
-40.4249,-16.5627,0.0414339
-40.4195,10.39,0.005
-40.3961,-10.5732,0.005
-40.2885,-21.5539,0.106444
-40.2866,11.3882,0.005
-40.2609,-11.5714,0.0100854
-40.2497,-36.5276,0.005
-40.229,-28.5416,0.005
-40.2128,-17.5609,0.0413881
-40.1798,-31.5364,0.005
-40.1699,-25.5469,0.0139516
-40.1407,12.3865,0.005
-40.1125,-12.5697,0.0473712
-40.0691,0.407533,0.005
-40.068,-0.590714,0.005
-40.0581,1.40578,0.005
-40.0548,-1.58896,0.00883959
-40.035,2.40403,0.005
-40.0294,-2.58721,0.0831905
-40.0148,-34.5311,0.005
-40.0073,-22.5521,0.109117
-39.9996,3.40227,0.005
-39.9918,-3.58546,0.110122
-39.9861,-18.5592,0.0424994
-39.9816,13.3847,0.005
-39.9521,4.40052,0.005
-39.9509,-13.5679,0.0510513
-39.942,-4.5837,0.10956
-39.8922,5.39877,0.005
-39.8799,-5.58195,0.0299271
-39.8425,-29.5399,0.005
-39.8293,-26.5451,0.005
-39.82,6.39701,0.005
-39.8089,14.383,0.005
-39.8054,-6.5802,0.00975513
-39.7757,-14.5662,0.031631
-39.7446,-19.5574,0.0555022
-39.7434,-32.5346,0.005
-39.7353,7.39526,0.005
-39.724,-37.5259,0.005
-39.7183,-7.57844,0.005
-39.7098,-23.5504,0.102741
-39.6379,8.39351,0.005
-39.6186,-8.57669,0.005
-39.5867,-15.5644,0.04114
-39.5277,9.39176,0.005
-39.5236,-35.5294,0.005
-39.5061,-9.57494,0.00606333
-39.4878,-20.5557,0.107207
-39.4705,-27.5434,0.005
-39.436,-30.5381,0.005
-39.4046,10.39,0.005
-39.3953,-24.5486,0.0224758
-39.3835,-16.5627,0.0407945
-39.3806,-10.5732,0.0152191
-39.2849,-33.5329,0.005
-39.2683,11.3882,0.005
-39.2419,-11.5714,0.0506296
-39.2152,-21.5539,0.109248
-39.1717,-38.5241,0.005
-39.1658,-17.5609,0.0165086
-39.1187,12.3865,0.005
-39.0927,-28.5416,0.005
-39.0898,-12.5697,0.0513281
-39.0708,0.407533,0.005
-39.0697,-0.590714,0.005
-39.0635,-25.5469,0.005
-39.0596,1.40578,0.005
-39.0561,-1.58896,0.00694759
-39.0358,2.40403,0.005
-39.0301,-2.58721,0.0260473
-39.0086,-31.5364,0.005
-39.0075,-36.5276,0.005
-38.9996,3.40227,0.005
-38.9916,-3.58546,0.109729
-38.9555,13.3847,0.005
-38.9509,4.40052,0.005
-38.9406,-4.5837,0.110082
-38.9332,-18.5592,0.01673
-38.9264,-22.5521,0.104776
-38.924,-13.5679,0.0511704
-38.8895,5.39877,0.005
-38.8769,-5.58195,0.107478
-38.8155,6.39701,0.005
-38.8031,-34.5311,0.005
-38.8005,-6.5802,0.0196004
-38.7784,14.383,0.005
-38.7443,-14.5662,0.0137535
-38.7286,7.39526,0.005
-38.7135,-26.5451,0.005
-38.7113,-7.57844,0.00638378
-38.6952,-29.5399,0.005
-38.6853,-19.5574,0.0977894
-38.6288,8.39351,0.005
-38.6208,-23.5504,0.028924
-38.6091,-8.57669,0.00851236
-38.5594,-32.5346,0.005
-38.5505,-15.5644,0.00770332
-38.5159,9.39176,0.005
-38.4938,-9.57494,0.0333405
-38.4654,-37.5259,0.005
-38.4217,-20.5557,0.109007
-38.3897,10.39,0.005
-38.3651,-10.5732,0.0512003
-38.3447,-27.5434,0.005
-38.342,-16.5627,0.0057594
-38.2979,-24.5486,0.00702018
-38.297,-35.5294,0.005
-38.277,-30.5381,0.005
-38.2501,11.3882,0.005
-38.2229,-11.5714,0.051372
-38.1419,-21.5539,0.105791
-38.1187,-17.5609,0.005
-38.0967,12.3865,0.005
-38.0873,-33.5329,0.005
-38.0726,0.407533,0.005
-38.0714,-0.590714,0.005
-38.067,-12.5697,0.0513339
-38.061,1.40578,0.005
-38.0575,-1.58896,0.005
-38.0367,2.40403,0.005
-38.0309,-2.58721,0.0148355
-37.9996,3.40227,0.005
-37.9914,-3.58546,0.102265
-37.9571,-25.5469,0.005
-37.9564,-28.5416,0.005
-37.9497,4.40052,0.005
-37.9391,-4.5837,0.110097
-37.9294,13.3847,0.005
-37.8971,-13.5679,0.0505571
-37.8869,5.39877,0.005
-37.8802,-18.5592,0.0176143
-37.8739,-5.58195,0.110109
-37.8455,-22.5521,0.0329459
-37.8374,-31.5364,0.005
-37.811,6.39701,0.005
-37.7957,-6.5802,0.0419945
-37.7653,-36.5276,0.005
-37.7478,14.383,0.005
-37.722,7.39526,0.005
-37.713,-14.5662,0.00964947
-37.7043,-7.57844,0.0156269
-37.6259,-19.5574,0.0979783
-37.6198,8.39351,0.005
-37.5996,-8.57669,0.0497268
-37.5976,-26.5451,0.005
-37.5914,-34.5311,0.005
-37.5478,-29.5399,0.005
-37.5319,-23.5504,0.00883659
-37.5142,-15.5644,0.005
-37.5041,9.39176,0.005
-37.4814,-9.57494,0.0513229
-37.3754,-32.5346,0.005
-37.3748,10.39,0.005
-37.3556,-20.5557,0.106012
-37.3496,-10.5732,0.0513842
-37.3006,-16.5627,0.005
-37.2318,11.3882,0.005
-37.2189,-27.5434,0.005
-37.2068,-37.5259,0.005
-37.204,-11.5714,0.0513345
-37.2005,-24.5486,0.005
-37.1181,-30.5381,0.005
-37.0747,12.3865,0.005
-37.0743,0.407533,0.005
-37.0731,-0.590714,0.005
-37.0717,-17.5609,0.005
-37.0704,-35.5294,0.005
-37.0687,-21.5539,0.0368855
-37.0625,1.40578,0.005
-37.0589,-1.58896,0.005
-37.0443,-12.5697,0.0489563
-37.0376,2.40403,0.005
-37.0316,-2.58721,0.00861396
-36.9996,3.40227,0.005
-36.9912,-3.58546,0.031444
-36.9485,4.40052,0.005
-36.9377,-4.5837,0.109874
-36.9033,13.3847,0.005
-36.8898,-33.5329,0.005
-36.8842,5.39877,0.005
-36.8709,-5.58195,0.110192
-36.8702,-13.5679,0.0103338
-36.8507,-25.5469,0.005
-36.8272,-18.5592,0.0155975
-36.8201,-28.5416,0.005
-36.8065,6.39701,0.005
-36.7908,-6.5802,0.106119
-36.7646,-22.5521,0.0102129
-36.7173,14.383,0.005
-36.7154,7.39526,0.005
-36.6972,-7.57844,0.0518552
-36.6816,-14.5662,0.005
-36.6662,-31.5364,0.005
-36.6107,8.39351,0.005
-36.59,-8.57669,0.0513396
-36.5666,-19.5574,0.0931903
-36.5231,-36.5276,0.005
-36.4923,9.39176,0.005
-36.4818,-26.5451,0.005
-36.478,-15.5644,0.005
-36.4691,-9.57494,0.0513656
-36.443,-23.5504,0.005
-36.4005,-29.5399,0.005
-36.3797,-34.5311,0.005
-36.36,10.39,0.005
-36.3341,-10.5732,0.0512559
-36.2895,-20.5557,0.0383737
-36.2591,-16.5627,0.005
-36.2135,11.3882,0.005
-36.1913,-32.5346,0.005
-36.185,-11.5714,0.036615
-36.1031,-24.5486,0.005
-36.0931,-27.5434,0.005
-36.076,0.407533,0.005
-36.0748,-0.590714,0.005
-36.0639,1.40578,0.005
-36.0602,-1.58896,0.005
-36.0526,12.3865,0.005
-36.0384,2.40403,0.005
-36.0323,-2.58721,0.005
-36.0247,-17.5609,0.005
-36.0215,-12.5697,0.00811792
-35.9996,3.40227,0.005
-35.9954,-21.5539,0.0112471
-35.991,-3.58546,0.0169208
-35.9591,-30.5381,0.005
-35.9482,-37.5259,0.005
-35.9473,4.40052,0.005
-35.9362,-4.5837,0.106567
-35.8815,5.39877,0.005
-35.8771,13.3847,0.005
-35.8679,-5.58195,0.110184
-35.8439,-35.5294,0.005
-35.8433,-13.5679,0.005
-35.802,6.39701,0.005
-35.7859,-6.5802,0.109928
-35.7742,-18.5592,0.00841525
-35.7443,-25.5469,0.005
-35.7088,7.39526,0.005
-35.6923,-33.5329,0.005
-35.6902,-7.57844,0.0497318
-35.6868,14.383,0.005
-35.6838,-28.5416,0.005
-35.6838,-22.5521,0.005
-35.6502,-14.5662,0.005
-35.6017,8.39351,0.005
-35.5805,-8.57669,0.0514274
-35.5072,-19.5574,0.0152868
-35.495,-31.5364,0.005
-35.4805,9.39176,0.005
-35.4567,-9.57494,0.050945
-35.4417,-15.5644,0.005
-35.3659,-26.5451,0.005
-35.3541,-23.5504,0.005
-35.3451,10.39,0.005
-35.3187,-10.5732,0.0181305
-35.2809,-36.5276,0.005
-35.2531,-29.5399,0.005
-35.2234,-20.5557,0.00889577
-35.2177,-16.5627,0.005
-35.1952,11.3882,0.005
-35.1681,-34.5311,0.005
-35.1661,-11.5714,0.0063675
-35.0777,0.407533,0.005
-35.0765,-0.590714,0.005
-35.0654,1.40578,0.005
-35.0616,-1.58896,0.005
-35.0393,2.40403,0.005
-35.0331,-2.58721,0.005
-35.0306,12.3865,0.005
-35.0073,-32.5346,0.005
-35.0056,-24.5486,0.005
-34.9996,3.40227,0.005
-34.9988,-12.5697,0.005
-34.9908,-3.58546,0.00993342
-34.9776,-17.5609,0.005
-34.9673,-27.5434,0.005
-34.9461,4.40052,0.005
-34.9348,-4.5837,0.039113
-34.9221,-21.5539,0.005
-34.8788,5.39877,0.005
-34.8649,-5.58195,0.109132
-34.851,13.3847,0.005
-34.8164,-13.5679,0.005
-34.8001,-30.5381,0.005
-34.7975,6.39701,0.005
-34.7811,-6.5802,0.108617
-34.7212,-18.5592,0.005
-34.7022,7.39526,0.005
-34.6896,-37.5259,0.005
-34.6831,-7.57844,0.0772205
-34.6562,14.383,0.005
-34.6379,-25.5469,0.005
-34.6188,-14.5662,0.005
-34.6173,-35.5294,0.005
-34.6029,-22.5521,0.005
-34.5926,8.39351,0.005
-34.571,-8.57669,0.0496634
-34.5475,-28.5416,0.005
-34.4948,-33.5329,0.005
-34.4687,9.39176,0.005
-34.4479,-19.5574,0.005
-34.4444,-9.57494,0.0118293
-34.4055,-15.5644,0.005
-34.3302,10.39,0.005
-34.3239,-31.5364,0.005
-34.3032,-10.5732,0.005
-34.2651,-23.5504,0.005
-34.2501,-26.5451,0.005
-34.1769,11.3882,0.005
-34.1762,-16.5627,0.005
-34.1573,-20.5557,0.005
-34.1471,-11.5714,0.005
-34.1058,-29.5399,0.005
-34.0795,0.407533,0.005
-34.0782,-0.590714,0.005
-34.0668,1.40578,0.005
-34.063,-1.58896,0.005
-34.0402,2.40403,0.005
-34.0388,-36.5276,0.005
-34.0338,-2.58721,0.005
-34.0086,12.3865,0.005
-33.9996,3.40227,0.005
-33.9906,-3.58546,0.005
-33.976,-12.5697,0.005
-33.9564,-34.5311,0.005
-33.9449,4.40052,0.005
-33.9333,-4.5837,0.0120526
-33.9306,-17.5609,0.005
-33.9082,-24.5486,0.005
-33.8761,5.39877,0.005
-33.8619,-5.58195,0.0173783
-33.8488,-21.5539,0.005
-33.8414,-27.5434,0.005
-33.8249,13.3847,0.005
-33.8233,-32.5346,0.005
-33.793,6.39701,0.005
-33.7895,-13.5679,0.005
-33.7762,-6.5802,0.0161631
-33.6955,7.39526,0.005
-33.6761,-7.57844,0.0117868
-33.6682,-18.5592,0.005
-33.6411,-30.5381,0.005
-33.5874,-14.5662,0.005
-33.5836,8.39351,0.005
-33.5614,-8.57669,0.00748884
-33.5315,-25.5469,0.005
-33.522,-22.5521,0.005
-33.4569,9.39176,0.005
-33.432,-9.57494,0.005
-33.4309,-37.5259,0.005
-33.4112,-28.5416,0.005
-33.3908,-35.5294,0.005
-33.3885,-19.5574,0.005
-33.3693,-15.5644,0.005
-33.3153,10.39,0.005
-33.2973,-33.5329,0.005
-33.2877,-10.5732,0.005
-33.1762,-23.5504,0.005
-33.1586,11.3882,0.005
-33.1527,-31.5364,0.005
-33.1348,-16.5627,0.005
-33.1342,-26.5451,0.005
-33.1282,-11.5714,0.005
-33.0911,-20.5557,0.005
-33.0812,0.407533,0.005
-33.0799,-0.590714,0.005
-33.0683,1.40578,0.005
-33.0643,-1.58896,0.005
-33.0411,2.40403,0.005
-33.0345,-2.58721,0.005
-32.9996,3.40227,0.005
-32.9904,-3.58546,0.005
-32.9865,12.3865,0.005
-32.9584,-29.5399,0.005
-32.9533,-12.5697,0.005
-32.9437,4.40052,0.005
-32.9319,-4.5837,0.005
-32.8836,-17.5609,0.005
-32.8734,5.39877,0.005
-32.8589,-5.58195,0.005
-32.8108,-24.5486,0.005
-32.7988,13.3847,0.005
-32.7966,-36.5276,0.005
-32.7885,6.39701,0.005
-32.7755,-21.5539,0.005
-32.7713,-6.5802,0.005
-32.7626,-13.5679,0.005
-32.7447,-34.5311,0.005
-32.7156,-27.5434,0.005
-32.6889,7.39526,0.005
-32.6691,-7.57844,0.005
-32.6393,-32.5346,0.005
-32.6152,-18.5592,0.005
-32.5745,8.39351,0.005
-32.556,-14.5662,0.005
-32.5519,-8.57669,0.005
-32.4822,-30.5381,0.005
-32.4451,9.39176,0.005
-32.4411,-22.5521,0.005
-32.4251,-25.5469,0.005
-32.4197,-9.57494,0.005
-32.333,-15.5644,0.005
-32.3292,-19.5574,0.005
-32.3004,10.39,0.005
-32.2749,-28.5416,0.005
-32.2722,-10.5732,0.005
-32.1642,-35.5294,0.005
-32.1403,11.3882,0.005
-32.1092,-11.5714,0.005
-32.0998,-33.5329,0.005
-32.0933,-16.5627,0.005
-32.0873,-23.5504,0.005
-32.0829,0.407533,0.005
-32.0816,-0.590714,0.005
-32.0697,1.40578,0.005
-32.0657,-1.58896,0.005
-32.0419,2.40403,0.005
-32.0353,-2.58721,0.005
-32.025,-20.5557,0.005
-32.0184,-26.5451,0.005
-31.9996,3.40227,0.005
-31.9902,-3.58546,0.005
-31.9815,-31.5364,0.005
-31.9645,12.3865,0.005
-31.9425,4.40052,0.005
-31.9305,-12.5697,0.005
-31.9304,-4.5837,0.005
-31.8707,5.39877,0.005
-31.8559,-5.58195,0.005
-31.8365,-17.5609,0.005
-31.811,-29.5399,0.005
-31.784,6.39701,0.005
-31.7727,13.3847,0.005
-31.7665,-6.5802,0.005
-31.7357,-13.5679,0.005
-31.7134,-24.5486,0.005
-31.7022,-21.5539,0.005
-31.6823,7.39526,0.005
-31.662,-7.57844,0.005
-31.5898,-27.5434,0.005
-31.5655,8.39351,0.005
-31.5622,-18.5592,0.005
-31.5544,-36.5276,0.005
-31.5424,-8.57669,0.005
-31.5331,-34.5311,0.005
-31.5246,-14.5662,0.005
-31.4553,-32.5346,0.005
-31.4333,9.39176,0.005
-31.4073,-9.57494,0.005
-31.3602,-22.5521,0.005
-31.3232,-30.5381,0.005
-31.3187,-25.5469,0.005
-31.2968,-15.5644,0.005
-31.2855,10.39,0.005
-31.2698,-19.5574,0.005
-31.2567,-10.5732,0.005
-31.1385,-28.5416,0.005
-31.122,11.3882,0.005
-31.0903,-11.5714,0.005
-31.0847,0.407533,0.005
-31.0833,-0.590714,0.005
-31.0712,1.40578,0.005
-31.0671,-1.58896,0.005
-31.0519,-16.5627,0.005
-31.0428,2.40403,0.005
-31.036,-2.58721,0.005
-30.9996,3.40227,0.005
-30.9984,-23.5504,0.005
-30.99,-3.58546,0.005
-30.9589,-20.5557,0.005
-30.9425,12.3865,0.005
-30.9413,4.40052,0.005
-30.9376,-35.5294,0.005
-30.929,-4.5837,0.005
-30.9077,-12.5697,0.005
-30.9025,-26.5451,0.005
-30.9023,-33.5329,0.005
-30.868,5.39877,0.005
-30.8529,-5.58195,0.005
-30.8103,-31.5364,0.005
-30.7895,-17.5609,0.005
-30.7795,6.39701,0.005
-30.7616,-6.5802,0.005
-30.7466,13.3847,0.005
-30.7088,-13.5679,0.005
-30.6757,7.39526,0.005
-30.6637,-29.5399,0.005
-30.655,-7.57844,0.005
-30.629,-21.5539,0.005
-30.616,-24.5486,0.005
-30.5564,8.39351,0.005
-30.5328,-8.57669,0.005
-30.5092,-18.5592,0.005
-30.4932,-14.5662,0.005
-30.464,-27.5434,0.005
-30.4215,9.39176,0.005
-30.395,-9.57494,0.005
-30.3214,-34.5311,0.005
-30.3122,-36.5276,0.005
-30.2793,-22.5521,0.005
-30.2713,-32.5346,0.005
-30.2706,10.39,0.005
-30.2605,-15.5644,0.005
-30.2412,-10.5732,0.005
-30.2123,-25.5469,0.005
-30.2105,-19.5574,0.005
-30.1642,-30.5381,0.005
-30.1037,11.3882,0.005
-30.0864,0.407533,0.005
-30.085,-0.590714,0.005
-30.0726,1.40578,0.005
-30.0713,-11.5714,0.005
-30.0685,-1.58896,0.005
-30.0437,2.40403,0.005
-30.0367,-2.58721,0.005
-30.0104,-16.5627,0.005
-30.0022,-28.5416,0.005
